Index,demand
0,0.04566884
1,0.03167646
2,0.02823249
3,0.04794034
4,0.05771116
5,0.014432667
6,0.034104142
7,0.09589509
8,0.03359041
9,0.07412412
10,0.04748213
11,0.2400938
12,0.20168296
13,0.046309575
14,0.16794538
15,0.066719785
16,0.18500337
17,0.07952732
18,0.14059547
19,0.058275487
20,0.013814312
21,0.033682704
22,0.13358958
23,0.029834097
24,0.5201565
25,0.12618558
26,0.04921587
27,0.13665304
28,0.06261751
29,0.012440938
30,0.025929948
31,0.042063672
32,0.032726835
33,0.0956638
34,0.29866
35,0.40049273
36,0.04767982
37,0.06775965
38,0.10437349
39,0.14425759
40,0.00918962
41,0.007792458
42,0.022224905
43,0.055738926
44,0.03786202
45,0.06092653
46,0.08410186
47,0.40682703
48,0.11350587
49,0.14246681
50,0.29866
51,0.10286846
52,0.023566308
53,0.19808163
54,0.018009005
55,0.05634863
56,0.18776567
57,0.048442453
58,0.044885345
59,0.03187806
60,0.0655278
61,0.08959491
62,0.099990055
63,0.10385222
64,0.034825414
65,0.3894472
66,0.030134669
67,0.05495738
68,0.058480646
69,0.06949601
70,0.03109689
71,0.036533643
72,0.005742603
73,0.04466426
74,0.095874645
75,0.025724562
76,0.0573231
77,0.15230803
78,0.17101376
79,0.050844878
80,0.034942027
81,0.014816089
82,0.015293756
83,0.1913909
84,0.09771964
85,0.071618535
86,0.15728183
87,0.40721226
88,0.06572658
89,0.048295766
90,0.016533792
91,0.032831356
92,0.086157985
93,0.16805209
94,0.19658488
95,0.01788319
96,0.019428711
97,0.043617565
98,0.010629378
99,0.008517384
100,0.030753281
101,0.024096195
102,0.03034749
103,0.16199653
104,0.040228643
105,0.0583343
106,0.038257945
107,0.1289262
108,0.38997552
109,0.08011638
110,0.021483557
111,0.022539135
112,0.037190773
113,0.056028962
114,0.025977582
115,0.09424472
116,0.1368078
117,0.08743189
118,0.09163093
119,0.05831833
120,0.03082294
121,0.030078348
122,0.030326128
123,0.031786997
124,0.004053165
125,0.07566281
126,0.05257029
127,0.11272417
128,0.014827314
129,0.031448413
130,0.02576617
131,0.01966357
132,0.015292369
133,0.024044467
134,0.035773877
135,0.024051016
136,0.056805685
137,0.18354219
138,0.23335703
139,0.03739242
140,0.03438979
141,0.08208858
142,0.062460646
143,0.014473755
144,0.054356027
145,0.015197151
146,0.012730298
147,0.030341366
148,0.1437969
149,0.024585979
150,0.02384956
151,0.029960075
152,0.054878846
153,0.05835196
154,0.10817983
155,0.090203635
156,0.17890151
157,0.057620354
158,0.034261916
159,0.019540427
160,0.049881645
161,0.039883725
162,0.104735844
163,0.042668674
164,0.37744772
165,0.08938724
166,0.022490133
167,0.09459621
168,0.046474032
169,0.047486152
170,0.021548243
171,0.01682949
172,0.00958841
173,0.055187803
174,0.01971257
175,0.021103118
176,0.0663595
177,0.039878022
178,0.06131329
179,0.056985747
180,0.08236231
181,0.15370038
182,0.35091347
183,0.054871943
184,0.024012791
185,0.065539666
186,0.016642913
187,0.034274403
188,0.008813907
189,0.069587074
190,0.048422165
191,0.09862727
192,0.0368803
193,0.08290072
194,0.034316428
195,0.054960895
196,0.019627066
197,0.021206006
198,0.10849296
199,0.030146359
200,0.06006313
201,0.031237753
202,0.009669284
203,0.023994913
204,0.030237187
205,0.0551336
206,0.060157664
207,0.09413169
208,0.07809573
209,0.13979398
210,0.09831077
211,0.10273843
212,0.012322458
213,0.07161937
214,0.047594853
215,0.009499533
216,0.036841407
217,0.069350235
218,0.030131482
219,0.022569658
220,0.04289803
221,0.03415885
222,0.012737367
223,0.050778624
224,0.0671861
225,0.03097532
226,0.049687248
227,0.02388086
228,0.030025408
229,0.059461538
230,0.032098472
231,0.088850774
232,0.05579239
233,0.10372464
234,0.31847042
235,0.08007346
236,0.08998367
237,0.054936387
238,0.06005459
239,0.057898942
240,0.06870589
241,0.04473509
242,0.02126835
243,0.23893002
244,0.058219843
245,0.06509724
246,0.056589644
247,0.0665756
248,0.020422656
249,0.025275063
250,0.008517384
251,0.021533836
252,0.022283554
253,0.035106596
254,0.18782212
255,0.05972073
256,0.037925083
257,0.08330138
258,0.47968328
259,0.070486784
260,0.0146468235
261,0.15248705
262,0.05384279
263,0.30689305
264,0.17967778
265,0.058938384
266,0.022081971
267,0.042818785
268,0.043132544
269,0.08022091
270,0.2220053
271,0.035144698
272,0.31032264
273,0.06920564
274,0.05955606
275,0.015292369
276,0.022064865
277,0.045299727
278,0.056920625
279,0.01550535
280,0.0942641
281,0.21199518
282,0.120074116
283,0.066013806
284,0.030115325
285,0.08924617
286,0.1396334
287,0.23245634
288,0.049756456
289,0.04863843
290,0.023631332
291,0.05904914
292,0.38026026
293,0.03324231
294,0.14033729
295,0.2570216
296,0.24329273
297,0.012807549
298,0.020500245
299,0.034356456
300,0.04654471
301,0.13959593
302,0.23214784
303,0.057671227
304,0.06845645
305,0.23382024
306,0.1940872
307,0.100552686
308,0.23018041
309,0.31506336
310,0.064335644
311,0.021425523
312,0.043846697
313,0.07740048
314,0.048205357
315,0.18378274
316,0.67471683
317,0.005423594
318,0.037388578
319,0.3303243
320,0.014825201
321,0.04084485
322,0.22928391
323,0.012880759
324,0.041988797
325,0.059537813
326,0.017047362
327,0.03575266
328,0.19506633
329,0.03549536
330,0.061279386
331,0.15943165
332,0.10883294
333,0.22868688
334,0.24134585
335,0.17375137
336,0.026043894
337,0.23691525
338,0.121223725
339,0.098513685
340,0.6557516
341,0.35826758
342,0.25979647
343,0.023981376
344,0.111793116
345,0.054554384
346,0.025533082
347,0.011598117
348,0.020278715
349,0.049969412
350,0.007006427
351,0.01075241
352,0.028635975
353,0.055294417
354,0.07924836
355,0.067158714
356,0.07589836
357,0.0693628
358,0.102295205
359,0.08027338
360,0.02576617
361,0.08892291
362,0.22566713
363,0.020309238
364,0.048702214
365,0.63879067
366,0.66728175
367,0.3800629
368,0.0059340564
369,0.024138767
370,0.01767811
371,0.072518714
372,0.27686977
373,0.06630961
374,0.01767811
375,0.056336932
376,0.025930975
377,0.047846563
378,0.05548354
379,0.04035332
380,0.011655951
381,0.23339863
382,0.01767811
383,0.027468918
384,0.07659008
385,0.08056402
386,0.044985477
387,0.042491518
388,0.110800095
389,0.067704104
390,0.023252688
391,0.098935746
392,0.08121809
393,0.084667474
394,0.6731891
395,0.6258605
396,0.3711175
397,0.05654631
398,0.024425607
399,0.190472
400,0.07498738
401,0.22336444
402,0.035685994
403,0.0758802
404,0.020981614
405,0.0778343
406,0.08074021
407,0.21916422
408,0.14043826
409,0.3716843
410,0.2542339
411,0.101311475
412,0.10232118
413,0.06503129
414,0.053739045
415,0.09144485
416,0.034805313
417,0.029460995
418,0.023947524
419,0.10656852
420,0.112601995
421,0.056861646
422,0.08813582
423,0.02416525
424,0.64979964
425,0.96167463
426,0.6629825
427,0.07964957
428,0.04286157
429,0.16663113
430,0.1827321
431,0.02552531
432,0.008912986
433,0.017611338
434,0.017038371
435,0.030706588
436,0.079069585
437,0.04081707
438,0.31248263
439,0.5351407
440,0.05497477
441,0.07544115
442,0.06857067
443,0.22796872
444,0.05830395
445,0.16914469
446,0.07951538
447,0.031309336
448,0.08155861
449,0.08156924
450,0.084339835
451,0.041676193
452,0.023866503
453,0.27114832
454,0.3371072
455,0.13055335
456,0.059955943
457,0.025528641
458,0.1494895
459,0.058038786
460,0.2384008
461,0.027688513
462,0.03539181
463,0.035959017
464,0.016845508
465,0.02008664
466,0.034211844
467,0.035625067
468,0.21497193
469,0.4061834
470,0.31604818
471,0.31497565
472,0.087568074
473,0.14687406
474,0.20725982
475,0.36888057
476,0.052164562
477,0.025784867
478,0.03271211
479,0.030441208
480,0.18365401
481,0.1373493
482,0.11009329
483,0.27887347
484,0.23601548
485,0.22767943
486,0.9365917
487,0.10542862
488,0.019746251
489,0.09912221
490,0.23145634
491,0.02141289
492,0.050768547
493,0.3859172
494,0.004027309
495,0.05365218
496,0.031393543
497,0.032845333
498,0.038897295
499,0.1710518
500,0.3131142
501,0.3265048
502,0.3509315
503,0.33226204
504,0.120131664
505,0.11751573
506,0.23196623
507,0.013551085
508,0.024329918
509,0.12902644
510,0.061379176
511,0.0453156
512,0.18853746
513,0.17603773
514,0.38077393
515,0.17558983
516,0.006602366
517,0.06694769
518,0.09147209
519,0.06769751
520,0.045911822
521,0.010699627
522,0.008303311
523,0.014390432
524,0.025863567
525,0.050043527
526,0.07663734
527,0.066028066
528,0.095931135
529,0.34806165
530,0.58471423
531,0.33173242
532,0.31410956
533,0.36299407
534,0.07305031
535,0.019669231
536,0.06191449
537,0.06164036
538,0.10359487
539,0.16531374
540,0.05677707
541,0.025487881
542,0.056390803
543,0.10441427
544,0.02002603
545,0.0021363923
546,0.039036695
547,0.08287608
548,0.022157714
549,0.015573426
550,0.033265077
551,0.021429058
552,0.011721966
553,0.02964485
554,0.056613285
555,0.050033357
556,0.06397333
557,0.22297847
558,0.31714994
559,0.27149868
560,0.40523693
561,0.4141488
562,0.33367187
563,0.08765011
564,0.038342986
565,0.022064865
566,0.04448495
567,0.08761934
568,0.015365313
569,0.029341703
570,0.521393
571,0.04373279
572,0.018252468
573,0.052670635
574,0.043132707
575,0.082327716
576,0.03324231
577,0.042163003
578,0.01731763
579,0.039096277
580,0.014435074
581,0.014763157
582,0.025884815
583,0.07081196
584,0.08133185
585,0.37034348
586,0.3291829
587,0.18103407
588,0.6394605
589,0.3381932
590,0.3650396
591,0.11227111
592,0.03291063
593,0.029714365
594,0.03190076
595,0.041721772
596,0.036860768
597,0.03338934
598,0.059720777
599,0.35965
600,0.07798001
601,0.23525637
602,0.02816191
603,0.08380042
604,0.09378524
605,0.11027852
606,0.24476716
607,0.036978092
608,0.02743207
609,0.03494003
610,0.11563314
611,0.55151767
612,0.31471288
613,0.32642457
614,0.13653219
615,0.32850286
616,0.12524001
617,0.068590716
618,0.039055012
619,0.031718183
620,0.02866231
621,0.09890698
622,0.17734928
623,0.07127436
624,0.2343564
625,0.025151499
626,0.061309766
627,0.17364657
628,0.03487175
629,0.010729262
630,0.09041249
631,0.11518969
632,0.027970778
633,0.19815773
634,0.23247272
635,0.05581488
636,0.071533926
637,0.030395573
638,0.080422096
639,0.06504904
640,0.032653205
641,0.09825745
642,0.14315069
643,0.03491209
644,0.023962788
645,0.01167871
646,0.08863766
647,0.012121572
648,0.015324381
649,0.08141208
650,0.034741715
651,0.03033523
652,0.094320394
653,0.033611882
654,0.037769277
655,0.008002989
656,0.033552323
657,0.1586986
658,0.34527317
659,0.37347767
660,0.08795174
661,0.020094479
662,0.02020019
663,0.02538167
664,0.045028783
665,0.015078479
666,0.05930598
667,0.11213351
668,0.014244962
669,0.027124023
670,0.014824682
671,0.01869486
672,0.061399892
673,0.07555444
674,0.24251436
675,0.014135717
676,0.017805224
677,0.030234087
678,0.058289252
679,0.076595336
680,0.25303918
681,0.08751283
682,0.012419484
683,0.009497733
684,0.11429007
685,0.033889126
686,0.01557169
687,0.060845703
688,0.1037841
689,0.045263246
690,0.020347163
691,0.009701187
692,0.23588967
693,0.014899681
694,0.024511904
695,0.17341988
696,0.05478764
697,0.03429232
698,0.017657248
699,0.025122061
700,0.053267375
701,0.33086982
702,0.030380288
703,0.020046737
704,0.025828714
705,0.037070245
706,0.054164827
707,0.14214802
708,0.055879604
709,0.14514214
710,0.08151978
711,0.027646309
712,0.04089649
713,0.04494289
714,0.026027469
715,0.17242679
716,0.020320702
717,0.0181741
718,0.14261685
719,0.018007455
720,0.06810336
721,0.043870106
722,0.01082928
723,0.24999624
724,0.41850793
725,0.19644144
726,0.07351883
727,0.0674862
728,0.042470075
729,0.07802477
730,0.068792075
731,0.08348412
732,0.933901
733,0.060367014
734,0.015387283
735,0.066221595
736,0.060506076
737,0.031278588
738,0.119471565
739,0.3825442
740,0.059026055
741,0.12224801
742,0.024559043
743,0.061652314
744,0.023681646
745,0.063157335
746,0.025943419
747,0.0051234253
748,0.023936134
749,0.045599617
750,0.05067993
751,0.01989808
752,0.04831412
753,0.017303137
754,0.14806649
755,0.0318422
756,0.035570156
757,0.014416797
758,0.030218843
759,0.06650741
760,0.08860573
761,0.022391528
762,0.046662275
763,0.5528239
764,0.058556225
765,0.083651625
766,0.028980479
767,0.037109964
768,0.040937033
769,0.19671951
770,0.024061602
771,0.016377931
772,0.00979079
773,0.040969465
774,0.08048234
775,0.021729728
776,0.19719787
777,0.036622833
778,0.024049472
779,0.041137006
780,0.23993771
781,0.023158483
782,0.021336798
783,0.02256731
784,0.03822674
785,0.03055303
786,0.24093865
787,0.054910533
788,0.0052940864
789,0.015541607
790,0.060145013
791,0.10874589
792,0.08116051
793,0.061193507
794,0.057611655
795,0.024627058
796,0.04637135
797,0.055999283
798,0.228856
799,0.101936795
800,0.009687382
801,0.030036598
802,0.01419996
803,0.012375384
804,0.01641954
805,0.010953232
806,0.021442993
807,0.008279364
808,0.015530082
809,0.015253272
810,0.015253272
811,0.02413264
812,0.045319855
813,0.044458147
814,0.09301341
815,0.005662703
816,0.009507155
817,0.10282338
818,0.17616817
819,0.09575658
820,0.024765702
821,0.009886225
822,0.01768921
823,0.01973195
824,0.0067982404
825,0.014516565
826,0.0036214644
827,0.014559611
828,0.008760127
829,0.0062287515
830,0.05218367
831,0.0369969
832,0.013274496
833,0.014563396
834,0.008566236
835,0.012835124
836,0.008668144
837,0.079743125
838,0.024413938
839,0.03926339
840,0.008144702
841,0.030036598
842,0.011770014
843,0.06957904
844,0.012322836
845,0.011002278
846,0.010901394
847,0.17660889
848,0.055631153
849,0.05789868
850,0.05806481
851,0.005136436
852,0.06391164
853,0.023845796
854,0.009760793
855,0.06549559
856,0.08164329
857,0.10843166
858,0.03017917
859,0.029987974
860,0.02526953
861,0.024495238
862,0.012775728
863,0.010870358
864,0.011019867
865,0.009698466
866,0.026734022
867,0.009716411
868,0.063049056
869,0.052415423
870,0.03087675
871,0.15624976
872,0.019778453
873,0.025534254
874,0.014892274
875,0.0106685525
876,0.015210228
877,0.042062476
878,0.021050062
879,0.012930674
880,0.024631701
881,0.009487559
882,0.010778249
883,0.13934949
884,0.115607105
885,0.019939687
886,0.07642584
887,0.020140352
888,0.045068413
889,0.030577738
890,0.051256973
891,0.028715242
892,0.057528704
893,0.01431347
894,0.030689264
895,0.034986004
896,0.044537134
897,0.09739219
898,0.03345631
899,0.13231777
900,0.074787386
901,0.146719
902,0.2009499
903,0.023754762
904,0.04645382
905,0.16807833
906,0.07371732
907,0.3565745
908,0.07900317
909,0.13246074
910,0.062574625
911,0.009911687
912,0.014387917
913,0.24562846
914,0.029975723
915,0.5131574
916,0.12961935
917,0.050236896
918,0.13587487
919,0.061989095
920,0.02619515
921,0.042464796
922,0.018420396
923,0.014709862
924,0.10174338
925,0.13204852
926,0.19566254
927,0.40357035
928,0.04481522
929,0.066066325
930,0.027118554
931,0.10496562
932,0.14437722
933,0.02252473
934,0.055074606
935,0.039145127
936,0.062360294
937,0.08191322
938,0.39364672
939,0.11398945
940,0.14938492
941,0.2973749
942,0.109034576
943,0.38790065
944,0.01839675
945,0.057824362
946,0.18537898
947,0.049460568
948,0.04763793
949,0.031230872
950,0.0694057
951,0.081255525
952,0.099212825
953,0.084031254
954,0.03563725
955,0.06802719
956,0.270771
957,0.04479719
958,0.030308548
959,0.054013744
960,0.05763315
961,0.06667219
962,0.030401714
963,0.036696758
964,0.050466795
965,0.086584985
966,0.026134845
967,0.05747809
968,0.15979171
969,0.17388518
970,0.016046045
971,0.002773418
972,0.015583717
973,0.17743362
974,0.17657238
975,0.012942845
976,0.07594074
977,0.17081578
978,0.29222238
979,0.06912038
980,0.05123429
981,0.024205508
982,0.016776668
983,0.0061422763
984,0.035557013
985,0.01096891
986,0.0877933
987,0.26500124
988,0.27962685
989,0.020115001
990,0.043967716
991,0.010823801
992,0.008959175
993,0.02453108
994,0.031401623
995,0.16694362
996,0.018931152
997,0.042153113
998,0.04506662
999,0.025706971
1000,0.13566504
1001,0.39810088
1002,0.006955105
1003,0.07531529
1004,0.022011237
1005,0.022956872
1006,0.037270408
1007,0.05716122
1008,0.0263524
1009,0.09545733
1010,0.1392177
1011,0.08807541
1012,0.089802615
1013,0.0573973
1014,0.010244186
1015,0.030418977
1016,0.030213257
1017,0.03197873
1018,0.0041361284
1019,0.07621402
1020,0.055015024
1021,0.11386347
1022,0.01480751
1023,0.033602264
1024,0.02623797
1025,0.02041059
1026,0.015582329
1027,0.024065794
1028,0.036927313
1029,0.024269113
1030,0.05724416
1031,0.19379278
1032,0.19747569
1033,0.040562168
1034,0.035563663
1035,0.034715377
1036,0.083118476
1037,0.06182543
1038,0.015650403
1039,0.054805003
1040,0.01564866
1041,0.030697254
1042,0.1457259
1043,0.024877617
1044,0.024205817
1045,0.03048863
1046,0.054723766
1047,0.05773657
1048,0.16304201
1049,0.20168163
1050,0.17559725
1051,0.058015145
1052,0.03478298
1053,0.019849671
1054,0.049766384
1055,0.042507358
1056,0.10531912
1057,0.044209145
1058,0.3823965
1059,0.09087255
1060,0.01244881
1061,0.09448245
1062,0.045738753
1063,0.045372315
1064,0.021743802
1065,0.017180482
1066,0.010178475
1067,0.05383834
1068,0.026303418
1069,0.012208706
1070,0.019968892
1071,0.021511963
1072,0.064996235
1073,0.04151175
1074,0.06502982
1075,0.055568088
1076,0.08434308
1077,0.107919
1078,0.3330558
1079,0.055389278
1080,0.024318334
1081,0.06563007
1082,0.016826628
1083,0.036738526
1084,0.024930183
1085,0.06630546
1086,0.048547544
1087,0.10028105
1088,0.04062019
1089,0.08987434
1090,0.037073057
1091,0.056410782
1092,0.031193031
1093,0.020261742
1094,0.020899897
1095,0.11091358
1096,0.010010751
1097,0.029909182
1098,0.05873332
1099,0.030238893
1100,0.009709072
1101,0.009799848
1102,0.024217473
1103,0.031619627
1104,0.05434999
1105,0.060688086
1106,0.09605965
1107,0.08088569
1108,0.14364631
1109,0.100158796
1110,0.10636004
1111,0.012731838
1112,0.06874706
1113,0.011732929
1114,0.048151873
1115,0.009672168
1116,0.038722172
1117,0.07052684
1118,0.031598475
1119,0.022900416
1120,0.044012874
1121,0.035326142
1122,0.0128845265
1123,0.05056152
1124,0.07235963
1125,0.030308548
1126,0.05085041
1127,0.024492998
1128,0.031091085
1129,0.059927545
1130,0.014233431
1131,0.03222055
1132,0.084335364
1133,0.055367626
1134,0.10563513
1135,0.3930022
1136,0.07635674
1137,0.08777147
1138,0.055302523
1139,0.05996149
1140,0.05858343
1141,0.0679031
1142,0.046508167
1143,0.009750871
1144,0.021903025
1145,0.24065416
1146,0.057865065
1147,0.064274035
1148,0.054963022
1149,0.067316316
1150,0.020611905
1151,0.02558431
1152,0.008787749
1153,0.022701291
1154,0.033736292
1155,0.18247662
1156,0.059000984
1157,0.038396165
1158,0.0788512
1159,0.49226648
1160,0.07207585
1161,0.01665566
1162,0.14334048
1163,0.05473853
1164,0.22391109
1165,0.23632874
1166,0.058728486
1167,0.042585216
1168,0.04424739
1169,0.08462136
1170,0.2328582
1171,0.036225133
1172,0.22140087
1173,0.072402485
1174,0.059289284
1175,0.015608794
1176,0.0108833825
1177,0.015695043
1178,0.022668011
1179,0.045828357
1180,0.05690759
1181,0.015582329
1182,0.097023495
1183,0.11681744
1184,0.12041464
1185,0.06659757
1186,0.027254617
1187,0.08872284
1188,0.22574747
1189,0.24004617
1190,0.049815387
1191,0.009750871
1192,0.044950712
1193,0.023648717
1194,0.05836323
1195,0.38747782
1196,0.03351028
1197,0.14411068
1198,0.26396912
1199,0.24615741
1200,0.020783028
1201,0.008789813
1202,0.034795884
1203,0.046906166
1204,0.14095679
1205,0.13296491
1206,0.057525184
1207,0.06271958
1208,0.23159401
1209,0.19114436
1210,0.09754121
1211,0.23456024
1212,0.30730057
1213,0.068260744
1214,0.021831026
1215,0.04383568
1216,0.083472975
1217,0.048795152
1218,0.18129274
1219,0.65853196
1220,0.0052116336
1221,0.038714018
1222,0.32830736
1223,0.014961198
1224,0.042555753
1225,0.23010379
1226,0.015945535
1227,0.012948874
1228,0.044573814
1229,0.06099014
1230,0.01712829
1231,0.037035767
1232,0.00585996
1233,0.18926746
1234,0.035578318
1235,0.059871525
1236,0.16200726
1237,0.10934916
1238,0.23170553
1239,0.32749617
1240,0.24127673
1241,0.026250921
1242,0.23552403
1243,0.1205309
1244,0.097937584
1245,0.651919
1246,0.35730523
1247,0.26442805
1248,0.005774593
1249,0.024391659
1250,0.115688674
1251,0.05439263
1252,0.025342053
1253,0.022509066
1254,0.011857226
1255,0.05103087
1256,0.010572396
1257,0.030589668
1258,0.050864942
1259,0.07935859
1260,0.0677283
1261,0.07507786
1262,0.071078
1263,0.10323018
1264,0.08223086
1265,0.026176453
1266,0.09103411
1267,0.22312595
1268,0.02071952
1269,0.04894395
1270,0.6736387
1271,0.6549805
1272,0.38758224
1273,0.00585996
1274,0.024780361
1275,0.018088393
1276,0.072917394
1277,0.27872953
1278,0.065859914
1279,0.018312786
1280,0.056271456
1281,0.008829357
1282,0.048790455
1283,0.055400066
1284,0.040456686
1285,0.010976787
1286,0.23686971
1287,0.018167915
1288,0.028355205
1289,0.07700273
1290,0.080698796
1291,0.04527616
1292,0.043354362
1293,0.11215573
1294,0.0690147
1295,0.024930183
1296,0.0997701
1297,0.081523694
1298,0.083214946
1299,0.6871456
1300,0.6350481
1301,0.3776851
1302,0.015561477
1303,0.05576567
1304,0.02440353
1305,0.24411565
1306,0.07423787
1307,0.168207
1308,0.03671171
1309,0.07539063
1310,0.02161629
1311,0.07720181
1312,0.08249273
1313,0.2237843
1314,0.14229836
1315,0.37835735
1316,0.26028454
1317,0.1014513
1318,0.1023958
1319,0.0660587
1320,0.05489193
1321,0.09083547
1322,0.035764303
1323,0.030200442
1324,0.024223762
1325,0.10826197
1326,0.112615764
1327,0.05567408
1328,0.087785244
1329,0.024773378
1330,0.65264356
1331,0.9404849
1332,0.66307825
1333,0.04505396
1334,0.16744184
1335,0.25428164
1336,0.02618939
1337,0.017926082
1338,0.017457645
1339,0.031174233
1340,0.07539063
1341,0.041931916
1342,0.31369564
1343,0.5663634
1344,0.05688136
1345,0.07668443
1346,0.06538889
1347,0.12707491
1348,0.058611307
1349,0.29647508
1350,0.08187336
1351,0.031499084
1352,0.079875104
1353,0.081913084
1354,0.0825335
1355,0.042285245
1356,0.36717665
1357,0.3420632
1358,0.12999408
1359,0.060752656
1360,0.026022097
1361,0.087731786
1362,0.011787041
1363,0.05869013
1364,0.17524557
1365,0.028057797
1366,0.035622757
1367,0.037242122
1368,0.017312774
1369,0.02017656
1370,0.035432175
1371,0.036908172
1372,0.30921936
1373,0.4223164
1374,0.31998652
1375,0.24359195
1376,0.08808981
1377,0.14989252
1378,0.22351645
1379,0.373544
1380,0.05141754
1381,0.026471157
1382,0.0312731
1383,0.030130787
1384,0.11505564
1385,0.22957072
1386,0.11147045
1387,0.27874878
1388,0.2376293
1389,0.22845982
1390,0.9388998
1391,0.10740091
1392,0.020261742
1393,0.096681364
1394,0.14120992
1395,0.022873415
1396,0.05175589
1397,0.38848433
1398,0.054284137
1399,0.031072414
1400,0.03266023
1401,0.03889055
1402,0.1043473
1403,0.32055327
1404,0.23979072
1405,0.35219002
1406,0.32856017
1407,0.121020354
1408,0.19665356
1409,0.23565964
1410,0.02455687
1411,0.12567016
1412,0.05903108
1413,0.045884438
1414,0.26338598
1415,0.23078273
1416,0.049594887
1417,0.38736913
1418,0.23511326
1419,0.0060098493
1420,0.06969772
1421,0.090162136
1422,0.061991613
1423,0.046787973
1424,0.011171294
1425,0.008593272
1426,0.014799582
1427,0.026403636
1428,0.05103087
1429,0.074034
1430,0.06687031
1431,0.098856494
1432,0.33910775
1433,0.5903231
1434,0.34415337
1435,0.3122058
1436,0.37631038
1437,0.075070836
1438,0.020032974
1439,0.06116368
1440,0.06085837
1441,0.105682395
1442,0.16866654
1443,0.05599643
1444,0.025729196
1445,0.055459946
1446,0.10824515
1447,0.020843849
1448,0.03898515
1449,0.07921261
1450,0.015650403
1451,0.03348145
1452,0.021831026
1453,0.022644835
1454,0.01182865
1455,0.031068297
1456,0.05717732
1457,0.049930327
1458,0.0643247
1459,0.22701278
1460,0.23612182
1461,0.2669858
1462,0.43583143
1463,0.40725094
1464,0.34484777
1465,0.08562447
1466,0.03962609
1467,0.021929786
1468,0.045172002
1469,0.08898941
1470,0.015527774
1471,0.030227857
1472,0.56462413
1473,0.0448018
1474,0.018335203
1475,0.05381195
1476,0.046719037
1477,0.08201961
1478,0.033560533
1479,0.043824278
1480,0.017017767
1481,0.039870422
1482,0.024835315
1483,0.07323779
1484,0.07818692
1485,0.38261032
1486,0.3304418
1487,0.17453292
1488,0.6466482
1489,0.33972725
1490,0.3593205
1491,0.11278052
1492,0.034303628
1493,0.031447757
1494,0.031898655
1495,0.043767914
1496,0.037507612
1497,0.031681694
1498,0.059519984
1499,0.35839805
1500,0.08041696
1501,0.31158617
1502,0.028313225
1503,0.08378103
1504,0.09367975
1505,0.107310355
1506,0.14055818
1507,0.040023405
1508,0.035743073
1509,0.19849119
1510,0.5628137
1511,0.31500116
1512,0.37737986
1513,0.13348582
1514,0.33041623
1515,0.1252861
1516,0.06507248
1517,0.02417693
1518,0.03351107
1519,0.029004145
1520,0.09802243
1521,0.17198868
1522,0.07485639
1523,0.23496827
1524,0.025441056
1525,0.06283929
1526,0.1746674
1527,0.036484916
1528,0.010853869
1529,0.08977973
1530,0.11524416
1531,0.028142646
1532,0.20025396
1533,0.14492877
1534,0.058897518
1535,0.0735494
1536,0.030801423
1537,0.082433335
1538,0.06314875
1539,0.03158033
1540,0.09909678
1541,0.14333145
1542,0.037458446
1543,0.024495276
1544,0.094555974
1545,0.012151183
1546,0.011751285
1547,0.081621885
1548,0.037372205
1549,0.031121526
1550,0.09467094
1551,0.031192683
1552,0.040274326
1553,0.007778086
1554,0.036569398
1555,0.1583054
1556,0.34255582
1557,0.31636843
1558,0.09023793
1559,0.020204868
1560,0.045173343
1561,0.014928619
1562,0.059514843
1563,0.115712196
1564,0.014197705
1565,0.027407577
1566,0.015009486
1567,0.030883709
1568,0.025968475
1569,0.062665306
1570,0.077531084
1571,0.24658492
1572,0.014409934
1573,0.017630715
1574,0.030484855
1575,0.059456654
1576,0.0840124
1577,0.25236255
1578,0.08925672
1579,0.012455215
1580,0.010159569
1581,0.11607725
1582,0.03254396
1583,0.015742661
1584,0.06139423
1585,0.105591305
1586,0.046850465
1587,0.01207685
1588,0.011751285
1589,0.18303977
1590,0.011621874
1591,0.015304146
1592,0.0250621
1593,0.107376836
1594,0.055174142
1595,0.03425941
1596,0.01805425
1597,0.025194617
1598,0.054082423
1599,0.2558235
1600,0.031093279
1601,0.018332968
1602,0.026217792
1603,0.038215272
1604,0.05481181
1605,0.14364274
1606,0.059634812
1607,0.14983006
1608,0.08107951
1609,0.0279703
1610,0.0148877725
1611,0.043433707
1612,0.046058483
1613,0.2350452
1614,0.020581719
1615,0.018233508
1616,0.14588685
1617,0.018482959
1618,0.06735275
1619,0.045473177
1620,0.008729468
1621,0.011399068
1622,0.25480428
1623,0.443588
1624,0.09261919
1625,0.08184357
1626,0.07520484
1627,0.04367404
1628,0.038049433
1629,0.0813286
1630,0.07187807
1631,0.080569774
1632,0.91480935
1633,0.06349234
1634,0.015635999
1635,0.06884913
1636,0.06364017
1637,0.031876046
1638,0.1190649
1639,0.37962034
1640,0.06055511
1641,0.124632366
1642,0.024788402
1643,0.0186039
1644,0.06272643
1645,0.023964286
1646,0.06558566
1647,0.026280282
1648,0.024411637
1649,0.046529155
1650,0.053170636
1651,0.024786884
1652,0.048183173
1653,0.013262544
1654,0.01777864
1655,0.15032326
1656,0.036895182
1657,0.014904968
1658,0.031284753
1659,0.07192495
1660,0.093232535
1661,0.023034085
1662,0.050881814
1663,0.5831611
1664,0.0598467
1665,0.0884394
1666,0.03311936
1667,0.039335713
1668,0.04347425
1669,0.013173141
1670,0.017195856
1671,0.26451224
1672,0.024724351
1673,0.016885879
1674,0.044503067
1675,0.083893
1676,0.022268835
1677,0.010363639
1678,0.19333082
1679,0.03669395
1680,0.02483273
1681,0.04233306
1682,0.31497407
1683,0.021803986
1684,0.008666437
1685,0.022577964
1686,0.01260329
1687,0.03928732
1688,0.00824182
1689,0.030392813
1690,0.13036887
1691,0.054295093
1692,0.0054093795
1693,0.015487614
1694,0.01579937
1695,0.06095897
1696,0.15740722
1697,0.08317269
1698,0.06341531
1699,0.059675626
1700,0.024882877
1701,0.0463676
1702,0.017811088
1703,0.059953105
1704,0.23025762
1705,0.102624014
1706,0.009446061
1707,0.030514644
1708,0.014442428
1709,0.012579785
1710,0.017094363
1711,0.010908504
1712,0.021140534
1713,0.008357911
1714,0.015623753
1715,0.024323776
1716,0.04677931
1717,0.046842314
1718,0.09269883
1719,0.0051977793
1720,0.009927426
1721,0.10547473
1722,0.008690842
1723,0.17308392
1724,0.0099647725
1725,0.024946425
1726,0.018086212
1727,0.018825725
1728,0.007302512
1729,0.014806208
1730,0.014651581
1731,0.008516117
1732,0.0069135334
1733,0.053562168
1734,0.038491737
1735,0.013093905
1736,0.042470917
1737,0.014622113
1738,0.0057983575
1739,0.013007028
1740,0.008446836
1741,0.08233906
1742,0.024880586
1743,0.043721877
1744,0.008491687
1745,0.011085087
1746,0.031139541
1747,0.009623309
1748,0.01188075
1749,0.01579937
1750,0.069082364
1751,0.012520268
1752,0.011165511
1753,0.010830206
1754,0.17318022
1755,0.055480897
1756,0.057619143
1757,0.059420645
1758,0.0054093795
1759,0.06545281
1760,0.02434345
1761,0.010237751
1762,0.06436674
1763,0.0155611755
1764,0.08361818
1765,0.107114024
1766,0.018003037
1767,0.031038646
1768,0.031332858
1769,0.025851449
1770,0.024869703
1771,0.006338972
1772,0.011147027
1773,0.011477485
1774,0.0070133265
1775,0.0099647725
1776,0.030373104
1777,0.0099362545
1778,0.011276562
1779,0.068841346
1780,0.0522913
1781,0.030459264
1782,0.006063313
1783,0.1594565
1784,0.024383996
1785,0.014990453
1786,0.03052877
1787,0.0038457473
1788,0.015731294
1789,0.044431433
1790,0.021525566
1791,0.013126605
1792,0.025063852
1793,0.030994602
1794,0.010547058
1795,0.031502776
1796,0.14192227
1797,0.11543729
1798,0.008726168
1799,0.01981929
1800,0.07890932
1801,0.022461675
1802,0.046721548
1803,0.032120217
1804,0.024003888
1805,0.044416443
1806,0.051190037
1807,0.014548011
1808,0.030651521
1809,0.049589247
1810,0.046026748
1811,0.09419358
1812,0.047650993
1813,0.029346602
1814,0.07130821
1815,0.04471523
1816,0.24599537
1817,0.20620075
1818,0.17160034
1819,0.07051239
1820,0.19483806
1821,0.089742675
1822,0.13437936
1823,0.06276366
1824,0.021739453
1825,0.036307137
1826,0.13837999
1827,0.030665988
1828,0.5177549
1829,0.14008869
1830,0.05060321
1831,0.14265712
1832,0.061164387
1833,0.003609017
1834,0.005966666
1835,0.026258608
1836,0.04317102
1837,0.030692566
1838,0.018259969
1839,0.014580505
1840,0.10001828
1841,0.13349058
1842,0.29169118
1843,0.404017
1844,0.05445029
1845,0.10688823
1846,0.14795777
1847,0.009276431
1848,0.008211897
1849,0.05730318
1850,0.06424867
1851,0.08463001
1852,0.3919226
1853,0.11675124
1854,0.14851615
1855,0.39107186
1856,0.10527301
1857,0.3817093
1858,0.018421408
1859,0.0605967
1860,0.1949905
1861,0.049109604
1862,0.04721116
1863,0.032071855
1864,0.07070486
1865,0.02581928
1866,0.08034673
1867,0.09993078
1868,0.08818845
1869,0.07105613
1870,0.26539403
1871,0.0428362
1872,0.054702565
1873,0.059882674
1874,0.072119296
1875,0.030535383
1876,0.035223946
1877,0.045220185
1878,0.025977302
1879,0.15072468
1880,0.07008383
1881,0.17770137
1882,0.097540125
1883,0.0363588
1884,0.015412717
1885,0.18049559
1886,0.100610256
1887,0.07796667
1888,0.17538677
1889,0.38902822
1890,0.005607335
1891,0.06705278
1892,0.051809944
1893,0.024219504
1894,0.016910337
1895,0.033305246
1896,0.0042939093
1897,0.0650283
1898,0.089157306
1899,0.17644264
1900,0.27220312
1901,0.018437048
1902,0.020898266
1903,0.0442236
1904,0.024940755
1905,0.031690042
1906,0.1668678
1907,0.02174427
1908,0.04135908
1909,0.06555679
1910,0.04551772
1911,0.1434917
1912,0.3896932
1913,0.082822435
1914,0.022005454
1915,0.022788692
1916,0.037264768
1917,0.058372505
1918,0.026486069
1919,0.09750314
1920,0.14625607
1921,0.083942026
1922,0.09109411
1923,0.06401086
1924,0.0039699413
1925,0.03125361
1926,0.029766373
1927,0.031993106
1928,0.07938664
1929,0.053736802
1930,0.11498981
1931,0.014711959
1932,0.032933474
1933,0.02650564
1934,0.020111984
1935,0.01590956
1936,0.024468621
1937,0.037329476
1938,0.024411637
1939,0.060418516
1940,0.18828653
1941,0.30961835
1942,0.0411699
1943,0.037125155
1944,0.035812136
1945,0.083729886
1946,0.06427222
1947,0.015784072
1948,0.055223398
1949,0.01579937
1950,0.030830923
1951,0.14922692
1952,0.024980433
1953,0.024776459
1954,0.029685505
1955,0.054510262
1956,0.060145944
1957,0.16348274
1958,0.09070267
1959,0.098792024
1960,0.057464406
1961,0.03360219
1962,0.020061841
1963,0.05100975
1964,0.043244738
1965,0.10698728
1966,0.043626856
1967,0.38138467
1968,0.17278892
1969,0.023025773
1970,0.09576879
1971,0.047091015
1972,0.04564481
1973,0.021877471
1974,0.0172905
1975,0.010007848
1976,0.05778792
1977,0.02619264
1978,0.020379419
1979,0.021790503
1980,0.07085394
1981,0.042196658
1982,0.067455575
1983,0.05467264
1984,0.07940619
1985,0.16450396
1986,0.24323067
1987,0.05951605
1988,0.024310037
1989,0.06644285
1990,0.017195856
1991,0.0072821504
1992,0.024880586
1993,0.06862971
1994,0.049614325
1995,0.101846956
1996,0.03740889
1997,0.087200485
1998,0.035720203
1999,0.056000218
2000,0.0318614
2001,0.020409135
2002,0.021525566
2003,0.1114957
2004,0.009605685
2005,0.062519856
2006,0.031659815
2007,0.010050845
2008,0.024351142
2009,0.03201904
2010,0.05591254
2011,0.06263894
2012,0.09691097
2013,0.07580558
2014,0.23165677
2015,0.09932927
2016,0.10863346
2017,0.012753827
2018,0.07422298
2019,0.011866598
2020,0.04856268
2021,0.0376369
2022,0.076780915
2023,0.031350777
2024,0.023143038
2025,0.04428537
2026,0.033609338
2027,0.012824503
2028,0.05165079
2029,0.06961287
2030,0.030442217
2031,0.051122904
2032,0.024393959
2033,0.030581756
2034,0.06224827
2035,0.014745989
2036,0.03290611
2037,0.081800506
2038,0.05660319
2039,0.107469365
2040,0.39546883
2041,0.07765268
2042,0.091770045
2043,0.05685543
2044,0.063968934
2045,0.060947366
2046,0.06812767
2047,0.045994926
2048,0.0094411
2049,0.021812301
2050,0.32618922
2051,0.061893545
2052,0.070961416
2053,0.058015358
2054,0.0672627
2055,0.020838263
2056,0.023430742
2057,0.022731967
2058,0.035236906
2059,0.18615401
2060,0.06080147
2061,0.03935318
2062,0.08248053
2063,0.4927955
2064,0.07377396
2065,0.015059287
2066,0.08887431
2067,0.055098407
2068,0.23364185
2069,0.24220408
2070,0.06149594
2071,0.044206124
2072,0.047659718
2073,0.08549075
2074,0.13188712
2075,0.0363588
2076,0.22616622
2077,0.07185253
2078,0.06259882
2079,0.015749838
2080,0.01566946
2081,0.022586279
2082,0.04757725
2083,0.05966032
2084,0.015776215
2085,0.09636339
2086,0.12158562
2087,0.12425162
2088,0.06677651
2089,0.029658955
2090,0.086384684
2091,0.14188877
2092,0.23000018
2093,0.05045686
2094,0.009731214
2095,0.04510156
2096,0.02423524
2097,0.06016372
2098,0.3876736
2099,0.032701064
2100,0.14703095
2101,0.26721883
2102,0.23972724
2103,0.020329034
2104,0.012337238
2105,0.009177279
2106,0.034705177
2107,0.050499707
2108,0.14431676
2109,0.13636917
2110,0.062056735
2111,0.0699624
2112,0.23567249
2113,0.11668487
2114,0.10685805
2115,0.17084722
2116,0.23380671
2117,0.07040146
2118,0.04557835
2119,0.08362459
2120,0.050170183
2121,0.18508928
2122,0.6663491
2123,0.00790132
2124,0.0052387184
2125,0.0389783
2126,0.331246
2127,0.04312212
2128,0.23116767
2129,0.013561605
2130,0.04463499
2131,0.06265981
2132,0.017591314
2133,0.03708407
2134,0.19281761
2135,0.037662063
2136,0.06338924
2137,0.23484355
2138,0.11394471
2139,0.17945784
2140,0.33218378
2141,0.17558709
2142,0.026418922
2143,0.25054482
2144,0.08446969
2145,0.102720864
2146,0.66136235
2147,0.36366826
2148,0.26505244
2149,0.0058016777
2150,0.024516473
2151,0.11919085
2152,0.017450893
2153,0.058636334
2154,0.026377643
2155,0.022507777
2156,0.011798944
2157,0.05074393
2158,0.0068749087
2159,0.010815798
2160,0.029749682
2161,0.050039005
2162,0.08170969
2163,0.0741002
2164,0.077501975
2165,0.072093904
2166,0.17632008
2167,0.1484402
2168,0.026310122
2169,0.089713894
2170,0.23551917
2171,0.020573404
2172,0.04910725
2173,0.634155
2174,0.6682808
2175,0.37183684
2176,0.0057809968
2177,0.024519593
2178,0.017864278
2179,0.07464318
2180,0.28860113
2181,0.068990126
2182,0.018446455
2183,0.008963026
2184,0.04909733
2185,0.059853896
2186,0.04189151
2187,0.011881896
2188,0.2393342
2189,0.018483825
2190,0.028191466
2191,0.07782227
2192,0.086742416
2193,0.044029888
2194,0.042557392
2195,0.11849956
2196,0.07046722
2197,0.024788402
2198,0.10474255
2199,0.08727142
2200,0.0859643
2201,0.65795183
2202,0.646388
2203,0.38538626
2204,0.015032951
2205,0.05739883
2206,0.024478776
2207,0.008943722
2208,0.18666361
2209,0.07852496
2210,0.17086758
2211,0.0358115
2212,0.07816325
2213,0.021002842
2214,0.08015242
2215,0.08653592
2216,0.21663004
2217,0.14646398
2218,0.37380815
2219,0.26077142
2220,0.18119897
2221,0.10741094
2222,0.07182004
2223,0.05632219
2224,0.09274903
2225,0.03519659
2226,0.031268578
2227,0.024491476
2228,0.1127472
2229,0.11698676
2230,0.05892228
2231,0.085160814
2232,0.025259834
2233,0.6538928
2234,0.9505859
2235,0.6447523
2236,0.10169088
2237,0.045424752
2238,0.1752786
2239,0.19242288
2240,0.025670456
2241,0.009144667
2242,0.018054254
2243,0.017358607
2244,0.03137756
2245,0.08217861
2246,0.041433223
2247,0.31093898
2248,0.5702512
2249,0.059668366
2250,0.080131955
2251,0.07081496
2252,0.1334318
2253,0.061572336
2254,0.2818953
2255,0.07978569
2256,0.030784085
2257,0.08836013
2258,0.08733433
2259,0.08577861
2260,0.043104626
2261,0.023960484
2262,0.2777594
2263,0.34418064
2264,0.2303213
2265,0.064626664
2266,0.02622054
2267,0.08715352
2268,0.01202523
2269,0.060331833
2270,0.17696111
2271,0.028276218
2272,0.035875715
2273,0.038146853
2274,0.017591314
2275,0.020871725
2276,0.035615478
2277,0.0374588
2278,0.21900839
2279,0.44919398
2280,0.23488933
2281,0.24510929
2282,0.08991892
2283,0.21778361
2284,0.12620044
2285,0.37211213
2286,0.05342023
2287,0.023727521
2288,0.03284367
2289,0.030655995
2290,0.1175658
2291,0.14501634
2292,0.11708589
2293,0.20575255
2294,0.31677848
2295,0.23216733
2296,0.9451101
2297,0.11155082
2298,0.020304173
2299,0.10155277
2300,0.14370866
2301,0.052109275
2302,0.38905466
2303,0.054516256
2304,0.03178083
2305,0.03192383
2306,0.03992546
2307,0.107198715
2308,0.3142325
2309,0.32795858
2310,0.35304677
2311,0.32976416
2312,0.123893425
2313,0.118149936
2314,0.23189667
2315,0.024672532
2316,0.13141787
2317,0.062298734
2318,0.04641784
2319,0.26656002
2320,0.23320241
2321,0.050040286
2322,0.30377862
2323,0.23546457
2324,0.07235465
2325,0.0905281
2326,0.070479006
2327,0.04735149
2328,0.011628569
2329,0.008436754
2330,0.01487428
2331,0.026625097
2332,0.050073847
2333,0.07766646
2334,0.0686701
2335,0.10046142
2336,0.3592782
2337,0.6020138
2338,0.34344217
2339,0.23484068
2340,0.37374747
2341,0.07570154
2342,0.06355143
2343,0.06257622
2344,0.10764459
2345,0.17095543
2346,0.055917133
2347,0.026042974
2348,0.003621609
2349,0.05795481
2350,0.11196755
2351,0.040342662
2352,0.0805398
2353,0.015704839
2354,0.033794664
2355,0.022005454
2356,0.023171434
2357,0.011984843
2358,0.029438686
2359,0.058931507
2360,0.051333312
2361,0.06563331
2362,0.21916866
2363,0.23802213
2364,0.26862785
2365,0.44251576
2366,0.40521294
2367,0.33697852
2368,0.0907112
2369,0.039982066
2370,0.023042813
2371,0.044291127
2372,0.093160205
2373,0.015372844
2374,0.009118447
2375,0.030334111
2376,0.55821574
2377,0.04485963
2378,0.018380078
2379,0.055532873
2380,0.044392545
2381,0.08738432
2382,0.032022964
2383,0.044069227
2384,0.04043657
2385,0.014745989
2386,0.015153396
2387,0.026661826
2388,0.07370246
2389,0.07962473
2390,0.3721953
2391,0.3346848
2392,0.09785812
2393,0.6572694
2394,0.33096448
2395,0.36904427
2396,0.11545442
2397,0.033794492
2398,0.029103043
2399,0.04370517
2400,0.037780106
2401,0.061887395
2402,0.36583877
2403,0.08253889
2404,0.2380189
2405,0.02736101
2406,0.08392919
2407,0.097461686
2408,0.11216105
2409,0.14300328
2410,0.040073164
2411,0.028121812
2412,0.03598382
2413,0.11735394
2414,0.55502844
2415,0.31901282
2416,0.3799221
2417,0.2251405
2418,0.33454174
2419,0.12909278
2420,0.06671432
2421,0.036836293
2422,0.01293896
2423,0.024370821
2424,0.012408585
2425,0.034201525
2426,0.028833207
2427,0.10411975
2428,0.11397326
2429,0.07262354
2430,0.23447363
2431,0.02543928
2432,0.061489403
2433,0.23248728
2434,0.036011983
2435,0.010247056
2436,0.011126695
2437,0.0933182
2438,0.12095145
2439,0.028121812
2440,0.19684961
2441,0.14477548
2442,0.06046085
2443,0.07409718
2444,0.082494214
2445,0.06476036
2446,0.03189074
2447,0.10419641
2448,0.08932483
2449,0.039707664
2450,0.024438292
2451,0.010911949
2452,0.09325511
2453,0.012095406
2454,0.011702296
2455,0.08802175
2456,0.0064001144
2457,0.035168976
2458,0.02989757
2459,0.10124656
2460,0.031758122
2461,0.03948488
2462,0.007989692
2463,0.033842888
2464,0.16112198
2465,0.3330935
2466,0.3746616
2467,0.09983004
2468,0.045961376
2469,0.014904968
2470,0.060550332
2471,0.118071295
2472,0.01420887
2473,0.028025175
2474,0.0152417105
2475,0.029616917
2476,0.019594744
2477,0.011653836
2478,0.026009291
2479,0.063586384
2480,0.07447527
2481,0.32796198
2482,0.014393922
2483,0.02987276
2484,0.06137192
2485,0.07961137
2486,0.25406787
2487,0.093713626
2488,0.012432641
2489,0.120665245
2490,0.015607419
2491,0.063187115
2492,0.18540251
2493,0.04589649
2494,0.011621874
2495,0.02066124
2496,0.009731214
2497,0.23685648
2498,0.028047487
2499,0.015138526
2500,0.024788402
2501,0.11311732
2502,0.058647063
2503,0.03425941
2504,0.018132752
2505,0.025470624
2506,0.05574514
2507,0.1952597
2508,0.031162933
2509,0.020769345
2510,0.026300032
2511,0.037996028
2512,0.054040536
2513,0.14740737
2514,0.06500337
2515,0.22117662
2516,0.080295496
2517,0.028121812
2518,0.042307846
2519,0.0436406
2520,0.02655547
2521,0.17771126
2522,0.021622656
2523,0.01833847
2524,0.1461545
2525,0.018482959
2526,0.0670134
2527,0.046096675
2528,0.011126242
2529,0.2529366
2530,0.45094043
2531,0.094278984
2532,0.07704745
2533,0.013442054
2534,0.07617261
2535,0.043647043
2536,0.039675552
2537,0.07661734
2538,0.07227299
2539,0.085334815
2540,0.90374655
2541,0.064576454
2542,0.015669703
2543,0.06644339
2544,0.064724274
2545,0.018222062
2546,0.03267915
2547,0.1264256
2548,0.383455
2549,0.060917284
2550,0.12685281
2551,0.025283879
2552,0.06376193
2553,0.023964286
2554,0.06975583
2555,0.026410067
2556,0.024411637
2557,0.0017864882
2558,0.047691155
2559,0.052365717
2560,0.049640056
2561,0.017700143
2562,0.15060626
2563,0.0319537
2564,0.036092564
2565,0.014976045
2566,0.030402772
2567,0.07154237
2568,0.08843153
2569,0.023034085
2570,0.047406647
2571,0.5825721
2572,0.06269398
2573,0.08622217
2574,0.04685982
2575,0.033538576
2576,0.039176784
2577,0.043818563
2578,0.013397536
2579,0.017195856
2580,0.25602666
2581,0.024822317
2582,0.01665032
2583,0.0439439
2584,0.07974687
2585,0.021909025
2586,0.009650791
2587,0.09547098
2588,0.03606759
2589,0.024438292
2590,0.04233306
2591,0.32010716
2592,0.0217338
2593,0.008689924
2594,0.022201248
2595,0.012574772
2596,0.038964037
2597,0.008518455
2598,0.031621516
2599,0.13322516
2600,0.05610848
2601,0.015896788
2602,0.06079343
2603,0.115732506
2604,0.08084102
2605,0.06395331
2606,0.057783864
2607,0.046761427
2608,0.017923431
2609,0.06183665
2610,0.23177774
2611,0.10902995
2612,0.0096138865
2613,0.03151622
2614,0.014555142
2615,0.012587982
2616,0.016895043
2617,0.01127511
2618,0.021420604
2619,0.0107675325
2620,0.015721172
2621,0.015693938
2622,0.024599219
2623,0.049207345
2624,0.045702226
2625,0.0907441
2626,0.008554741
2627,0.009919227
2628,0.11081538
2629,0.008729468
2630,0.17863613
2631,0.022020916
2632,0.0098474445
2633,0.024889441
2634,0.018124437
2635,0.020232452
2636,0.0068749115
2637,0.029988337
2638,0.012308405
2639,0.0147012705
2640,0.0070452993
2641,0.05501088
2642,0.025496457
2643,0.039203066
2644,0.013183931
2645,0.042177673
2646,0.014622113
2647,0.01299173
2648,0.008686507
2649,0.08473534
2650,0.025063852
2651,0.042559654
2652,0.008499884
2653,0.010733558
2654,0.03151622
2655,0.07352015
2656,0.012440807
2657,0.010931307
2658,0.17769463
2659,0.058425806
2660,0.063020185
2661,0.015077173
2662,0.0053707543
2663,0.06956654
2664,0.024262609
2665,0.009874866
2666,0.06469084
2667,0.015493844
2668,0.08037891
2669,0.11308478
2670,0.018003037
2671,0.025063852
2672,0.029717876
2673,0.030689862
2674,0.025861671
2675,0.024869703
2676,0.00849297
2677,0.006360628
2678,0.01118028
2679,0.011498263
2680,0.010096538
2681,0.029672485
2682,0.0099647725
2683,0.011399068
2684,0.05494241
2685,0.16237225
2686,0.015768971
2687,0.0446461
2688,0.021525566
2689,0.013233359
2690,0.025063852
2691,0.03162445
2692,0.016170744
2693,0.030000802
2694,0.14826338
2695,0.12031373
2696,0.020639583
2697,0.081089295
2698,0.04628782
2699,0.022804849
2700,0.032248955
2701,0.049932186
2702,0.060445584
2703,0.049637422
2704,0.09931056
2705,0.04628438
2706,0.1415057
2707,0.04738752
2708,0.071873225
2709,0.15453012
2710,0.3186939
2711,0.022669045
2712,0.026144063
2713,0.04907308
2714,0.17261563
2715,0.19670643
2716,0.10235185
2717,0.14726865
2718,0.06368475
2719,0.02621343
2720,0.091761224
2721,0.014229667
2722,0.011944806
2723,0.24861035
2724,0.028979229
2725,0.51537406
2726,0.13959973
2727,0.04677302
2728,0.25170955
2729,0.063075915
2730,0.0036615136
2731,0.026683725
2732,0.043104496
2733,0.03330915
2734,0.018562863
2735,0.014580505
2736,0.101334766
2737,0.15573236
2738,0.38974217
2739,0.40036887
2740,0.048421174
2741,0.069122836
2742,0.11316488
2743,0.15471299
2744,0.008324241
2745,0.054726288
2746,0.041460153
2747,0.062808484
2748,0.031681605
2749,0.28492042
2750,0.12479229
2751,0.31978333
2752,0.39900997
2753,0.11936779
2754,0.2857742
2755,0.007989692
2756,0.018562863
2757,0.056921326
2758,0.20187753
2759,0.046467453
2760,0.044759378
2761,0.03308995
2762,0.07002712
2763,0.006162096
2764,0.08913275
2765,0.100796066
2766,0.089565426
2767,0.03548652
2768,0.068958506
2769,0.38114753
2770,0.045568388
2771,0.030256055
2772,0.061028346
2773,0.07226894
2774,0.03706517
2775,0.044501957
2776,0.06114279
2777,0.17752834
2778,0.07233897
2779,0.2543943
2780,0.03644674
2781,0.024341805
2782,0.011257494
2783,0.3840321
2784,0.10230544
2785,0.07812589
2786,0.29242045
2787,0.2874142
2788,0.06788065
2789,0.046889365
2790,0.013746419
2791,0.020581719
2792,0.024077045
2793,0.017066939
2794,0.006083994
2795,0.034729555
2796,0.004464778
2797,0.078718685
2798,0.06874215
2799,0.09573156
2800,0.2631593
2801,0.27351952
2802,0.019970309
2803,0.04466824
2804,0.024438292
2805,0.031602655
2806,0.17431855
2807,0.043015473
2808,0.061425485
2809,0.0407442
2810,0.14697812
2811,0.38446477
2812,0.084565006
2813,0.02223819
2814,0.02311361
2815,0.037954852
2816,0.055346724
2817,0.026419196
2818,0.012406378
2819,0.0988022
2820,0.14647646
2821,0.08595706
2822,0.09455703
2823,0.059139792
2824,0.030981785
2825,0.031056574
2826,0.033061597
2827,0.07911462
2828,0.056217577
2829,0.08070713
2830,0.015109036
2831,0.03249845
2832,0.026243249
2833,0.020207522
2834,0.015776215
2835,0.024586044
2836,0.03747186
2837,0.022362059
2838,0.058924884
2839,0.25773382
2840,0.2378304
2841,0.039315224
2842,0.03738847
2843,0.033936426
2844,0.08643782
2845,0.063371204
2846,0.015863597
2847,0.055030964
2848,0.015784072
2849,0.031044345
2850,0.15465187
2851,0.02482298
2852,0.024505889
2853,0.030658696
2854,0.0059334426
2855,0.05517074
2856,0.0573588
2857,0.15386273
2858,0.09598342
2859,0.17716487
2860,0.057603367
2861,0.035372585
2862,0.020061841
2863,0.048928786
2864,0.04180653
2865,0.11712674
2866,0.044503756
2867,0.376672
2868,0.09367233
2869,0.012723931
2870,0.0981873
2871,0.046427574
2872,0.04775227
2873,0.022144906
2874,0.056126457
2875,0.026178265
2876,0.012263137
2877,0.020431915
2878,0.021493109
2879,0.07085394
2880,0.04188431
2881,0.06710737
2882,0.05534465
2883,0.08080157
2884,0.16477048
2885,0.3378413
2886,0.05650445
2887,0.024370821
2888,0.06645416
2889,0.017195856
2890,0.036141135
2891,0.0068928534
2892,0.024267508
2893,0.07197017
2894,0.049152285
2895,0.104149915
2896,0.037672203
2897,0.09160644
2898,0.036595106
2899,0.054855157
2900,0.031334057
2901,0.02086567
2902,0.021430027
2903,0.11711691
2904,0.009778663
2905,0.030078292
2906,0.060822483
2907,0.031006645
2908,0.010182611
2909,0.024654036
2910,0.033200484
2911,0.055438466
2912,0.06232434
2913,0.09869311
2914,0.07808357
2915,0.22941087
2916,0.10114107
2917,0.1090129
2918,0.012865507
2919,0.07571721
2920,0.04704864
2921,0.038004104
2922,0.07210525
2923,0.030619876
2924,0.046146605
2925,0.034943968
2926,0.05072802
2927,0.074107096
2928,0.031006645
2929,0.049846016
2930,0.024323773
2931,0.030514883
2932,0.020264264
2933,0.05527219
2934,0.014798964
2935,0.032178916
2936,0.094499394
2937,0.05583676
2938,0.11092869
2939,0.39277145
2940,0.079580255
2941,0.16372037
2942,0.055351034
2943,0.06463692
2944,0.058168557
2945,0.06810785
2946,0.047079153
2947,0.009731214
2948,0.009450522
2949,0.021803986
2950,0.23931512
2951,0.05997404
2952,0.07232227
2953,0.055534653
2954,0.06713291
2955,0.01979806
2956,0.026311005
2957,0.008729468
2958,0.022879258
2959,0.034133274
2960,0.19119768
2961,0.059694722
2962,0.039035864
2963,0.08520841
2964,0.50169253
2965,0.06832538
2966,0.015070454
2967,0.091315575
2968,0.052292857
2969,0.23431313
2970,0.19018829
2971,0.059001807
2972,0.02234289
2973,0.044638086
2974,0.08335184
2975,0.23253147
2976,0.037959617
2977,0.22358914
2978,0.07714622
2979,0.05968358
2980,0.015574164
2981,0.010825101
2982,0.015716
2983,0.022507777
2984,0.047645472
2985,0.056861706
2986,0.015776215
2987,0.0973514
2988,0.22393373
2989,0.1223993
2990,0.06747403
2991,0.030592404
2992,0.08963871
2993,0.14507973
2994,0.22827142
2995,0.04957762
2996,0.00969259
2997,0.04482453
2998,0.023782386
2999,0.062040385
3000,0.3754312
3001,0.034632333
3002,0.14880931
3003,0.34464395
3004,0.23834586
3005,0.009699959
3006,0.012561631
3007,0.008959726
3008,0.03539164
3009,0.047932196
3010,0.14490086
3011,0.23075588
3012,0.06035894
3013,0.067573085
3014,0.22897623
3015,0.1974797
3016,0.10767518
3017,0.17606658
3018,0.31323686
3019,0.07097321
3020,0.0032928956
3021,0.02170256
3022,0.04447538
3023,0.086603686
3024,0.048697818
3025,0.18501917
3026,0.6539168
3027,0.0052387184
3028,0.038384587
3029,0.32573497
3030,0.0150595
3031,0.04364598
3032,0.22975662
3033,0.013088042
3034,0.045031134
3035,0.06314862
3036,0.017366922
3037,0.037571575
3038,0.19506118
3039,0.035786353
3040,0.062706724
3041,0.16583385
3042,0.11606694
3043,0.1811494
3044,0.3224742
3045,0.18019786
3046,0.026317718
3047,0.2479104
3048,0.122191876
3049,0.102219515
3050,0.68453336
3051,0.35235357
3052,0.26135442
3053,0.006170294
3054,0.024525328
3055,0.11932797
3056,0.017822774
3057,0.05536366
3058,0.022642735
3059,0.0111777065
3060,0.050018385
3061,0.007190168
3062,0.010850885
3063,0.030896813
3064,0.05042017
3065,0.07948491
3066,0.07027951
3067,0.080050826
3068,0.0732678
3069,0.17171532
3070,0.08258818
3071,0.02629908
3072,0.09351205
3073,0.14999837
3074,0.020573404
3075,0.047135442
3076,0.6709074
3077,0.67409265
3078,0.38885626
3079,0.005417427
3080,0.024418553
3081,0.07240449
3082,0.28365496
3083,0.07023536
3084,0.057619657
3085,0.008986674
3086,0.04795227
3087,0.05834589
3088,0.041471403
3089,0.011866598
3090,0.23969047
3091,0.018684572
3092,0.02805494
3093,0.07993523
3094,0.08381477
3095,0.045624506
3096,0.04240769
3097,0.12129413
3098,0.104757
3099,0.024880586
3100,0.105149485
3101,0.08866667
3102,0.0848293
3103,0.6678893
3104,0.69512177
3105,0.38841003
3106,0.01557596
3107,0.09235698
3108,0.008554741
3109,0.1896033
3110,0.08176375
3111,0.23148045
3112,0.036935937
3113,0.08068572
3114,0.021447064
3115,0.07607607
3116,0.08629142
3117,0.22155389
3118,0.15182972
3119,0.376343
3120,0.25759774
3121,0.10663808
3122,0.10952537
3123,0.067568585
3124,0.05451094
3125,0.09116434
3126,0.03661463
3127,0.030866582
3128,0.119864486
3129,0.12130115
3130,0.05976633
3131,0.08917378
3132,0.67131925
3133,1.0089691
3134,0.6744065
3135,0.09392852
3136,0.044811673
3137,0.11906923
3138,0.012203889
3139,0.19226816
3140,0.025572632
3141,0.018086212
3142,0.017538818
3143,0.031766966
3144,0.07942749
3145,0.04313877
3146,0.30958492
3147,0.5549408
3148,0.05945438
3149,0.07627512
3150,0.068107896
3151,0.12028873
3152,0.05718502
3153,0.17279546
3154,0.08196208
3155,0.033021055
3156,0.08081947
3157,0.08710649
3158,0.08778194
3159,0.041223727
3160,0.27546558
3161,0.3405766
3162,0.23632237
3163,0.065018475
3164,0.026153667
3165,0.08725785
3166,0.012207821
3167,0.06029557
3168,0.18048875
3169,0.028189074
3170,0.03653988
3171,0.03765864
3172,0.017366922
3173,0.02041519
3174,0.036810547
3175,0.037722114
3176,0.21980494
3177,0.43542296
3178,0.23769678
3179,0.2474012
3180,0.09131179
3181,0.15232517
3182,0.12331412
3183,0.37647408
3184,0.052523036
3185,0.026537953
3186,0.032042198
3187,0.030745368
3188,0.11970622
3189,0.14599656
3190,0.12438733
3191,0.20964295
3192,0.30642933
3193,0.23786458
3194,0.97848094
3195,0.1651332
3196,0.0191282
3197,0.101242244
3198,0.14522931
3199,0.022447782
3200,0.04731398
3201,0.29275784
3202,0.053697847
3203,0.031225955
3204,0.03195614
3205,0.03953025
3206,0.17422149
3207,0.31253755
3208,0.24126905
3209,0.36737433
3210,0.24720837
3211,0.123753816
3212,0.12066296
3213,0.23651406
3214,0.013947484
3215,0.025140505
3216,0.13191468
3217,0.0635095
3218,0.04626364
3219,0.21030857
3220,0.22815682
3221,0.04677105
3222,0.3807525
3223,0.23818654
3224,0.06941202
3225,0.09215526
3226,0.06835816
3227,0.04364655
3228,0.008499027
3229,0.026470432
3230,0.04922989
3231,0.0723133
3232,0.06907811
3233,0.09911798
3234,0.2555971
3235,0.59073603
3236,0.32707176
3237,0.30630648
3238,0.3737222
3239,0.0780701
3240,0.06284456
3241,0.06327605
3242,0.11248131
3243,0.24038884
3244,0.05617135
3245,0.025718259
3246,0.05936364
3247,0.11664656
3248,0.08720701
3249,0.022701666
3250,0.015592121
3251,0.035617147
3252,0.021676099
3253,0.022778504
3254,0.011935855
3255,0.03063127
3256,0.058249917
3257,0.04975806
3258,0.06627636
3259,0.15019983
3260,0.22066616
3261,0.27205035
3262,0.43606743
3263,0.3979828
3264,0.24794045
3265,0.089159
3266,0.04041239
3267,0.022507777
3268,0.0458117
3269,0.09337828
3270,0.015496726
3271,0.008729468
3272,0.030955045
3273,0.556404
3274,0.043865796
3275,0.018333538
3276,0.054710906
3277,0.045464013
3278,0.08607023
3279,0.034240875
3280,0.04408581
3281,0.018003037
3282,0.04016201
3283,0.01464921
3284,0.015149979
3285,0.026143987
3286,0.070965044
3287,0.08084498
3288,0.37663898
3289,0.32692853
3290,0.09749801
3291,0.6409873
3292,0.33889922
3293,0.36850485
3294,0.117907174
3295,0.034810826
3296,0.031473983
3297,0.042379647
3298,0.03809078
3299,0.03128213
3300,0.062033635
3301,0.36829272
3302,0.08097876
3303,0.23274678
3304,0.028203478
3305,0.08545157
3306,0.09862976
3307,0.11748386
3308,0.14471829
3309,0.038756654
3310,0.02811214
3311,0.008634546
3312,0.03670048
3313,0.12005396
3314,0.59712416
3315,0.3036512
3316,0.37700957
3317,0.13803938
3318,0.32708934
3319,0.12907977
3320,0.06762928
3321,0.039223373
3322,0.012879222
3323,0.024468621
3324,0.012286831
3325,0.03233626
3326,0.10452668
3327,0.115197614
3328,0.073520645
3329,0.18161422
3330,0.02577851
3331,0.061835352
3332,0.2363055
3333,0.03668077
3334,0.009949743
3335,0.010853869
3336,0.091884375
3337,0.12223078
3338,0.02850864
3339,0.093947224
3340,0.22678468
3341,0.058504377
3342,0.07621081
3343,0.030804204
3344,0.07982445
3345,0.06454006
3346,0.0342789
3347,0.10198573
3348,0.090238616
3349,0.03780582
3350,0.024438292
3351,0.01002193
3352,0.09408682
3353,0.012080107
3354,0.08284429
3355,0.036595106
3356,0.03212165
3357,0.18330944
3358,0.033122413
3359,0.03848326
3360,0.035035886
3361,0.16470431
3362,0.32878923
3363,0.374957
3364,0.09398208
3365,0.011003505
3366,0.018803231
3367,0.025707267
3368,0.046765115
3369,0.059443586
3370,0.11978236
3371,0.01420887
3372,0.027879052
3373,0.015104294
3374,0.031417802
3375,0.020134682
3376,0.02437057
3377,0.06314862
3378,0.07655935
3379,0.3230189
3380,0.014409934
3381,0.017977834
3382,0.03192518
3383,0.058950346
3384,0.08120349
3385,0.25260714
3386,0.09257848
3387,0.012482447
3388,0.009533464
3389,0.12189077
3390,0.033449713
3391,0.015607419
3392,0.06133944
3393,0.11072438
3394,0.04583185
3395,0.020105768
3396,0.00969259
3397,0.23964997
3398,0.015224011
3399,0.025063852
3400,0.11425973
3401,0.058076892
3402,0.034753803
3403,0.01805425
3404,0.025493883
3405,0.054124262
3406,0.2580861
3407,0.031318616
3408,0.021552332
3409,0.026191736
3410,0.038259342
3411,0.053841643
3412,0.14653936
3413,0.057905234
3414,0.15315793
3415,0.083211794
3416,0.028821021
3417,0.0148877725
3418,0.043800913
3419,0.045609687
3420,0.026470432
3421,0.18235637
3422,0.020573404
3423,0.14791813
3424,0.018250251
3425,0.067846656
3426,0.04471452
3427,0.008621563
3428,0.011510748
3429,0.25521576
3430,0.45284745
3431,0.20005889
3432,0.07834575
3433,0.073651016
3434,0.042473674
3435,0.040042758
3436,0.080575414
3437,0.068506174
3438,0.083072476
3439,0.93256027
3440,0.06491142
3441,0.06657637
3442,0.06449372
3443,0.03399854
3444,0.12727249
3445,0.38911283
3446,0.058997948
3447,0.13096972
3448,0.025063852
3449,0.024012415
3450,0.06714979
3451,0.02635205
3452,0.024411637
3453,0.0013325049
3454,0.046910934
3455,0.056147497
3456,0.048672445
3457,0.013145287
3458,0.017398478
3459,0.15441175
3460,0.03311206
3461,0.037504937
3462,0.03184568
3463,0.06922186
3464,0.094055556
3465,0.02313787
3466,0.047430802
3467,0.5609313
3468,0.06023486
3469,0.08779526
3470,0.046692416
3471,0.034279365
3472,0.039552927
3473,0.043802325
3474,0.013256084
3475,0.266556
3476,0.024926206
3477,0.005693773
3478,0.006083994
3479,0.016661486
3480,0.044246007
3481,0.08150345
3482,0.022015037
3483,0.09597779
3484,0.03740927
3485,0.043296292
3486,0.23837727
3487,0.02533829
3488,0.022642735
3489,0.039721705
3490,0.00824182
3491,0.03210067
3492,0.13476151
3493,0.052790847
3494,0.0054093795
3495,0.015390196
3496,0.01580487
3497,0.006029565
3498,0.059872806
3499,0.1179751
3500,0.0831874
3501,0.063377425
3502,0.058114156
3503,0.025463121
3504,0.047598608
3505,0.01720653
3506,0.0597547
3507,0.16873427
3508,0.113035195
3509,0.009731214
3510,0.03164062
3511,0.014546943
3512,0.016915837
3513,0.010898393
3514,0.021525566
3515,0.00874689
3516,0.009519803
3517,0.01583285
3518,0.01583285
3519,0.024323773
3520,0.04717996
3521,0.044389226
3522,0.09321702
3523,0.11569578
3524,0.18515924
3525,0.009833095
3526,0.024788402
3527,0.012583305
3528,0.018132752
3529,0.02014455
3530,0.0069135334
3531,0.014761288
3532,0.030802498
3533,0.012203889
3534,0.013780124
3535,0.05321707
3536,0.025631588
3537,0.039257985
3538,0.04254488
3539,0.014705056
3540,0.01299173
3541,0.08150052
3542,0.025011355
3543,0.042608675
3544,0.010816004
3545,0.03239866
3546,0.011798944
3547,0.015784072
3548,0.07058477
3549,0.013660936
3550,0.0036009278
3551,0.011043004
3552,0.18511575
3553,0.05406273
3554,0.05631269
3555,0.057386618
3556,0.015188853
3557,0.06616753
3558,0.024153655
3559,0.009865443
3560,0.004077847
3561,0.064997226
3562,0.015619905
3563,0.085760295
3564,0.014920268
3565,0.11232609
3566,0.01777864
3567,0.025063852
3568,0.02580584
3569,0.025145153
3570,0.012841544
3571,0.01132899
3572,0.0112955235
3573,0.006741083
3574,0.0099440925
3575,0.03198539
3576,0.010216335
3577,0.06757711
3578,0.054156683
3579,0.16230503
3580,0.020124478
3581,0.024383996
3582,0.01147179
3583,0.015716
3584,0.046273585
3585,0.021420604
3586,0.013233359
3587,0.024975857
3588,0.01665032
3589,0.034539726
3590,0.1503093
3591,0.12010414
3592,0.02041519
3593,0.08151148
3594,0.010882446
3595,0.043158103
3596,0.03392615
3597,0.04272269
3598,0.056975186
3599,0.03122968
3600,0.044868123
3601,0.043922164
3602,0.098393336
3603,0.047328528
3604,0.008915159
3605,0.03573419
3606,0.14369544
3607,0.044315506
3608,0.079462446
3609,0.30924463
3610,0.31122246
3611,0.022083081
3612,0.041941203
3613,0.34829196
3614,0.06801157
3615,0.25903746
3616,0.07785903
3617,0.25383016
3618,0.06359186
3619,0.026192894
3620,0.098388515
3621,0.015059293
3622,0.011750387
3623,0.2412549
3624,0.03129679
3625,0.5141044
3626,0.13837591
3627,0.14405517
3628,0.065752886
3629,0.026191736
3630,0.043242317
3631,0.03347368
3632,0.01833847
3633,0.01456934
3634,0.0998783
3635,0.14399374
3636,0.38325453
3637,0.39783782
3638,0.05003583
3639,0.07002059
3640,0.120547816
3641,0.2530962
3642,0.008211897
3643,0.055347107
3644,0.04124176
3645,0.06407142
3646,0.08483225
3647,0.37410253
3648,0.12463876
3649,0.32390714
3650,0.3882662
3651,0.11883104
3652,0.38837522
3653,0.00835831
3654,0.053562324
3655,0.30437022
3656,0.04891074
3657,0.04476349
3658,0.03388774
3659,0.06792766
3660,0.026065523
3661,0.08951676
3662,0.100796066
3663,0.078969836
3664,0.030930528
3665,0.07022272
3666,0.26956818
3667,0.04286067
3668,0.031909008
3669,0.05291512
3670,0.059279047
3671,0.06857415
3672,0.031713538
3673,0.036622114
3674,0.049744725
3675,0.06888143
3676,0.026027856
3677,0.055852275
3678,0.16654098
3679,0.07082678
3680,0.26800603
3681,0.0384702
3682,0.010931307
3683,0.015412717
3684,0.014291814
3685,0.37827867
3686,0.100525066
3687,0.0756164
3688,0.17401971
3689,0.38607126
3690,0.005607335
3691,0.068502
3692,0.04903032
3693,0.013698758
3694,0.020806111
3695,0.02417808
3696,0.016915837
3697,0.005872394
3698,0.036330555
3699,0.004288207
3700,0.06793198
3701,0.06620736
3702,0.08691164
3703,0.26255086
3704,0.2801344
3705,0.020930227
3706,0.042226586
3707,0.031716414
3708,0.024438292
3709,0.033692904
3710,0.17186086
3711,0.021373833
3712,0.042221125
3713,0.062285002
3714,0.14743501
3715,0.38904876
3716,0.081175596
3717,0.022955587
3718,0.038540345
3719,0.058271505
3720,0.027184391
3721,0.09973335
3722,0.14386897
3723,0.08729501
3724,0.09272897
3725,0.059157368
3726,0.03352906
3727,0.031611506
3728,0.030845081
3729,0.03333932
3730,0.0773796
3731,0.052780937
3732,0.12058328
3733,0.0150379585
3734,0.033596467
3735,0.026261413
3736,0.020431915
3737,0.015768971
3738,0.024096891
3739,0.037250053
3740,0.02265942
3741,0.05869363
3742,0.19525734
3743,0.2423426
3744,0.04051343
3745,0.036126334
3746,0.033775568
3747,0.08695716
3748,0.063708
3749,0.015983395
3750,0.05409379
3751,0.01590326
3752,0.03076405
3753,0.15836246
3754,0.024830036
3755,0.024583595
3756,0.032229476
3757,0.05404865
3758,0.057424705
3759,0.11716332
3760,0.09272084
3761,0.1017503
3762,0.05901145
3763,0.03517996
3764,0.020061841
3765,0.04823712
3766,0.043269537
3767,0.1177946
3768,0.043743074
3769,0.376672
3770,0.096284926
3771,0.023034085
3772,0.012431202
3773,0.09756903
3774,0.045589533
3775,0.045185365
3776,0.021868048
3777,0.0172905
3778,0.055517245
3779,0.012198084
3780,0.020287044
3781,0.02156611
3782,0.06717853
3783,0.041953642
3784,0.06508559
3785,0.054639176
3786,0.08240001
3787,0.16074327
3788,0.3276939
3789,0.055780824
3790,0.024429243
3791,0.06752716
3792,0.01697146
3793,0.03657967
3794,0.06864219
3795,0.04695135
3796,0.10544243
3797,0.038507193
3798,0.09000055
3799,0.036613375
3800,0.055516455
3801,0.020092517
3802,0.02106316
3803,0.11774706
3804,0.0091558155
3805,0.03236708
3806,0.061015725
3807,0.010012221
3808,0.024131296
3809,0.0338705
3810,0.053674873
3811,0.06251758
3812,0.100280255
3813,0.07851366
3814,0.23132105
3815,0.10510224
3816,0.11433617
3817,0.012688773
3818,0.07071129
3819,0.046693992
3820,0.038421474
3821,0.07382045
3822,0.032196634
3823,0.023025773
3824,0.04495143
3825,0.035062514
3826,0.012535011
3827,0.047049332
3828,0.07056025
3829,0.03143142
3830,0.047925632
3831,0.024599219
3832,0.03177849
3833,0.06140658
3834,0.014858705
3835,0.034710802
3836,0.0923429
3837,0.05512201
3838,0.11197735
3839,0.3919824
3840,0.08081589
3841,0.091242425
3842,0.053991307
3843,0.062954806
3844,0.05902327
3845,0.06831032
3846,0.04798798
3847,0.010099831
3848,0.009519803
3849,0.0217338
3850,0.24572079
3851,0.06020826
3852,0.06915673
3853,0.056014843
3854,0.0679461
3855,0.01979806
3856,0.025819015
3857,0.008729468
3858,0.022778504
3859,0.036169454
3860,0.19439028
3861,0.060059268
3862,0.03934859
3863,0.08214065
3864,0.5176605
3865,0.06886544
3866,0.015070454
3867,0.15101126
3868,0.052780937
3869,0.17581713
3870,0.20676406
3871,0.059276924
3872,0.022562752
3873,0.042882178
3874,0.04553874
3875,0.08517175
3876,0.13210174
3877,0.036622114
3878,0.23308064
3879,0.07359346
3880,0.06075026
3881,0.0155658135
3882,0.010825903
3883,0.022658098
3884,0.046691574
3885,0.057083182
3886,0.015716
3887,0.09644525
3888,0.12333831
3889,0.12571533
3890,0.0670328
3891,0.03178779
3892,0.09025936
3893,0.14620012
3894,0.228664
3895,0.047427755
3896,0.044100903
3897,0.05799691
3898,0.3832541
3899,0.03518145
3900,0.157984
3901,0.27148485
3902,0.24083358
3903,0.01293896
3904,0.020329034
3905,0.009817286
3906,0.035943083
3907,0.046407163
3908,0.14514457
3909,0.22736198
3910,0.0614253
3911,0.0665323
3912,0.22660358
3913,0.12007818
3914,0.11083457
3915,0.17540641
3916,0.30691436
3917,0.06810178
3918,0.021860583
3919,0.045557167
3920,0.08449158
3921,0.0486687
3922,0.24676429
3923,0.6619353
3924,0.0052728723
3925,0.039387103
3926,0.3241791
3927,0.015051313
3928,0.04408599
3929,0.22873928
3930,0.013138281
3931,0.046781335
3932,0.06547688
3933,0.01668499
3934,0.03927531
3935,0.005853776
3936,0.25225648
3937,0.038341124
3938,0.06800052
3939,0.16827185
3940,0.11820386
3941,0.23228857
3942,0.32470837
3943,0.18085839
3944,0.026136303
3945,0.24300973
3946,0.082223766
3947,0.105535686
3948,0.66499716
3949,0.35627517
3950,0.2674883
3951,0.005866355
3952,0.024317464
3953,0.12168899
3954,0.05676773
3955,0.026320722
3956,0.011895885
3957,0.020526996
3958,0.011287939
3959,0.052824594
3960,0.011030367
3961,0.032716695
3962,0.052543357
3963,0.08090083
3964,0.07158076
3965,0.08181269
3966,0.073991016
3967,0.17754647
3968,0.15763807
3969,0.026815888
3970,0.09289896
3971,0.23707658
3972,0.020526996
3973,0.050542787
3974,0.6494736
3975,0.7188846
3976,0.3835103
3977,0.026555963
3978,0.07324701
3979,0.2831334
3980,0.069969416
3981,0.05889024
3982,0.009132442
3983,0.050080203
3984,0.05943333
3985,0.042098895
3986,0.011811877
3987,0.24148257
3988,0.01816734
3989,0.029769592
3990,0.08082263
3991,0.08643372
3992,0.04692293
3993,0.045404144
3994,0.12288594
3995,0.10630514
3996,0.024956632
3997,0.1077321
3998,0.08651571
3999,0.08458975
4000,0.66775644
4001,0.6944047
4002,0.38563576
4003,0.0156007605
4004,0.09284238
4005,0.025092231
4006,0.19348839
4007,0.08223052
4008,0.23607841
4009,0.03942164
4010,0.08526666
4011,0.021811672
4012,0.076874666
4013,0.08728401
4014,0.22574039
4015,0.15344216
4016,0.37860188
4017,0.2601462
4018,0.112259634
4019,0.11175341
4020,0.06667554
4021,0.055341445
4022,0.09369254
4023,0.038727112
4024,0.031925708
4025,0.024479836
4026,0.12119053
4027,0.1971557
4028,0.060977377
4029,0.09283252
4030,0.025422605
4031,0.6521872
4032,0.9933098
4033,0.6707467
4034,0.11888987
4035,0.045967955
4036,0.12069783
4037,0.012149167
4038,0.20067629
4039,0.026217762
4040,0.018414766
4041,0.017477633
4042,0.03232626
4043,0.08082011
4044,0.044481542
4045,0.30330795
4046,0.5680021
4047,0.060672287
4048,0.07679972
4049,0.068887934
4050,0.24291374
4051,0.0635885
4052,0.17933461
4053,0.08502082
4054,0.033175495
4055,0.08343016
4056,0.08786896
4057,0.086992286
4058,0.042109802
4059,0.36775857
4060,0.32837707
4061,0.13464381
4062,0.066993706
4063,0.026708145
4064,0.09319914
4065,0.062406797
4066,0.18445967
4067,0.028708847
4068,0.038780637
4069,0.03878044
4070,0.020476904
4071,0.03722404
4072,0.04001511
4073,0.22924988
4074,0.43984148
4075,0.23763256
4076,0.25009003
4077,0.09199753
4078,0.15319869
4079,0.21633251
4080,0.37609935
4081,0.053064797
4082,0.02667769
4083,0.033182863
4084,0.03187893
4085,0.12066292
4086,0.1448947
4087,0.121985614
4088,0.28292048
4089,0.24111712
4090,0.13512935
4091,0.9973313
4092,0.11569195
4093,0.020302799
4094,0.10472838
4095,0.14644901
4096,0.022845909
4097,0.0503214
4098,0.21963328
4099,0.055724263
4100,0.032830283
4101,0.03325863
4102,0.04053276
4103,0.11769481
4104,0.31274128
4105,0.24363695
4106,0.3646202
4107,0.3220063
4108,0.126882
4109,0.12182972
4110,0.30933753
4111,0.013482341
4112,0.025233477
4113,0.13022465
4114,0.06656036
4115,0.04857847
4116,0.27092287
4117,0.2263768
4118,0.051145915
4119,0.37245524
4120,0.23745044
4121,0.069779664
4122,0.091929056
4123,0.06834537
4124,0.044997253
4125,0.010918722
4126,0.008527478
4127,0.014641448
4128,0.026912082
4129,0.051211435
4130,0.07633522
4131,0.06938829
4132,0.10329538
4133,0.36361003
4134,0.5832299
4135,0.33158064
4136,0.2363117
4137,0.38851082
4138,0.080445185
4139,0.06704369
4140,0.06694875
4141,0.117147535
4142,0.17257468
4143,0.059035998
4144,0.02633227
4145,0.05811357
4146,0.12052366
4147,0.02032331
4148,0.040627368
4149,0.08328201
4150,0.022402562
4151,0.036661215
4152,0.021726338
4153,0.011930121
4154,0.0322541
4155,0.061916646
4156,0.051604617
4157,0.06870694
4158,0.15257752
4159,0.15155049
4160,0.26390606
4161,0.44480348
4162,0.40496582
4163,0.32670963
4164,0.09064353
4165,0.005746957
4166,0.041204825
4167,0.022650741
4168,0.048165962
4169,0.0942592
4170,0.009043363
4171,0.033736113
4172,0.579216
4173,0.044868305
4174,0.018406315
4175,0.05586407
4176,0.046165425
4177,0.08778686
4178,0.03632143
4179,0.0451718
4180,0.014803982
4181,0.026866175
4182,0.07278061
4183,0.08241977
4184,0.37970155
4185,0.32359233
4186,0.101015985
4187,0.6467014
4188,0.3385564
4189,0.36941358
4190,0.11977972
4191,0.03674818
4192,0.03171992
4193,0.03407625
4194,0.045537625
4195,0.03965011
4196,0.033143584
4197,0.06264677
4198,0.3791984
4199,0.082412414
4200,0.3072852
4201,0.028971337
4202,0.0874745
4203,0.102837585
4204,0.12155108
4205,0.14328653
4206,0.03973343
4207,0.028610546
4208,0.008033293
4209,0.038818892
4210,0.121464856
4211,0.56447697
4212,0.30672348
4213,0.37989673
4214,0.13768744
4215,0.32534426
4216,0.12938875
4217,0.06885398
4218,0.041010614
4219,0.012771524
4220,0.024531322
4221,0.012974264
4222,0.033228442
4223,0.107359715
4224,0.11975972
4225,0.075719185
4226,0.18094581
4227,0.026144918
4228,0.06620298
4229,0.23193185
4230,0.03750411
4231,0.010167263
4232,0.010837772
4233,0.09568208
4234,0.122542724
4235,0.028898882
4236,0.09603541
4237,0.22046034
4238,0.062494833
4239,0.077665195
4240,0.031290166
4241,0.07970059
4242,0.0685075
4243,0.03463422
4244,0.10447362
4245,0.09078729
4246,0.037746403
4247,0.024971452
4248,0.009513879
4249,0.095563516
4250,0.011862168
4251,0.08453987
4252,0.03750637
4253,0.031962764
4254,0.10133867
4255,0.03348173
4256,0.039366476
4257,0.008711894
4258,0.036387525
4259,0.16275066
4260,0.32750127
4261,0.38411388
4262,0.095089965
4263,0.010767077
4264,0.020274311
4265,0.020501355
4266,0.026579231
4267,0.047868963
4268,0.014829988
4269,0.05912096
4270,0.11974263
4271,0.014296948
4272,0.027037928
4273,0.014850247
4274,0.031400803
4275,0.020568473
4276,0.06713256
4277,0.07644874
4278,0.24268445
4279,0.014355212
4280,0.018081134
4281,0.032327555
4282,0.062128685
4283,0.08186113
4284,0.25713035
4285,0.096130565
4286,0.01199007
4287,0.12328051
4288,0.033727776
4289,0.015575221
4290,0.06407744
4291,0.112054266
4292,0.04361563
4293,0.011878524
4294,0.020526996
4295,0.01004511
4296,0.23889756
4297,0.025195109
4298,0.11597378
4299,0.05803108
4300,0.035679027
4301,0.018157551
4302,0.026141534
4303,0.0532957
4304,0.2534212
4305,0.031382237
4306,0.020714622
4307,0.026836606
4308,0.038853317
4309,0.052125335
4310,0.22939245
4311,0.058501147
4312,0.2230751
4313,0.08474097
4314,0.029125951
4315,0.044719942
4316,0.04166834
4317,0.026857125
4318,0.24388461
4319,0.020646181
4320,0.14877634
4321,0.018203843
4322,0.06893857
4323,0.04733272
4324,0.011344347
4325,0.25066096
4326,0.3123429
4327,0.09604333
4328,0.07806455
4329,0.07426621
4330,0.04335975
4331,0.04105634
4332,0.081739746
4333,0.068849035
4334,0.08402017
4335,0.9607122
4336,0.06977359
4337,0.06987572
4338,0.06428616
4339,0.034013476
4340,0.1309279
4341,0.38289738
4342,0.062432405
4343,0.13179033
4344,0.02500913
4345,0.06458844
4346,0.009652135
4347,0.02414791
4348,0.06988471
4349,0.026824655
4350,0.024647757
4351,0.051444177
4352,0.05473112
4353,0.020351304
4354,0.050618183
4355,0.017723918
4356,0.1514851
4357,0.032894913
4358,0.03155475
4359,0.069513895
4360,0.094589725
4361,0.022979362
4362,0.050241467
4363,0.6014778
4364,0.059863165
4365,0.08644904
4366,0.047627762
4367,0.033431746
4368,0.040929947
4369,0.043718103
4370,0.016916737
4371,0.33738935
4372,0.02565682
4373,0.0055893064
4374,0.016819743
4375,0.045068424
4376,0.08275714
4377,0.021757578
4378,0.09755603
4379,0.037609354
4380,0.024746168
4381,0.0051941695
4382,0.042660393
4383,0.30401346
4384,0.025504174
4385,0.021780116
4386,0.009240566
4387,0.022531556
4388,0.03954125
4389,0.008438662
4390,0.03337204
4391,0.13270779
4392,0.055559337
4393,0.012971811
4394,0.015265631
4395,0.01572935
4396,0.060482245
4397,0.118675806
4398,0.08141255
4399,0.06674072
4400,0.05820525
4401,0.025469871
4402,0.048021097
4403,0.01756393
4404,0.059838735
4405,0.16798535
4406,0.11625027
4407,0.010036911
4408,0.011110145
4409,0.032981545
4410,0.01460069
4411,0.01684032
4412,0.021551803
4413,0.008392066
4414,0.009635472
4415,0.01555373
4416,0.015666451
4417,0.024587583
4418,0.049168453
4419,0.047980618
4420,0.094798766
4421,0.11702901
4422,0.18557514
4423,0.010186684
4424,0.025225632
4425,0.012329261
4426,0.018194465
4427,0.020430656
4428,0.014770794
4429,0.012291965
4430,0.014563605
4431,0.006990578
4432,0.05542559
4433,0.04220286
4434,0.04297007
4435,0.014567391
4436,0.013088157
4437,0.008500019
4438,0.082571596
4439,0.025168648
4440,0.042714726
4441,0.008267512
4442,0.010796163
4443,0.032842055
4444,0.015789568
4445,0.07016384
4446,0.011110788
4447,0.010758341
4448,0.18555543
4449,0.055587012
4450,0.06050269
4451,0.06007875
4452,0.06769118
4453,0.02429489
4454,0.010436825
4455,0.0044121034
4456,0.06643771
4457,0.015150756
4458,0.08476048
4459,0.0075801015
4460,0.1168646
4461,0.017723918
4462,0.025969831
4463,0.026291795
4464,0.008241058
4465,0.011092305
4466,0.032961946
4467,0.009910051
4468,0.011349341
4469,0.0704422
4470,0.054460064
4471,0.031967565
4472,0.1635008
4473,0.020148257
4474,0.024901748
4475,0.0035668877
4476,0.01588567
4477,0.042442407
4478,0.021470843
4479,0.013118419
4480,0.025209013
4481,0.032280106
4482,0.009606243
4483,0.010965463
4484,0.016776297
4485,0.031605136
4486,0.15403427
4487,0.12154736
4488,0.020591749
4489,0.08365352
4490,0.022422329
4491,0.021269247
4492,0.044044178
4493,0.02249435
4494,0.032773852
4495,0.04948877
4496,0.05653802
4497,0.014697987
4498,0.030953722
4499,0.047733333
4500,0.042091608
4501,0.09886331
4502,0.04819894
4503,0.036151316
4504,0.046427816
4505,0.07420013
4506,0.04726319
4507,0.24806915
4508,0.30812395
4509,0.026740072
4510,0.048004102
4511,0.27187848
4512,0.065585
4513,0.19898976
4514,0.07747049
4515,0.16729832
4516,0.06551893
4517,0.09081846
4518,0.014074077
4519,0.040241856
4520,0.24441662
4521,0.027446615
4522,0.5392827
4523,0.1397638
4524,0.14697796
4525,0.06573359
4526,0.02733442
4527,0.04211609
4528,0.033103336
4529,0.018306285
4530,0.014525783
4531,0.18049948
4532,0.14746255
4533,0.3838853
4534,0.4173847
4535,0.047900315
4536,0.068614036
4537,0.117751844
4538,0.15812783
4539,0.05628196
4540,0.0406709
4541,0.06402754
4542,0.08099302
4543,0.3844686
4544,0.17034338
4545,0.15662731
4546,0.38952717
4547,0.16461375
4548,0.38493788
4549,0.058082517
4550,0.29809302
4551,0.049932092
4552,0.04623871
4553,0.03329193
4554,0.0710186
4555,0.026495647
4556,0.15672584
4557,0.10052401
4558,0.09996372
4559,0.035684485
4560,0.069977075
4561,0.18591122
4562,0.032541715
4563,0.05437189
4564,0.06144361
4565,0.0701206
4566,0.032822736
4567,0.03884129
4568,0.047612604
4569,0.07054828
4570,0.026365861
4571,0.053657588
4572,0.24713038
4573,0.07484786
4574,0.27175826
4575,0.05655224
4576,0.024454542
4577,0.0031691904
4578,0.015490175
4579,0.3788286
4580,0.10488823
4581,0.012814543
4582,0.074567184
4583,0.17836075
4584,0.38365963
4585,0.0055444157
4586,0.06748524
4587,0.048527665
4588,0.013763224
4589,0.016505415
4590,0.035958372
4591,0.0043223603
4592,0.07174458
4593,0.06823509
4594,0.08872499
4595,0.2573601
4596,0.37529618
4597,0.01824087
4598,0.020001998
4599,0.04553784
4600,0.010796163
4601,0.008674746
4602,0.024627523
4603,0.032927904
4604,0.17073257
4605,0.02131911
4606,0.042951576
4607,0.06480171
4608,0.02599257
4609,0.1448009
4610,0.39132968
4611,0.07915322
4612,0.021726338
4613,0.023316102
4614,0.038956966
4615,0.05450821
4616,0.020609934
4617,0.027349262
4618,0.012504422
4619,0.1013564
4620,0.24316077
4621,0.088276766
4622,0.09206903
4623,0.059954457
4624,0.033611547
4625,0.032283552
4626,0.031589314
4627,0.033857502
4628,0.080420166
4629,0.055448975
4630,0.11979534
4631,0.015134389
4632,0.03346766
4633,0.027003562
4634,0.020291774
4635,0.015882226
4636,0.02459526
4637,0.038542803
4638,0.024574408
4639,0.061759703
4640,0.19502944
4641,0.23677438
4642,0.042893734
4643,0.038808547
4644,0.037908733
4645,0.08953323
4646,0.0667165
4647,0.015872147
4648,0.054739043
4649,0.015187402
4650,0.034034826
4651,0.009640441
4652,0.15527046
4653,0.025613677
4654,0.024903063
4655,0.032094605
4656,0.053540476
4657,0.05899268
4658,0.16129598
4659,0.09419687
4660,0.17856912
4661,0.05793388
4662,0.037313584
4663,0.020007119
4664,0.051601402
4665,0.042214792
4666,0.11933037
4667,0.04508832
4668,0.37928474
4669,0.17436117
4670,0.02309855
4671,0.0979628
4672,0.04709725
4673,0.04848873
4674,0.021918288
4675,0.017235778
4676,0.009953127
4677,0.057536185
4678,0.012095703
4679,0.020696733
4680,0.021627823
4681,0.0670207
4682,0.043694206
4683,0.06685769
4684,0.054589532
4685,0.08091083
4686,0.16718811
4687,0.3392877
4688,0.056472816
4689,0.024787491
4690,0.067617364
4691,0.017141134
4692,0.03748638
4693,0.06904538
4694,0.04994194
4695,0.106899284
4696,0.039713185
4697,0.08866039
4698,0.039226755
4699,0.056874562
4700,0.020407759
4701,0.021470843
4702,0.119900994
4703,0.009772738
4704,0.031995483
4705,0.06075992
4706,0.032156084
4707,0.009996124
4708,0.024677638
4709,0.03407411
4710,0.055963777
4711,0.06350657
4712,0.100437686
4713,0.08502009
4714,0.22981189
4715,0.10238809
4716,0.115331836
4717,0.012923131
4718,0.071689785
4719,0.011928212
4720,0.04854427
4721,0.03889018
4722,0.072930336
4723,0.03198338
4724,0.02309855
4725,0.046148203
4726,0.03585624
4727,0.0129701
4728,0.049252316
4729,0.07043275
4730,0.03417184
4731,0.051988654
4732,0.008023847
4733,0.024732688
4734,0.032007284
4735,0.06371947
4736,0.014573374
4737,0.03478899
4738,0.09260312
4739,0.054573223
4740,0.11280315
4741,0.3862929
4742,0.08118846
4743,0.09227234
4744,0.05494912
4745,0.0670434
4746,0.061100233
4747,0.069129735
4748,0.047792736
4749,0.009765369
4750,0.021929475
4751,0.24813214
4752,0.059835743
4753,0.06830815
4754,0.056254227
4755,0.0705883
4756,0.020406527
4757,0.023699204
4758,0.008926308
4759,0.022001226
4760,0.022840217
4761,0.035275307
4762,0.19178095
4763,0.059744935
4764,0.040723618
4765,0.083702974
4766,0.5147751
4767,0.06929651
4768,0.15293145
4769,0.05364175
4770,0.2325822
4771,0.18717305
4772,0.058166046
4773,0.045910724
4774,0.047267217
4775,0.08616326
4776,0.24040487
4777,0.039077304
4778,0.14534378
4779,0.07412698
4780,0.0634481
4781,0.015192879
4782,0.022647992
4783,0.048250917
4784,0.0591601
4785,0.015740799
4786,0.09707878
4787,0.12363604
4788,0.12746882
4789,0.07043346
4790,0.03239018
4791,0.08997055
4792,0.14602819
4793,0.22565773
4794,0.052132994
4795,0.04632016
4796,0.023727663
4797,0.009610527
4798,0.05803433
4799,0.3849786
4800,0.035744935
4801,0.15098737
4802,0.32840523
4803,0.23756242
4804,0.012771524
4805,0.020667242
4806,0.03636338
4807,0.049421787
4808,0.14244884
4809,0.22743051
4810,0.06424805
4811,0.06747692
4812,0.23760687
4813,0.119750224
4814,0.11067149
4815,0.17652851
4816,0.2366422
4817,0.06840354
4818,0.04708735
4819,0.08601974
4820,0.050204936
4821,0.24818844
4822,0.6471738
4823,0.0052728723
4824,0.04023426
4825,0.31509373
4826,0.015051313
4827,0.042727787
4828,0.2293029
4829,0.015556011
4830,0.012861936
4831,0.046579495
4832,0.0663607
4833,0.017366698
4834,0.038349893
4835,0.24997866
4836,0.038341124
4837,0.06601966
4838,0.16937487
4839,0.11907678
4840,0.18066013
4841,0.32427332
4842,0.23599574
4843,0.14573628
4844,0.12615709
4845,0.105163015
4846,0.648246
4847,0.3524871
4848,0.26359293
4849,0.005835831
4850,0.025160024
4851,0.121168174
4852,0.057859056
4853,0.0060292734
4854,0.0117844995
4855,0.011133158
4856,0.05227715
4857,0.0110477265
4858,0.032709956
4859,0.05149561
4860,0.079808466
4861,0.07063405
4862,0.07978062
4863,0.07063067
4864,0.17445546
4865,0.08414101
4866,0.02648848
4867,0.09268127
4868,0.15348512
4869,0.020526996
4870,0.051275577
4871,0.6645018
4872,0.68641686
4873,0.3840496
4874,0.0056628566
4875,0.024805188
4876,0.07197286
4877,0.28136557
4878,0.06981001
4879,0.056635693
4880,0.008908304
4881,0.049154285
4882,0.05828132
4883,0.042473912
4884,0.011811877
4885,0.23554373
4886,0.01816734
4887,0.028369823
4888,0.079541095
4889,0.085671894
4890,0.048266176
4891,0.046094146
4892,0.12349155
4893,0.10509581
4894,0.024858827
4895,0.10648023
4896,0.08609977
4897,0.08563472
4898,0.6704594
4899,0.68352944
4900,0.3895964
4901,0.015521238
4902,0.059030756
4903,0.025525369
4904,0.0087766545
4905,0.18999024
4906,0.080463134
4907,0.23229834
4908,0.0386174
4909,0.07982989
4910,0.021587279
4911,0.07653309
4912,0.08629652
4913,0.124949455
4914,0.15436105
4915,0.37419024
4916,0.26256433
4917,0.10860562
4918,0.11125242
4919,0.067444526
4920,0.056078304
4921,0.09182437
4922,0.037506532
4923,0.032194354
4924,0.12158738
4925,0.12447735
4926,0.059293024
4927,0.09202858
4928,0.024858827
4929,0.67940295
4930,1.0113178
4931,0.66544896
4932,0.09268008
4933,0.04625898
4934,0.1780566
4935,0.19274506
4936,0.026043186
4937,0.01807803
4938,0.01760053
4939,0.03256893
4940,0.07943148
4941,0.04484383
4942,0.30612728
4943,0.5605293
4944,0.060740743
4945,0.07753817
4946,0.068675645
4947,0.13336866
4948,0.06340096
4949,0.17914248
4950,0.14737456
4951,0.03413877
4952,0.082667194
4953,0.086209245
4954,0.086614594
4955,0.042109802
4956,0.024306586
4957,0.366179
4958,0.33989155
4959,0.22597557
4960,0.06521944
4961,0.026499381
4962,0.08802784
4963,0.011801539
4964,0.060765766
4965,0.18133411
4966,0.028561804
4967,0.03878097
4968,0.039412677
4969,0.017536592
4970,0.02008168
4971,0.038847327
4972,0.038724624
4973,0.30199108
4974,0.44084597
4975,0.23838602
4976,0.24572769
4977,0.092801444
4978,0.15273194
4979,0.12202673
4980,0.37010187
4981,0.053260382
4982,0.026436966
4983,0.03371756
4984,0.027642353
4985,0.120548375
4986,0.2188752
4987,0.123750634
4988,0.21184172
4989,0.23976018
4990,0.12934929
4991,0.99059737
4992,0.115004696
4993,0.019817242
4994,0.108526796
4995,0.14661306
4996,0.022961352
4997,0.048664685
4998,0.21727237
4999,0.05469399
5000,0.03296611
5001,0.032388285
5002,0.041891344
5003,0.11449645
5004,0.3129475
5005,0.24293368
5006,0.3591179
5007,0.24063066
5008,0.12574302
5009,0.12052542
5010,0.23209958
5011,0.024935769
5012,0.13307394
5013,0.06521469
5014,0.048694268
5015,0.26690838
5016,0.22541752
5017,0.05013057
5018,0.39087227
5019,0.24075066
5020,0.07033812
5021,0.09257146
5022,0.06762976
5023,0.04361047
5024,0.008420657
5025,0.014759341
5026,0.026918782
5027,0.051094502
5028,0.076052725
5029,0.069414005
5030,0.10144242
5031,0.24471249
5032,0.5997766
5033,0.34201896
5034,0.23655604
5035,0.37423113
5036,0.07876153
5037,0.020221364
5038,0.066354886
5039,0.066363946
5040,0.16869609
5041,0.16788298
5042,0.0588831
5043,0.026247792
5044,0.05678574
5045,0.118772335
5046,0.020797525
5047,0.040627368
5048,0.084239416
5049,0.022669485
5050,0.03561809
5051,0.021898234
5052,0.0120180575
5053,0.03211867
5054,0.06162283
5055,0.05181788
5056,0.06869265
5057,0.22721209
5058,0.15097107
5059,0.2781973
5060,0.43311185
5061,0.4123201
5062,0.3317892
5063,0.08911065
5064,0.0059060156
5065,0.04124018
5066,0.022531556
5067,0.046153963
5068,0.09333048
5069,0.008674746
5070,0.031638205
5071,0.5767626
5072,0.044868305
5073,0.018325355
5074,0.054644685
5075,0.044852518
5076,0.08946352
5077,0.035196386
5078,0.04404594
5079,0.017803444
5080,0.014904251
5081,0.015215054
5082,0.026820207
5083,0.07077706
5084,0.08164171
5085,0.38049266
5086,0.3228622
5087,0.10124292
5088,0.6953849
5089,0.32060644
5090,0.3652098
5091,0.121007316
5092,0.031721007
5093,0.033172145
5094,0.04464709
5095,0.04012055
5096,0.06105294
5097,0.38172945
5098,0.1200051
5099,0.23495626
5100,0.028718354
5101,0.08828386
5102,0.10140769
5103,0.118722126
5104,0.14407699
5105,0.03964273
5106,0.028369823
5107,0.008395603
5108,0.038045727
5109,0.12414749
5110,0.58519
5111,0.31244668
5112,0.3669266
5113,0.2352138
5114,0.23896533
5115,0.12875134
5116,0.07099804
5117,0.038089573
5118,0.012771524
5119,0.024600869
5120,0.03434317
5121,0.028519789
5122,0.10539636
5123,0.12007488
5124,0.075132206
5125,0.17994112
5126,0.02613605
5127,0.064806335
5128,0.30788663
5129,0.037281595
5130,0.010004577
5131,0.010847945
5132,0.0930449
5133,0.121245526
5134,0.028662713
5135,0.19441263
5136,0.14617401
5137,0.06152329
5138,0.07629593
5139,0.030089783
5140,0.080005094
5141,0.06808855
5142,0.032933142
5143,0.10494083
5144,0.090528354
5145,0.038152162
5146,0.024971452
5147,0.009513879
5148,0.17974849
5149,0.012341763
5150,0.014985274
5151,0.083607815
5152,0.037467703
5153,0.030886387
5154,0.10093122
5155,0.03167644
5156,0.039263252
5157,0.008061383
5158,0.036277913
5159,0.16652034
5160,0.25083622
5161,0.3724994
5162,0.0941655
5163,0.026209783
5164,0.047390096
5165,0.063717835
5166,0.12078416
5167,0.013924924
5168,0.027272442
5169,0.014962963
5170,0.030205332
5171,0.020396577
5172,0.0117211165
5173,0.063716665
5174,0.075368814
5175,0.32274416
5176,0.014274841
5177,0.01839454
5178,0.0310637
5179,0.062252723
5180,0.08170112
5181,0.339339
5182,0.09340229
5183,0.009872704
5184,0.1241215
5185,0.03296665
5186,0.01567974
5187,0.064584956
5188,0.11055655
5189,0.04786409
5190,0.020751389
5191,0.18446724
5192,0.028979326
5193,0.0152571285
5194,0.025168648
5195,0.11410738
5196,0.056603305
5197,0.03518741
5198,0.018197214
5199,0.02568434
5200,0.05473033
5201,0.25352654
5202,0.030519655
5203,0.020714622
5204,0.026629629
5205,0.0396239
5206,0.05321792
5207,0.2260198
5208,0.053460967
5209,0.1523003
5210,0.08064516
5211,0.028155435
5212,0.045388293
5213,0.045187313
5214,0.026715662
5215,0.18341845
5216,0.020843372
5217,0.018338246
5218,0.14973551
5219,0.01854058
5220,0.068311006
5221,0.046764962
5222,0.008674746
5223,0.011199021
5224,0.25247854
5225,0.45704964
5226,0.094343685
5227,0.07790629
5228,0.013839773
5229,0.0736609
5230,0.043137234
5231,0.040587313
5232,0.07883948
5233,0.06862285
5234,0.08319308
5235,0.9559603
5236,0.020751389
5237,0.06726994
5238,0.015994528
5239,0.06846365
5240,0.06816835
5241,0.018246861
5242,0.034221362
5243,0.12930761
5244,0.3751019
5245,0.0632189
5246,0.13087931
5247,0.01798563
5248,0.06391683
5249,0.024300477
5250,0.06902926
5251,0.025366537
5252,0.024503598
5253,0.04818405
5254,0.052060753
5255,0.025734091
5256,0.02012691
5257,0.049768113
5258,0.017723918
5259,0.1554754
5260,0.032190368
5261,0.014850247
5262,0.030751523
5263,0.0693292
5264,0.09403958
5265,0.023203759
5266,0.04998957
5267,0.5980427
5268,0.060505945
5269,0.08766652
5270,0.040332925
5271,0.043495588
5272,0.017115314
5273,0.33608887
5274,0.02495611
5275,0.016687723
5276,0.04568382
5277,0.08221896
5278,0.021960314
5279,0.09757709
5280,0.038776476
5281,0.02476419
5282,0.043644406
5283,0.30479494
5284,0.021876764
5285,0.00429026
5286,0.022531556
5287,0.012674327
5288,0.039275374
5289,0.010074403
5290,0.031198695
5291,0.13499616
5292,0.055365615
5293,0.015656915
5294,0.015942333
5295,0.057566646
5296,0.11817469
5297,0.086557984
5298,0.06782964
5299,0.05595527
5300,0.024910057
5301,0.047171026
5302,0.017823435
5303,0.060993426
5304,0.22009732
5305,0.11426555
5306,0.0060292734
5307,0.031182788
5308,0.0145004215
5309,0.012877084
5310,0.01684032
5311,0.01125567
5312,0.021467308
5313,0.0083133625
5314,0.009780341
5315,0.015255619
5316,0.015633257
5317,0.024587583
5318,0.0489207
5319,0.04566234
5320,0.095542744
5321,0.0053648306
5322,0.008519615
5323,0.009872704
5324,0.12069227
5325,0.008674746
5326,0.18557851
5327,0.009854979
5328,0.021558657
5329,0.025168648
5330,0.012408786
5331,0.009910051
5332,0.018409867
5333,0.019871358
5334,0.030035876
5335,0.012846428
5336,0.014626515
5337,0.05426839
5338,0.02605107
5339,0.03845636
5340,0.041814044
5341,0.014567391
5342,0.008500019
5343,0.08237508
5344,0.024975263
5345,0.042640448
5346,0.030792546
5347,0.01572935
5348,0.06990225
5349,0.010928975
5350,0.01088504
5351,0.18734197
5352,0.05477418
5353,0.056171115
5354,0.060219806
5355,0.015022452
5356,0.06755756
5357,0.024324322
5358,0.010016926
5359,0.0649951
5360,0.015822396
5361,0.084403135
5362,0.11717054
5363,0.018116849
5364,0.025267504
5365,0.03178768
5366,0.026655374
5367,0.025215972
5368,0.011197282
5369,0.0114227645
5370,0.010186684
5371,0.032111306
5372,0.010041816
5373,0.011225293
5374,0.06965162
5375,0.0525325
5376,0.030912476
5377,0.0060292734
5378,0.0061155725
5379,0.16381395
5380,0.020116296
5381,0.014766221
5382,0.01595274
5383,0.044100378
5384,0.021673579
5385,0.013118419
5386,0.025125565
5387,0.016831156
5388,0.030721748
5389,0.011011769
5390,0.016116021
5391,0.030328466
5392,0.15165946
5393,0.123097226
5394,0.020753399
5395,0.08147903
5396,0.012989839
5397,0.022297999
5398,0.010758341
5399,0.02252234
5400,0.05338602
5401,0.023454547
5402,0.04647755
5403,0.06035778
5404,0.01416835
5405,0.026279282
5406,0.046732057
5407,0.041869093
5408,0.10334213
5409,0.04797106
5410,0.14091164
5411,0.044583123
5412,0.07739639
5413,0.3138436
5414,0.30854854
5415,0.025763763
5416,0.048004102
5417,0.26011413
5418,0.063189924
5419,0.25621453
5420,0.10211163
5421,0.14912473
5422,0.06647035
5423,0.09816331
5424,0.014296948
5425,0.042012453
5426,0.01501619
5427,0.011704077
5428,0.24894534
5429,0.02981554
5430,0.5558738
5431,0.14141805
5432,0.03899473
5433,0.25615937
5434,0.06689364
5435,0.02660589
5436,0.024340851
5437,0.0448356
5438,0.032676447
5439,0.014725107
5440,0.18417068
5441,0.14676276
5442,0.3780962
5443,0.40302554
5444,0.07206974
5445,0.12022797
5446,0.15342872
5447,0.009178823
5448,0.008157174
5449,0.055275973
5450,0.041779984
5451,0.064508624
5452,0.08974236
5453,0.3834838
5454,0.12554982
5455,0.24742371
5456,0.3934612
5457,0.17213486
5458,0.023863588
5459,0.38758698
5460,0.057578735
5461,0.2923017
5462,0.049457747
5463,0.04616937
5464,0.03243712
5465,0.068924375
5466,0.089349255
5467,0.10319142
5468,0.035650905
5469,0.07354431
5470,0.35607058
5471,0.044642966
5472,0.030764969
5473,0.054770827
5474,0.060820177
5475,0.06947962
5476,0.031586275
5477,0.037501156
5478,0.043910235
5479,0.06973535
5480,0.026341606
5481,0.05881154
5482,0.2485647
5483,0.0734006
5484,0.26769415
5485,0.05588482
5486,0.03785191
5487,0.02482493
5488,0.015814535
5489,0.016606763
5490,0.39080665
5491,0.07674425
5492,0.18473302
5493,0.28582296
5494,0.0055526136
5495,0.067771226
5496,0.04987095
5497,0.024340851
5498,0.017064713
5499,0.0063896915
5500,0.035538945
5501,0.004243658
5502,0.07605803
5503,0.06844489
5504,0.09505056
5505,0.25775388
5506,0.2835219
5507,0.017900402
5508,0.019499626
5509,0.044315252
5510,0.008763622
5511,0.030861015
5512,0.024601063
5513,0.0313218
5514,0.24331252
5515,0.021887403
5516,0.043344103
5517,0.010965463
5518,0.06732626
5519,0.0441859
5520,0.2607935
5521,0.38956168
5522,0.08239965
5523,0.021898234
5524,0.022979362
5525,0.03904352
5526,0.05633787
5527,0.020646181
5528,0.026327377
5529,0.013194473
5530,0.10053154
5531,0.24181582
5532,0.08703443
5533,0.09250918
5534,0.059195086
5535,0.034005087
5536,0.030991836
5537,0.030615086
5538,0.031888988
5539,0.07766643
5540,0.053587276
5541,0.11994963
5542,0.0151659455
5543,0.034138292
5544,0.026405586
5545,0.020493628
5546,0.015777713
5547,0.02324812
5548,0.039582424
5549,0.023044167
5550,0.021461708
5551,0.061414212
5552,0.19627766
5553,0.18586774
5554,0.042544294
5555,0.03701257
5556,0.034684952
5557,0.08439826
5558,0.065038696
5559,0.015789568
5560,0.054081716
5561,0.030027954
5562,0.009754079
5563,0.15438472
5564,0.025372952
5565,0.024862802
5566,0.031111982
5567,0.05344345
5568,0.056490045
5569,0.12035407
5570,0.094135255
5571,0.176989
5572,0.055378217
5573,0.03617544
5574,0.020090057
5575,0.049056683
5576,0.043195162
5577,0.11956837
5578,0.042439908
5579,0.38700777
5580,0.09464361
5581,0.09724718
5582,0.047510874
5583,0.04562494
5584,0.022069434
5585,0.017435102
5586,0.009835553
5587,0.012432358
5588,0.0565594
5589,0.021874048
5590,0.012200679
5591,0.02038842
5592,0.021676822
5593,0.067365974
5594,0.043177098
5595,0.06582167
5596,0.054347113
5597,0.08288269
5598,0.16499802
5599,0.32888862
5600,0.056354836
5601,0.024747828
5602,0.06753589
5603,0.016996263
5604,0.03713661
5605,0.06886995
5606,0.049245078
5607,0.10566935
5608,0.04062175
5609,0.089839034
5610,0.037395827
5611,0.051057972
5612,0.03197645
5613,0.020354412
5614,0.11809459
5615,0.0100392
5616,0.030656867
5617,0.06258253
5618,0.031214355
5619,0.010272757
5620,0.024631524
5621,0.031288806
5622,0.05354269
5623,0.06363318
5624,0.100763656
5625,0.07833143
5626,0.21798584
5627,0.10156728
5628,0.115295686
5629,0.012691367
5630,0.070772804
5631,0.011811877
5632,0.04785716
5633,0.039300516
5634,0.07090456
5635,0.032002576
5636,0.022979362
5637,0.04454217
5638,0.035436813
5639,0.048115283
5640,0.069433
5641,0.04955666
5642,0.008094031
5643,0.024587583
5644,0.030731073
5645,0.06398825
5646,0.031973977
5647,0.090322174
5648,0.053976834
5649,0.114695504
5650,0.39050516
5651,0.079997405
5652,0.091295004
5653,0.05444088
5654,0.09557445
5655,0.061654605
5656,0.06689221
5657,0.047855508
5658,0.009953127
5659,0.021757578
5660,0.23769595
5661,0.060915247
5662,0.06770439
5663,0.055485185
5664,0.06993096
5665,0.020376004
5666,0.026083628
5667,0.009043363
5668,0.021918288
5669,0.02294917
5670,0.03485166
5671,0.19212745
5672,0.05921671
5673,0.040353008
5674,0.08217608
5675,0.52725893
5676,0.06695131
5677,0.015215054
5678,0.1479444
5679,0.05267468
5680,0.22481205
5681,0.19033124
5682,0.056463104
5683,0.022306174
5684,0.0441181
5685,0.08551819
5686,0.13218065
5687,0.037921764
5688,0.14891227
5689,0.07365085
5690,0.06306234
5691,0.015661277
5692,0.022647992
5693,0.047497682
5694,0.05623199
5695,0.015721492
5696,0.098587185
5697,0.12132198
5698,0.12441636
5699,0.06948317
5700,0.031563442
5701,0.09033531
5702,0.14643574
5703,0.2261576
5704,0.049690213
5705,0.04548001
5706,0.024270883
5707,0.0586383
5708,0.38847855
5709,0.034873426
5710,0.14979316
5711,0.32886264
5712,0.2272028
5713,0.012984508
5714,0.009122558
5715,0.03596397
5716,0.048301324
5717,0.14913888
5718,0.23668107
5719,0.06420204
5720,0.0694813
5721,0.23221642
5722,0.11989557
5723,0.11138115
5724,0.17621537
5725,0.23239389
5726,0.06878508
5727,0.04467609
5728,0.08479487
5729,0.04755071
5730,0.2447177
5731,0.6807293
5732,0.0051165326
5733,0.03873414
5734,0.31976935
5735,0.01519683
5736,0.04390756
5737,0.22778463
5738,0.01488638
5739,0.044398814
5740,0.06517735
5741,0.017293734
5742,0.038040414
5743,0.0058146724
5744,0.24865147
5745,0.036746003
5746,0.06516428
5747,0.16869763
5748,0.11757981
5749,0.17952517
5750,0.31691608
5751,0.23775558
5752,0.024971185
5753,0.23933257
5754,0.25621536
5755,0.18525846
5756,0.65894425
5757,0.3497212
5758,0.3302914
5759,0.024620635
5760,0.1226738
5761,0.056646425
5762,0.022202265
5763,0.005971981
5764,0.011708624
5765,0.020459533
5766,0.011226947
5767,0.04927931
5768,0.007015486
5769,0.010610806
5770,0.030508304
5771,0.049165916
5772,0.0792456
5773,0.071990766
5774,0.082719214
5775,0.07240687
5776,0.17380176
5777,0.08729456
5778,0.026221687
5779,0.09143419
5780,0.22084658
5781,0.085063376
5782,0.6838253
5783,0.70747304
5784,0.39564785
5785,0.006048108
5786,0.02469736
5787,0.017996721
5788,0.07408417
5789,0.27885503
5790,0.07317455
5791,0.05806974
5792,0.00896024
5793,0.04761652
5794,0.05831298
5795,0.041940242
5796,0.011744413
5797,0.23668593
5798,0.018324269
5799,0.028079845
5800,0.08422684
5801,0.08699387
5802,0.04283108
5803,0.04387234
5804,0.12189016
5805,0.06998034
5806,0.024984749
5807,0.10900118
5808,0.086995445
5809,0.08585073
5810,0.71182853
5811,0.70487535
5812,0.3780272
5813,0.015566491
5814,0.08830335
5815,0.024784043
5816,0.1967622
5817,0.08102078
5818,0.23018254
5819,0.079579554
5820,0.02103888
5821,0.08337773
5822,0.08656035
5823,0.21499632
5824,0.1533171
5825,0.39176568
5826,0.25776464
5827,0.110758685
5828,0.10985199
5829,0.068408966
5830,0.053529125
5831,0.09678899
5832,0.037018962
5833,0.03051975
5834,0.119292624
5835,0.12281821
5836,0.058596656
5837,0.0900035
5838,0.024923943
5839,0.6864576
5840,1.0041797
5841,0.678014
5842,0.10176645
5843,0.043051116
5844,0.28680536
5845,0.19183004
5846,0.026017763
5847,0.018033104
5848,0.017267274
5849,0.031187808
5850,0.07930544
5851,0.043496743
5852,0.30996355
5853,0.59767735
5854,0.060494453
5855,0.07977595
5856,0.06959641
5857,0.13034943
5858,0.06164136
5859,0.17883307
5860,0.085470356
5861,0.033207506
5862,0.081725195
5863,0.087310545
5864,0.0874453
5865,0.04287395
5866,0.37037438
5867,0.33982086
5868,0.22543246
5869,0.06569648
5870,0.023707503
5871,0.08933576
5872,0.061553493
5873,0.18260929
5874,0.02764514
5875,0.037116
5876,0.038834658
5877,0.017469129
5878,0.020372527
5879,0.03658113
5880,0.03791282
5881,0.21442467
5882,0.44584945
5883,0.31181034
5884,0.23450926
5885,0.093261115
5886,0.15127966
5887,0.22455062
5888,0.37452108
5889,0.08634469
5890,0.027026232
5891,0.032668766
5892,0.030445155
5893,0.12003881
5894,0.22939257
5895,0.12455878
5896,0.20776854
5897,0.23799174
5898,0.12646851
5899,0.9682085
5900,0.115771525
5901,0.020048833
5902,0.109577276
5903,0.14424993
5904,0.022778446
5905,0.049948007
5906,0.2068299
5907,0.05375296
5908,0.03180088
5909,0.03088056
5910,0.040716756
5911,0.11317353
5912,0.30995068
5913,0.24023001
5914,0.350258
5915,0.3237862
5916,0.12391649
5917,0.11929916
5918,0.23280987
5919,0.13319124
5920,0.06479408
5921,0.04603815
5922,0.34973893
5923,0.30637679
5924,0.049066827
5925,0.38157058
5926,0.30440587
5927,0.06865177
5928,0.093371816
5929,0.06832018
5930,0.04427353
5931,0.008353193
5932,0.014691877
5933,0.0266482
5934,0.04945007
5935,0.07535042
5936,0.06916492
5937,0.10260322
5938,0.2505645
5939,0.6308352
5940,0.32905674
5941,0.30636385
5942,0.36779594
5943,0.07822646
5944,0.06432205
5945,0.06445718
5946,0.11219801
5947,0.22967291
5948,0.0557231
5949,0.026054606
5950,0.0036258358
5951,0.05684923
5952,0.11885421
5953,0.020229386
5954,0.04155398
5955,0.089438
5956,0.022659006
5957,0.034750257
5958,0.02177806
5959,0.011950593
5960,0.0315639
5961,0.06091911
5962,0.049964353
5963,0.0663046
5964,0.22610532
5965,0.23048504
5966,0.26766723
5967,0.4298981
5968,0.4129199
5969,0.24424714
5970,0.09184255
5971,0.006048108
5972,0.04103278
5973,0.022464093
5974,0.045446973
5975,0.09592952
5976,0.00852318
5977,0.030225929
5978,0.5933744
5979,0.0803778
5980,0.017811656
5981,0.05172507
5982,0.04443528
5983,0.08911071
5984,0.036079675
5985,0.044304214
5986,0.017705457
5987,0.041272618
5988,0.014766603
5989,0.014948268
5990,0.026421016
5991,0.07014383
5992,0.08629006
5993,0.37213898
5994,0.3222081
5995,0.106557
5996,0.6884487
5997,0.32684824
5998,0.36132166
5999,0.19796842
6000,0.03712379
6001,0.03200469
6002,0.031497326
6003,0.043747693
6004,0.03934118
6005,0.031254336
6006,0.06032481
6007,0.36012015
6008,0.115299314
6009,0.2312218
6010,0.028101128
6011,0.08948294
6012,0.10234829
6013,0.11881549
6014,0.14341706
6015,0.040225524
6016,0.028233718
6017,0.03705871
6018,0.12083382
6019,0.61478835
6020,0.30422854
6021,0.3905697
6022,0.14158362
6023,0.24041486
6024,0.12853172
6025,0.070697114
6026,0.03280539
6027,0.028101128
6028,0.1082037
6029,0.119008146
6030,0.080997564
6031,0.23635645
6032,0.023440372
6033,0.065564916
6034,0.23392116
6035,0.037086874
6036,0.010859184
6037,0.09238655
6038,0.12051585
6039,0.027818566
6040,0.0026818253
6041,0.19741075
6042,0.14293523
6043,0.058013584
6044,0.078890555
6045,0.030614289
6046,0.077502176
6047,0.06581887
6048,0.03251098
6049,0.10530866
6050,0.09035027
6051,0.03874557
6052,0.02429569
6053,0.009455837
6054,0.28972074
6055,0.011957921
6056,0.015365428
6057,0.08156932
6058,0.037220486
6059,0.030160854
6060,0.10154972
6061,0.03160225
6062,0.03932668
6063,0.0077119973
6064,0.036937505
6065,0.15989257
6066,0.3374525
6067,0.3757011
6068,0.0968139
6069,0.020102477
6070,0.026916193
6071,0.04737618
6072,0.015119525
6073,0.057101525
6074,0.12211112
6075,0.01431108
6076,0.030419037
6077,0.014782783
6078,0.029776331
6079,0.020243574
6080,0.06576814
6081,0.0749947
6082,0.31972113
6083,0.0145007325
6084,0.017726623
6085,0.030197503
6086,0.060846604
6087,0.08066107
6088,0.33624464
6089,0.100708485
6090,0.12215627
6091,0.032588765
6092,0.015403385
6093,0.06422358
6094,0.111825354
6095,0.046390694
6096,0.020499766
6097,0.009977645
6098,0.23340254
6099,0.02806438
6100,0.015016341
6101,0.02482705
6102,0.11404476
6103,0.056255262
6104,0.035032377
6105,0.017960694
6106,0.025446067
6107,0.05104628
6108,0.3242324
6109,0.029868092
6110,0.0034094257
6111,0.021779556
6112,0.026205879
6113,0.038026523
6114,0.05347018
6115,0.21128814
6116,0.056191362
6117,0.22761211
6118,0.08291993
6119,0.027895685
6120,0.04291676
6121,0.0452628
6122,0.026543828
6123,0.24114643
6124,0.14489077
6125,0.018136786
6126,0.067933716
6127,0.04469803
6128,0.008607282
6129,0.011224385
6130,0.24700361
6131,0.46187112
6132,0.09569651
6133,0.078983895
6134,0.07234302
6135,0.042942513
6136,0.040122386
6137,0.0767762
6138,0.06783758
6139,0.0843282
6140,0.9619162
6141,0.06412784
6142,0.01544691
6143,0.067714766
6144,0.06631532
6145,0.018034901
6146,0.03216341
6147,0.12629302
6148,0.38153845
6149,0.06150058
6150,0.13019386
6151,0.06610897
6152,0.009320199
6153,0.023955222
6154,0.06782405
6155,0.02354119
6156,0.02440947
6157,0.04776071
6158,0.052327722
6159,0.021622
6160,0.019628184
6161,0.047330964
6162,0.017591484
6163,0.15585889
6164,0.032621793
6165,0.038026523
6166,0.014782783
6167,0.03036688
6168,0.06926087
6169,0.0934067
6170,0.022846928
6171,0.049186483
6172,0.6303635
6173,0.059231654
6174,0.08791157
6175,0.040051963
6176,0.043398347
6177,0.016957887
6178,0.33464482
6179,0.025045367
6180,0.009925148
6181,0.0074930424
6182,0.0062302444
6183,0.041960604
6184,0.085451566
6185,0.021554954
6186,0.009663789
6187,0.099255666
6188,0.037699528
6189,0.042906966
6190,0.30880505
6191,0.02497297
6192,0.018430604
6193,0.022468675
6194,0.012705498
6195,0.039007578
6196,0.008129808
6197,0.030098896
6198,0.13195078
6199,0.053384583
6200,0.015371899
6201,0.015167859
6202,0.059764035
6203,0.11992964
6204,0.08250298
6205,0.06472841
6206,0.056399092
6207,0.024511857
6208,0.050688606
6209,0.01736131
6210,0.05764192
6211,0.22900985
6212,0.11391737
6213,0.030652888
6214,0.014533226
6215,0.012353083
6216,0.016892878
6217,0.011287225
6218,0.021241758
6219,0.008277795
6220,0.015356886
6221,0.009478377
6222,0.015486267
6223,0.024236096
6224,0.04634271
6225,0.045787647
6226,0.095110886
6227,0.0050848387
6228,0.008432555
6229,0.115373194
6230,0.008649352
6231,0.17861629
6232,0.009624852
6233,0.024977025
6234,0.011959396
6235,0.009842587
6236,0.017998302
6237,0.020134186
6238,0.014766603
6239,0.029884439
6240,0.014671303
6241,0.05316188
6242,0.025799448
6243,0.0392443
6244,0.012946941
6245,0.042784754
6246,0.014499927
6247,0.0086961575
6248,0.013082528
6249,0.08544864
6250,0.024561288
6251,0.04266083
6252,0.008193478
6253,0.003631189
6254,0.010738873
6255,0.030652888
6256,0.009977645
6257,0.011629099
6258,0.01563704
6259,0.07263317
6260,0.012363882
6261,0.010925081
6262,0.18784708
6263,0.053815298
6264,0.056059327
6265,0.058041476
6266,0.014901439
6267,0.06897078
6268,0.023926832
6269,0.010129021
6270,0.0684788
6271,0.015418196
6272,0.08762143
6273,0.117855415
6274,0.017809035
6275,0.012313358
6276,0.02482705
6277,0.03024473
6278,0.02595737
6279,0.02496435
6280,0.0127040595
6281,0.0060542207
6282,0.0111986045
6283,0.0112783145
6284,0.0069162124
6285,0.010126111
6286,0.030692104
6287,0.009842587
6288,0.06719168
6289,0.051951323
6290,0.16076252
6291,0.02433596
6292,0.02993472
6293,0.015528839
6294,0.044248622
6295,0.021348007
6296,0.01327535
6297,0.024561288
6298,0.016303526
6299,0.030421725
6300,0.009528605
6301,0.010819295
6302,0.029832745
6303,0.14901885
6304,0.12429758
6305,0.020565974
6306,0.08128655
6307,0.022126164
6308,0.031058034
6309,0.052931678
6310,0.04892463
6311,0.05906566
6312,0.014624402
6313,0.029446037
6314,0.04454168
6315,0.036696095
6316,0.04351703
6317,0.10039727
6318,0.04421465
6319,0.008539377
6320,0.13200101
6321,0.043303493
6322,0.07622394
6323,0.04274455
6324,0.3189405
6325,0.32189018
6326,0.049809072
6327,0.34602913
6328,0.07119495
6329,0.24920154
6330,0.14780255
6331,0.1391678
6332,0.067059
6333,0.10572958
6334,0.014173602
6335,0.039462272
6336,0.014985167
6337,0.24047653
6338,0.029216886
6339,0.55193585
6340,0.13869435
6341,0.1399766
6342,0.06704684
6343,0.025717491
6344,0.022948984
6345,0.04343366
6346,0.014582309
6347,0.03962353
6348,0.10804861
6349,0.1456803
6350,0.3868552
6351,0.39618158
6352,0.048126098
6353,0.07609937
6354,0.13298252
6355,0.14993833
6356,0.009299113
6357,0.007823249
6358,0.021606516
6359,0.052059606
6360,0.041394528
6361,0.06639974
6362,0.08796292
6363,0.030525789
6364,0.38519078
6365,0.1282569
6366,0.2598874
6367,0.4066388
6368,0.12318948
6369,0.022979712
6370,0.39340237
6371,0.017818885
6372,0.055397
6373,0.29060158
6374,0.04929849
6375,0.04501758
6376,0.031479504
6377,0.072713524
6378,0.025497846
6379,0.15299864
6380,0.109800786
6381,0.029473111
6382,0.077784754
6383,0.38005322
6384,0.04386077
6385,0.030922674
6386,0.0491204
6387,0.059175953
6388,0.069918565
6389,0.03034945
6390,0.045623638
6391,0.10661766
6392,0.025663668
6393,0.054791946
6394,0.16904289
6395,0.3250208
6396,0.05135827
6397,0.0373144
6398,0.012419748
6399,0.015518379
6400,0.004534637
6401,0.014135781
6402,0.40145543
6403,0.10752616
6404,0.07794409
6405,0.28527567
6406,0.3836434
6407,0.07081351
6408,0.049184825
6409,0.0233183
6410,0.016483879
6411,0.0059618084
6412,0.03583311
6413,0.012213637
6414,0.0751552
6415,0.06821581
6416,0.0951099
6417,0.33322483
6418,0.36566144
6419,0.017587392
6420,0.23087908
6421,0.041411147
6422,0.008741335
6423,0.02369883
6424,0.030289663
6425,0.23778422
6426,0.02093398
6427,0.04095216
6428,0.011012511
6429,0.041064806
6430,0.025364859
6431,0.13716203
6432,0.39734977
6433,0.0066409656
6434,0.06613571
6435,0.08368955
6436,0.038100813
6437,0.05691534
6438,0.025939027
6439,0.012223975
6440,0.104486965
6441,0.124294795
6442,0.09045113
6443,0.097544685
6444,0.056924038
6445,0.031923812
6446,0.029653532
6447,0.028914398
6448,0.03230183
6449,0.08242386
6450,0.051783267
6451,0.11503757
6452,0.014968491
6453,0.033239722
6454,0.02576308
6455,0.01953326
6456,0.015346034
6457,0.023182541
6458,0.039017983
6459,0.0068437383
6460,0.112131976
6461,0.021816999
6462,0.023432806
6463,0.059971847
6464,0.2012387
6465,0.18463206
6466,0.03956644
6467,0.037007567
6468,0.034477223
6469,0.09076447
6470,0.06463446
6471,0.015629008
6472,0.052640345
6473,0.015414109
6474,0.01286054
6475,0.028522167
6476,0.14866178
6477,0.024173144
6478,0.023009175
6479,0.030166125
6480,0.05277537
6481,0.057330176
6482,0.16808762
6483,0.2001098
6484,0.10599023
6485,0.05536687
6486,0.03657804
6487,0.019410117
6488,0.04866065
6489,0.042571016
6490,0.008938379
6491,0.010859356
6492,0.117531605
6493,0.043616228
6494,0.38424268
6495,0.097636834
6496,0.022134893
6497,0.012363882
6498,0.100293614
6499,0.046039872
6500,0.04686641
6501,0.020810183
6502,0.016358707
6503,0.00931469
6504,0.0545312
6505,0.012028239
6506,0.01953326
6507,0.020627676
6508,0.07151522
6509,0.041898917
6510,0.06707664
6511,0.05186034
6512,0.0840842
6513,0.15976256
6514,0.33373088
6515,0.05473678
6516,0.023278125
6517,0.072074994
6518,0.01648514
6519,0.036874656
6520,0.07109334
6521,0.048854183
6522,0.10993458
6523,0.039859947
6524,0.09274883
6525,0.037089135
6526,0.051707633
6527,0.03046102
6528,0.019734873
6529,0.02051742
6530,0.118614726
6531,0.010084081
6532,0.030158093
6533,0.062332008
6534,0.030829327
6535,0.0095591
6536,0.02347335
6537,0.030966716
6538,0.051795173
6539,0.065365255
6540,0.10474072
6541,0.07876982
6542,0.30538812
6543,0.1065467
6544,0.119284816
6545,0.012623903
6546,0.07288366
6547,0.011691811
6548,0.0479445
6549,0.03974104
6550,0.073444925
6551,0.030012006
6552,0.02192576
6553,0.04319136
6554,0.035889912
6555,0.047970053
6556,0.07217317
6557,0.03004282
6558,0.04820198
6559,0.008211211
6560,0.02994105
6561,0.06487365
6562,0.014560184
6563,0.032976635
6564,0.09744315
6565,0.05249514
6566,0.11559473
6567,0.39685902
6568,0.08179758
6569,0.09532
6570,0.05295919
6571,0.06526397
6572,0.060413387
6573,0.07231343
6574,0.04730086
6575,0.009860591
6576,0.020873867
6577,0.23501383
6578,0.05955445
6579,0.07010275
6580,0.053087972
6581,0.07044644
6582,0.019931858
6583,0.021615677
6584,0.03537657
6585,0.18918423
6586,0.056257397
6587,0.040178433
6588,0.08673128
6589,0.53152245
6590,0.06920484
6591,0.014884649
6592,0.26539928
6593,0.051916476
6594,0.22792783
6595,0.23390956
6596,0.055486787
6597,0.04317573
6598,0.0857041
6599,0.13005371
6600,0.03743369
6601,0.1456189
6602,0.07511994
6603,0.0069627743
6604,0.064041674
6605,0.0157137
6606,0.021532405
6607,0.0471199
6608,0.05621105
6609,0.015682777
6610,0.10028431
6611,0.12040645
6612,0.12509038
6613,0.07068298
6614,0.02981173
6615,0.0922136
6616,0.14345378
6617,0.22483228
6618,0.04895594
6619,0.0097158495
6620,0.044159472
6621,0.022724722
6622,0.009478311
6623,0.057144295
6624,0.38871673
6625,0.03469175
6626,0.14610855
6627,0.32691702
6628,0.23800433
6629,0.018848075
6630,0.012215052
6631,0.008799318
6632,0.035391476
6633,0.04749288
6634,0.22892627
6635,0.23156051
6636,0.06522738
6637,0.07074762
6638,0.23406745
6639,0.12498547
6640,0.11460366
6641,0.16840497
6642,0.30475137
6643,0.07074319
6644,0.020799512
6645,0.04385605
6646,0.086276665
6647,0.04707739
6648,0.3088524
6649,0.6335543
6650,0.0051165326
6651,0.03948526
6652,0.3172768
6653,0.014920228
6654,0.042879995
6655,0.2276956
6656,0.012982881
6657,0.043925487
6658,0.06479152
6659,0.015595921
6660,0.03854726
6661,0.32833585
6662,0.036684304
6663,0.06680556
6664,0.2357428
6665,0.115924634
6666,0.22753622
6667,0.3171277
6668,0.23218133
6669,0.13484941
6670,0.264241
6671,0.18157737
6672,0.6462143
6673,0.3436753
6674,0.3264029
6675,0.0054095956
6676,0.023617322
6677,0.1195475
6678,0.05253063
6679,0.02542145
6680,0.021594495
6681,0.011212276
6682,0.049208637
6683,0.0070429104
6684,0.010962902
6685,0.030253977
6686,0.048712105
6687,0.07937891
6688,0.075626075
6689,0.08495977
6690,0.073842034
6691,0.16889013
6692,0.08958133
6693,0.029175837
6694,0.093846105
6695,0.147474
6696,0.020517157
6697,0.07775916
6698,0.65172434
6699,0.6692203
6700,0.38461068
6701,0.0059344694
6702,0.023769341
6703,0.018010309
6704,0.07625864
6705,0.27572316
6706,0.07185218
6707,0.017652577
6708,0.05808055
6709,0.008929719
6710,0.04693443
6711,0.057131346
6712,0.04115595
6713,0.011887211
6714,0.23151787
6715,0.017702477
6716,0.026887294
6717,0.08538432
6718,0.087863795
6719,0.044032115
6720,0.04178269
6721,0.118633404
6722,0.101669244
6723,0.006785483
6724,0.023821948
6725,0.1088518
6726,0.08898397
6727,0.1394304
6728,0.6778519
6729,0.6958023
6730,0.38241115
6731,0.015515912
6732,0.0892366
6733,0.023603013
6734,0.24125677
6735,0.08070947
6736,0.22616114
6737,0.037896354
6738,0.08022405
6739,0.020321982
6740,0.079095095
6741,0.08981221
6742,0.2177396
6743,0.14734086
6744,0.37479058
6745,0.2535787
6746,0.1124385
6747,0.11283538
6748,0.070761815
6749,0.051447794
6750,0.095586695
6751,0.03687029
6752,0.029337917
6753,0.11718922
6754,0.11973144
6755,0.057871286
6756,0.091257945
6757,0.023785912
6758,0.655413
6759,0.9744781
6760,0.66463953
6761,0.12787144
6762,0.045077395
6763,0.17131087
6764,0.012040827
6765,0.1978632
6766,0.024980923
6767,0.009114893
6768,0.017512988
6769,0.016741658
6770,0.03054525
6771,0.07986491
6772,0.04678874
6773,0.29497865
6774,0.5535229
6775,0.059313428
6776,0.08200494
6777,0.071618386
6778,0.12615843
6779,0.063738294
6780,0.28525358
6781,0.08657389
6782,0.031968374
6783,0.082877845
6784,0.09003978
6785,0.090833284
6786,0.042703982
6787,0.022807427
6788,0.35745203
6789,0.32231918
6790,0.21572077
6791,0.065678544
6792,0.025437722
6793,0.090907075
6794,0.06271396
6795,0.23121962
6796,0.027049443
6797,0.036958892
6798,0.039389
6799,0.019803017
6800,0.036657453
6801,0.039279163
6802,0.22630411
6803,0.44056252
6804,0.30920312
6805,0.2344053
6806,0.095581196
6807,0.14236689
6808,0.21270916
6809,0.37603313
6810,0.07815163
6811,0.025648633
6812,0.032389287
6813,0.029496051
6814,0.11926288
6815,0.13441534
6816,0.12075147
6817,0.2698433
6818,0.23205924
6819,0.12749939
6820,0.94447243
6821,0.16140297
6822,0.019783242
6823,0.17844044
6824,0.13509122
6825,0.021501726
6826,0.04857977
6827,0.20513342
6828,0.05154017
6829,0.031267717
6830,0.03165357
6831,0.040364135
6832,0.11587542
6833,0.30594987
6834,0.23333056
6835,0.34487414
6836,0.31955162
6837,0.123453766
6838,0.11775052
6839,0.2258603
6840,0.12850659
6841,0.06698151
6842,0.04423398
6843,0.3472452
6844,0.22821926
6845,0.047627054
6846,0.379195
6847,0.30366352
6848,0.0057683666
6849,0.07225782
6850,0.09608424
6851,0.070140086
6852,0.0438002
6853,0.008629828
6854,0.014688478
6855,0.025728
6856,0.048183512
6857,0.075504355
6858,0.07335438
6859,0.106831536
6860,0.3367249
6861,0.5773437
6862,0.3264853
6863,0.3035749
6864,0.3685874
6865,0.0793305
6866,0.06498786
6867,0.06646827
6868,0.1152234
6869,0.16253516
6870,0.054657567
6871,0.025278317
6872,0.05394367
6873,0.11323195
6874,0.019920545
6875,0.040777843
6876,0.0885775
6877,0.0146802105
6878,0.035559155
6879,0.020562299
6880,0.012037818
6881,0.029813007
6882,0.05845984
6883,0.048727944
6884,0.06924498
6885,0.21594541
6886,0.23147787
6887,0.282179
6888,0.4511049
6889,0.394442
6890,0.3308994
6891,0.09455016
6892,0.005679492
6893,0.03949357
6894,0.021485541
6895,0.045360446
6896,0.09756189
6897,0.015356043
6898,0.57425195
6899,0.07963974
6900,0.018197233
6901,0.052315712
6902,0.045859687
6903,0.088838324
6904,0.034514915
6905,0.043335058
6906,0.040952418
6907,0.014635078
6908,0.014803545
6909,0.02541568
6910,0.0712337
6911,0.08705001
6912,0.37904927
6913,0.31876692
6914,0.107851945
6915,0.6969676
6916,0.33872786
6917,0.36356533
6918,0.11980928
6919,0.036698386
6920,0.029368948
6921,0.03043692
6922,0.04243679
6923,0.03851358
6924,0.031685844
6925,0.05930634
6926,0.3608047
6927,0.111505285
6928,0.3032546
6929,0.027276745
6930,0.08743584
6931,0.10421511
6932,0.11470756
6933,0.13458335
6934,0.039740425
6935,0.02501627
6936,0.03700224
6937,0.18227059
6938,0.5722637
6939,0.29648533
6940,0.38168514
6941,0.231325
6942,0.32195592
6943,0.1263527
6944,0.070371546
6945,0.041092634
6946,0.023226151
6947,0.033296987
6948,0.027122412
6949,0.10948513
6950,0.12013528
6951,0.0778624
6952,0.30469096
6953,0.024842534
6954,0.06462379
6955,0.3009496
6956,0.036466923
6957,0.002151602
6958,0.010822658
6959,0.093077555
6960,0.20347682
6961,0.026078928
6962,0.1953197
6963,0.23313984
6964,0.05914156
6965,0.08014018
6966,0.024898984
6967,0.07992795
6968,0.06778882
6969,0.030713303
6970,0.10426487
6971,0.09395833
6972,0.036625765
6973,0.022692945
6974,0.009278551
6975,0.17616144
6976,0.012038847
6977,0.08200096
6978,0.036304094
6979,0.029077934
6980,0.10734889
6981,0.031113368
6982,0.038248695
6983,0.007999233
6984,0.036890246
6985,0.15645812
6986,0.3211296
6987,0.37074652
6988,0.094681695
6989,0.012622915
6990,0.024838375
6991,0.045378808
6992,0.01479402
6993,0.05591933
6994,0.115993574
6995,0.014236011
6996,0.025238374
6997,0.01479402
6998,0.019496739
6999,0.0115108155
7000,0.06644522
7001,0.07464994
7002,0.31780684
7003,0.014180439
7004,0.028776227
7005,0.06289309
7006,0.08060783
7007,0.32507238
7008,0.09564401
7009,0.012106424
7010,0.009258671
7011,0.11518821
7012,0.031637665
7013,0.01511886
7014,0.060916618
7015,0.1826306
7016,0.04479126
7017,0.020057693
7018,0.009608989
7019,0.231636
7020,0.014978426
7021,0.023457
7022,0.11506865
7023,0.05404809
7024,0.034561247
7025,0.017300181
7026,0.024567647
7027,0.05130239
7028,0.24275923
7029,0.028259192
7030,0.0033844397
7031,0.019040944
7032,0.024567833
7033,0.037016828
7034,0.05065079
7035,0.23133022
7036,0.05492465
7037,0.23203766
7038,0.080537945
7039,0.026786039
7040,0.042029854
7041,0.042233985
7042,0.025328498
7043,0.23396844
7044,0.017697848
7045,0.13980508
7046,0.017505521
7047,0.07037876
7048,0.043452285
7049,0.008664018
7050,0.010850691
7051,0.24320363
7052,0.43623915
7053,0.19608617
7054,0.08346363
7055,0.01325538
7056,0.073160276
7057,0.04216847
7058,0.03967114
7059,0.07732172
7060,0.07019417
7061,0.084663115
7062,0.9194354
7063,0.06698874
7064,0.015037079
7065,0.06832184
7066,0.06848452
7067,0.017283812
7068,0.033028524
7069,0.12051198
7070,0.3772931
7071,0.06289781
7072,0.11949978
7073,0.06665227
7074,0.009497407
7075,0.022368759
7076,0.067241676
7077,0.024999443
7078,0.022582466
7079,0.045707893
7080,0.05113086
7081,0.02536215
7082,0.019285372
7083,0.046778724
7084,0.016916668
7085,0.15027748
7086,0.030885383
7087,0.037069324
7088,0.014835461
7089,0.029055428
7090,0.07117511
7091,0.09415675
7092,0.021607634
7093,0.04656432
7094,0.59089553
7095,0.057193786
7096,0.08726782
7097,0.031906612
7098,0.03889572
7099,0.041804783
7100,0.012858965
7101,0.25358212
7102,0.023431275
7103,0.005971941
7104,0.009710022
7105,0.041752685
7106,0.088657565
7107,0.020341208
7108,0.1001278
7109,0.03791216
7110,0.02281159
7111,0.040601183
7112,0.29073867
7113,0.022595003
7114,0.020186527
7115,0.021219963
7116,0.012289115
7117,0.03838011
7118,0.029287968
7119,0.004254856
7120,0.12703536
7121,0.051618215
7122,0.015081037
7123,0.05701239
7124,0.11276234
7125,0.08014933
7126,0.06443087
7127,0.055511896
7128,0.02334749
7129,0.046255108
7130,0.017184323
7131,0.088523194
7132,0.23623909
7133,0.10951411
7134,0.0060765883
7135,0.00972381
7136,0.029399503
7137,0.014064634
7138,0.01224903
7139,0.016099606
7140,0.020103471
7141,0.008053909
7142,0.015323308
7143,0.009436202
7144,0.015230662
7145,0.015230662
7146,0.022466553
7147,0.047256775
7148,0.04400086
7149,0.09726383
7150,0.008522425
7151,0.11435736
7152,0.17686243
7153,0.009576817
7154,0.022792848
7155,0.011928724
7156,0.009673434
7157,0.01727078
7158,0.01934467
7159,0.014567519
7160,0.028594326
7161,0.01220085
7162,0.014291401
7163,0.008370579
7164,0.0068981284
7165,0.050927408
7166,0.02458302
7167,0.038287103
7168,0.012858965
7169,0.012540626
7170,0.041798472
7171,0.014517235
7172,0.008521393
7173,0.08389641
7174,0.023488086
7175,0.0414963
7176,0.00804228
7177,0.003634566
7178,0.012143361
7179,0.028877867
7180,0.0096511245
7181,0.015519596
7182,0.071252555
7183,0.013538711
7184,0.0026817862
7185,0.010809083
7186,0.17591272
7187,0.05204893
7188,0.056513768
7189,0.05789813
7190,0.07113752
7191,0.022682562
7192,0.009827657
7193,0.0040444965
7194,0.07045115
7195,0.015450464
7196,0.088782325
7197,0.007281274
7198,0.11116248
7199,0.016761987
7200,0.0121871345
7201,0.02324672
7202,0.028846374
7203,0.029168634
7204,0.024641821
7205,0.023436941
7206,0.010737122
7207,0.01067495
7208,0.006447589
7209,0.009848606
7210,0.030073257
7211,0.009739473
7212,0.010850691
7213,0.006906128
7214,0.068252414
7215,0.051432174
7216,0.029168677
7217,0.0059617693
7218,0.15526383
7219,0.022621235
7220,0.027662171
7221,0.003522222
7222,0.010679792
7223,0.015273235
7224,0.04220218
7225,0.020173658
7226,0.023191648
7227,0.0298409
7228,0.009661771
7229,0.010972811
7230,0.015511224
7231,0.027603962
7232,0.14375542
7233,0.11215942
7234,0.07963419
7235,0.020501034
7236,0.021308154
7237,0.031031456
7238,0.0515211
7239,0.02227824
7240,0.047977567
7241,0.05463517
7242,0.014564908
7243,0.02827704
7244,0.044606447
7245,0.035703078
7246,0.04247608
7247,0.101133764
7248,0.04682247
7249,0.0081626205
7250,0.03584429
7251,0.028009094
7252,0.13095668
7253,0.076627634
7254,0.045775782
7255,0.25060415
7256,0.30611217
7257,0.021115247
7258,0.047685247
7259,0.25588292
7260,0.07282267
7261,0.3464739
7262,0.08570524
7263,0.13991211
7264,0.065029986
7265,0.025661044
7266,0.11417262
7267,0.037776843
7268,0.014840469
7269,0.011590551
7270,0.13662896
7271,0.028723858
7272,0.52210563
7273,0.13020621
7274,0.04166447
7275,0.045975044
7276,0.13546339
7277,0.06442902
7278,0.024685027
7279,0.022457166
7280,0.04069506
7281,0.031813297
7282,0.017646117
7283,0.014469402
7284,0.039997038
7285,0.0990143
7286,0.14405045
7287,0.40142432
7288,0.39977098
7289,0.04643464
7290,0.07436546
7291,0.1728545
7292,0.14718123
7293,0.020691171
7294,0.051342316
7295,0.039295748
7296,0.06410246
7297,0.085941166
7298,0.39391446
7299,0.11460888
7300,0.32876402
7301,0.39773166
7302,0.1058919
7303,0.022552919
7304,0.38848874
7305,0.05307635
7306,0.29190192
7307,0.046626214
7308,0.045990124
7309,0.0312834
7310,0.070611045
7311,0.15268789
7312,0.10707464
7313,0.104174204
7314,0.036100864
7315,0.076816835
7316,0.37775943
7317,0.04272178
7318,0.029035743
7319,0.050826948
7320,0.057550933
7321,0.07064864
7322,0.036693398
7323,0.040322274
7324,0.099026784
7325,0.025078455
7326,0.05316692
7327,0.24691492
7328,0.16798414
7329,0.053155385
7330,0.03755283
7331,0.0027299684
7332,0.0152216945
7333,0.38125533
7334,0.103374586
7335,0.077101566
7336,0.385532
7337,0.3842762
7338,0.0704521
7339,0.047674216
7340,0.019890092
7341,0.016103674
7342,0.035092816
7343,0.010834897
7344,0.0681307
7345,0.06655457
7346,0.014503448
7347,0.09689236
7348,0.2564879
7349,0.36788628
7350,0.010834897
7351,0.01757128
7352,0.017855719
7353,0.04275788
7354,0.008424437
7355,0.029291116
7356,0.022534132
7357,0.030566735
7358,0.22733314
7359,0.020134877
7360,0.041202974
7361,0.0059840064
7362,0.067214586
7363,0.039529253
7364,0.024724536
7365,0.13491206
7366,0.39897743
7367,0.0651976
7368,0.08432984
7369,0.020501163
7370,0.021249501
7371,0.037384856
7372,0.05414717
7373,0.009554381
7374,0.025145411
7375,0.011775343
7376,0.10597932
7377,0.13284105
7378,0.08875806
7379,0.09622766
7380,0.056227498
7381,0.03184804
7382,0.029198298
7383,0.027817443
7384,0.031376433
7385,0.08253975
7386,0.049411718
7387,0.11521192
7388,0.014597103
7389,0.030782614
7390,0.025035447
7391,0.019034408
7392,0.015111568
7393,0.022551877
7394,0.03706754
7395,0.021134814
7396,0.022254992
7397,0.06009928
7398,0.19832514
7399,0.2314165
7400,0.038826145
7401,0.036078326
7402,0.037259463
7403,0.089544795
7404,0.06429308
7405,0.015063307
7406,0.052238844
7407,0.015138424
7408,0.012859273
7409,0.029677415
7410,0.14770585
7411,0.023352582
7412,0.022547228
7413,0.029452875
7414,0.05210924
7415,0.056214746
7416,0.110218436
7417,0.09822925
7418,0.17864117
7419,0.0531068
7420,0.035992563
7421,0.019132555
7422,0.04758867
7423,0.043447796
7424,0.010884191
7425,0.10901734
7426,0.041000064
7427,0.36260855
7428,0.09572444
7429,0.021368686
7430,0.09857104
7431,0.04652648
7432,0.045529854
7433,0.020188423
7434,0.016198942
7435,0.009634803
7436,0.053682286
7437,0.020845583
7438,0.011935733
7439,0.018979182
7440,0.019996928
7441,0.06847684
7442,0.040211868
7443,0.09768664
7444,0.050349295
7445,0.083294585
7446,0.27524817
7447,0.33383462
7448,0.054442044
7449,0.022047814
7450,0.071417116
7451,0.016171895
7452,0.036724325
7453,0.00683314
7454,0.07044187
7455,0.04611783
7456,0.10650207
7457,0.039049473
7458,0.09225516
7459,0.036267202
7460,0.050472364
7461,0.03132258
7462,0.019357128
7463,0.019740978
7464,0.10907333
7465,0.009166596
7466,0.028700192
7467,0.06361131
7468,0.029132806
7469,0.010462644
7470,0.022295536
7471,0.03135929
7472,0.051780406
7473,0.06433441
7474,0.10241412
7475,0.07801504
7476,0.22799434
7477,0.106954075
7478,0.11070451
7479,0.0122638745
7480,0.07181837
7481,0.04690346
7482,0.037828986
7483,0.073766254
7484,0.029402668
7485,0.042857178
7486,0.03573218
7487,0.04724412
7488,0.070817664
7489,0.028839331
7490,0.047835816
7491,0.007919225
7492,0.022522792
7493,0.029071003
7494,0.019472236
7495,0.06433113
7496,0.014503709
7497,0.031647652
7498,0.09099087
7499,0.05178072
7500,0.108833075
7501,0.3851838
7502,0.07957414
7503,0.09566372
7504,0.05178135
7505,0.066502675
7506,0.056756012
7507,0.07061434
7508,0.045831677
7509,0.019998312
7510,0.23448691
7511,0.057742212
7512,0.069678485
7513,0.051681746
7514,0.06934482
7515,0.018878533
7516,0.020188423
7517,0.021113105
7518,0.03393957
7519,0.18836273
7520,0.056304626
7521,0.03920225
7522,0.08615448
7523,0.53098375
7524,0.06966484
7525,0.014704489
7526,0.27368307
7527,0.049905725
7528,0.23161305
7529,0.23319681
7530,0.056149885
7531,0.04231331
7532,0.042472977
7533,0.08533947
7534,0.12629756
7535,0.036693398
7536,0.14124441
7537,0.07350858
7538,0.06459904
7539,0.015332464
7540,0.015193809
7541,0.04577095
7542,0.056676272
7543,0.015146383
7544,0.09907627
7545,0.11621898
7546,0.11526833
7547,0.06958568
7548,0.029300217
7549,0.08974178
7550,0.14109579
7551,0.22328818
7552,0.047335144
7553,0.009681109
7554,0.044094317
7555,0.022049857
7556,0.05578963
7557,0.39342022
7558,0.034038857
7559,0.14412758
7560,0.32637757
7561,0.23815376
7562,0.0127399415
7563,0.019631317
7564,0.009803426
7565,0.012351272
7566,0.035730775
7567,0.046154406
7568,0.14216706
7569,0.13231604
7570,0.09206463
7571,0.07424348
7572,0.23207594
7573,0.18921456
7574,0.10824923
7575,0.22195177
7576,0.30198756
7577,0.06776172
7578,0.04177266
7579,0.08044659
7580,0.044993334
7581,0.23383531
7582,0.6562881
7583,0.0050346786
7584,0.038103823
7585,0.3142908
7586,0.014810178
7587,0.0407497
7588,0.22752929
7589,0.014851683
7590,0.012623777
7591,0.042417962
7592,0.0618031
7593,0.016365856
7594,0.036812603
7595,0.2497119
7596,0.036993463
7597,0.06306229
7598,0.22252245
7599,0.110001005
7600,0.1753671
7601,0.31670746
7602,0.16939703
7603,0.024413237
7604,0.21439534
7605,0.25355348
7606,0.17989017
7607,0.6503006
7608,0.33794475
7609,0.2563632
7610,0.005597638
7611,0.02118366
7612,0.1143524
7613,0.05075956
7614,0.020816829
7615,0.01063141
7616,0.005724051
7617,0.04524155
7618,0.010561545
7619,0.028789645
7620,0.04678985
7621,0.07623765
7622,0.070472054
7623,0.08149897
7624,0.07116858
7625,0.16822721
7626,0.084638074
7627,0.024757564
7628,0.09132424
7629,0.21855992
7630,0.019790627
7631,0.082276426
7632,0.67161936
7633,0.6826164
7634,0.384344
7635,0.0057127853
7636,0.022774983
7637,0.07067743
7638,0.27173027
7639,0.06969618
7640,0.0534632
7641,0.04515635
7642,0.054834414
7643,0.04053688
7644,0.011588048
7645,0.30571967
7646,0.017255777
7647,0.026213763
7648,0.08266456
7649,0.080980994
7650,0.042884935
7651,0.040948097
7652,0.16478871
7653,0.09654334
7654,0.00626138
7655,0.022684665
7656,0.17460547
7657,0.08679987
7658,0.08387952
7659,0.7288442
7660,0.67377466
7661,0.37629378
7662,0.009269088
7663,0.015576976
7664,0.0842476
7665,0.022836847
7666,0.1878221
7667,0.07629989
7668,0.23356973
7669,0.03967658
7670,0.0771779
7671,0.019636927
7672,0.07508842
7673,0.08586017
7674,0.118677445
7675,0.14497152
7676,0.37991348
7677,0.25298163
7678,0.17458147
7679,0.10976792
7680,0.068253115
7681,0.05010992
7682,0.092021555
7683,0.035985578
7684,0.029799031
7685,0.021746568
7686,0.11056819
7687,0.119757734
7688,0.054369006
7689,0.08895962
7690,0.022507515
7691,0.67028946
7692,0.9907414
7693,0.6811221
7694,0.09816543
7695,0.042410113
7696,0.28924677
7697,0.012057347
7698,0.19429623
7699,0.024364403
7700,0.01703732
7701,0.015672758
7702,0.029596014
7703,0.07535144
7704,0.03978049
7705,0.3047786
7706,0.58804375
7707,0.055799108
7708,0.080103986
7709,0.068610914
7710,0.21890736
7711,0.06096056
7712,0.2905663
7713,0.07926365
7714,0.030156683
7715,0.07625526
7716,0.0864286
7717,0.08645058
7718,0.039313175
7719,0.022109758
7720,0.3540318
7721,0.3206367
7722,0.21306393
7723,0.06304523
7724,0.02487962
7725,0.08853705
7726,0.06085854
7727,0.23094046
7728,0.026176514
7729,0.036804795
7730,0.038342405
7731,0.016242085
7732,0.019015117
7733,0.036088876
7734,0.036949184
7735,0.22849803
7736,0.42181626
7737,0.3082757
7738,0.22506693
7739,0.093330026
7740,0.14306462
7741,0.20311108
7742,0.3715445
7743,0.047242202
7744,0.025056552
7745,0.031050833
7746,0.028704291
7747,0.1157671
7748,0.12208556
7749,0.115840904
7750,0.36879706
7751,0.23166157
7752,0.12394077
7753,0.96371776
7754,0.10763142
7755,0.018953593
7756,0.103088684
7757,0.13067031
7758,0.02074106
7759,0.04609487
7760,0.28288758
7761,0.050261166
7762,0.030473448
7763,0.030457446
7764,0.03847377
7765,0.16509794
7766,0.29943615
7767,0.23485307
7768,0.34123752
7769,0.31692466
7770,0.11732939
7771,0.11009927
7772,0.30092406
7773,0.023194904
7774,0.122715235
7775,0.06333502
7776,0.04332176
7777,0.3458233
7778,0.30100805
7779,0.045309175
7780,0.3791727
7781,0.30557853
7782,0.0683439
7783,0.09071176
7784,0.067729786
7785,0.04512125
7786,0.008008728
7787,0.014128073
7788,0.024479123
7789,0.04661869
7790,0.072156146
7791,0.07029631
7792,0.10691349
7793,0.32604444
7794,0.57357824
7795,0.33227074
7796,0.30358058
7797,0.37767833
7798,0.07613931
7799,0.019179845
7800,0.061968643
7801,0.062907554
7802,0.109961085
7803,0.21752481
7804,0.051699344
7805,0.023632817
7806,0.05267849
7807,0.1096942
7808,0.019610817
7809,0.03943858
7810,0.08338337
7811,0.015435253
7812,0.035421584
7813,0.02056322
7814,0.011583079
7815,0.029556891
7816,0.057833347
7817,0.046477474
7818,0.06489981
7819,0.21463689
7820,0.23455504
7821,0.2737555
7822,0.4355325
7823,0.39846617
7824,0.238037
7825,0.09177004
7826,0.005597638
7827,0.039428297
7828,0.020852322
7829,0.04256993
7830,0.09521407
7831,0.015010422
7832,0.00857531
7833,0.029402735
7834,0.5973833
7835,0.075712435
7836,0.017091619
7837,0.050400972
7838,0.043213096
7839,0.08603379
7840,0.0335696
7841,0.040520303
7842,0.016528528
7843,0.03966644
7844,0.0140518
7845,0.024183111
7846,0.06864999
7847,0.08291689
7848,0.3781409
7849,0.30575347
7850,0.18094993
7851,0.6717595
7852,0.31871834
7853,0.3639233
7854,0.112652645
7855,0.035029475
7856,0.029180773
7857,0.030585967
7858,0.04010831
7859,0.038873706
7860,0.029067727
7861,0.054824367
7862,0.35159233
7863,0.103872605
7864,0.29407606
7865,0.026197797
7866,0.08533342
7867,0.09997908
7868,0.1066944
7869,0.13389608
7870,0.04025651
7871,0.026176514
7872,0.036260467
7873,0.19906126
7874,0.59859324
7875,0.3112702
7876,0.37861887
7877,0.13241456
7878,0.32218593
7879,0.122907124
7880,0.06945611
7881,0.039430168
7882,0.012236846
7883,0.011914549
7884,0.012484222
7885,0.032273233
7886,0.025854493
7887,0.102303185
7888,0.106709935
7889,0.069350705
7890,0.17504911
7891,0.024038767
7892,0.06199301
7893,0.3011273
7894,0.03632598
7895,0.0020889863
7896,0.00951197
7897,0.01069203
7898,0.092312075
7899,0.18381067
7900,0.026346294
7901,0.2814098
7902,0.23014668
7903,0.05798831
7904,0.08069317
7905,0.027698373
7906,0.0754069
7907,0.06580552
7908,0.031221695
7909,0.10182613
7910,0.087452225
7911,0.036415167
7912,0.009110241
7913,0.291391
7914,0.011741668
7915,0.078266166
7916,0.0060151354
7917,0.037041288
7918,0.028883455
7919,0.10460417
7920,0.030133989
7921,0.037920956
7922,0.007949404
7923,0.035003122
7924,0.15777159
7925,0.33259237
7926,0.37520543
7927,0.09105704
7928,0.010746698
7929,0.01940808
7930,0.024508474
7931,0.04479377
7932,0.0558533
7933,0.12037675
7934,0.013938855
7935,0.024999397
7936,0.014746091
7937,0.026788551
7938,0.019074162
7939,0.011343701
7940,0.021966187
7941,0.06488277
7942,0.07184806
7943,0.31817126
7944,0.014064349
7945,0.016776817
7946,0.028745271
7947,0.061589707
7948,0.079483695
7949,0.333955
7950,0.091061495
7951,0.012097189
7952,0.11174376
7953,0.030163938
7954,0.06277974
7955,0.18277891
7956,0.044602763
7957,0.019894969
7958,0.009441874
7959,0.17936653
7960,0.014807856
7961,0.023010321
7962,0.11132561
7963,0.05309259
7964,0.035518996
7965,0.016962161
7966,0.024020804
7967,0.048666216
7968,0.24339707
7969,0.02701916
7970,0.01943453
7971,0.024860732
7972,0.037346978
7973,0.04973048
7974,0.22282383
7975,0.053085618
7976,0.14736637
7977,0.07551476
7978,0.025949072
7979,0.041582104
7980,0.043534093
7981,0.024888871
7982,0.17973344
7983,0.017639967
7984,0.13622753
7985,0.017283574
7986,0.069234
7987,0.042736065
7988,0.008546948
7989,0.010823614
7990,0.24451302
7991,0.44924155
7992,0.18959554
7993,0.07603722
7994,0.013413205
7995,0.07064911
7996,0.04077059
7997,0.0393434
7998,0.07352305
7999,0.066796005
8000,0.08531048
8001,0.9149844
8002,0.019786041
8003,0.06495465
8004,0.014992764
8005,0.06689419
8006,0.06594934
8007,0.01697195
8008,0.03225252
8009,0.122194014
8010,0.378253
8011,0.061586663
8012,0.11919844
8013,0.022879366
8014,0.060866438
8015,0.009138702
8016,0.022098444
8017,0.067670174
8018,0.025117693
8019,0.022319606
8020,0.045580752
8021,0.0503249
8022,0.02348994
8023,0.047103543
8024,0.016777579
8025,0.1514617
8026,0.030504089
8027,0.035806324
8028,0.014485821
8029,0.029433189
8030,0.069542475
8031,0.09521407
8032,0.021194449
8033,0.022761019
8034,0.046042535
8035,0.60563844
8036,0.055024166
8037,0.086575106
8038,0.043567736
8039,0.03110022
8040,0.039378483
8041,0.041685708
8042,0.32514435
8043,0.023081148
8044,0.015980635
8045,0.041641064
8046,0.084395595
8047,0.019991023
8048,0.09626479
8049,0.038174458
8050,0.022461256
8051,0.043386694
8052,0.3025497
8053,0.024075791
8054,0.019923663
8055,0.004243226
8056,0.020377679
8057,0.03846608
8058,0.007952481
8059,0.029400384
8060,0.23133852
8061,0.051299
8062,0.054871745
8063,0.10899171
8064,0.07710897
8065,0.064340554
8066,0.05359506
8067,0.044347215
8068,0.090044454
8069,0.22570589
8070,0.10610838
8071,0.0059688296
8072,0.003245575
8073,0.029134018
8074,0.01389752
8075,0.012154733
8076,0.016171822
8077,0.0105376635
8078,0.019791609
8079,0.008011804
8080,0.014851683
8081,0.0092919255
8082,0.015047326
8083,0.0089905085
8084,0.0224467
8085,0.045250773
8086,0.043908864
8087,0.09187584
8088,0.1087437
8089,0.17957695
8090,0.009536401
8091,0.009654909
8092,0.023056148
8093,0.011761609
8094,0.009591558
8095,0.01900553
8096,0.01434388
8097,0.026981687
8098,0.012127532
8099,0.008265401
8100,0.0068412595
8101,0.050815824
8102,0.038262796
8103,0.01287769
8104,0.040018972
8105,0.0142691545
8106,0.01251044
8107,0.008400585
8108,0.08289847
8109,0.023165002
8110,0.04044334
8111,0.007830837
8112,0.0035064453
8113,0.010561545
8114,0.029187065
8115,0.009530751
8116,0.07027678
8117,0.002511097
8118,0.18179634
8119,0.05091707
8120,0.053434584
8121,0.056126073
8122,0.009613302
8123,0.0690884
8124,0.02226502
8125,0.009387657
8126,0.06810198
8127,0.017637867
8128,0.0862535
8129,0.007556994
8130,0.10975846
8131,0.016528528
8132,0.028705431
8133,0.029022563
8134,0.023302302
8135,0.010840898
8136,0.010814234
8137,0.009311489
8138,0.02949593
8139,0.009483483
8140,0.01052732
8141,0.06719801
8142,0.050458323
8143,0.028821548
8144,0.14961937
8145,0.021854311
8146,0.0034175697
8147,0.010532272
8148,0.014983996
8149,0.042548653
8150,0.019756116
8151,0.012852605
8152,0.02298386
8153,0.030336736
8154,0.011308239
8155,0.13905925
8156,0.11176031
8157,0.008380222
8158,0.019015117
8159,0.07608344
8160,0.012899295
8161,0.021207958
8162,0.04119804
8163,0.053741265
8164,0.028644415
8165,0.035297297
8166,0.090868525
8167,0.042169444
8168,0.036259938
8169,0.13267778
8170,0.046427783
8171,0.068516806
8172,0.044694517
8173,0.24670912
8174,0.3005368
8175,0.2529915
8176,0.06369713
8177,0.24719207
8178,0.14885435
8179,0.23042306
8180,0.05690401
8181,0.024974275
8182,0.020355504
8183,0.092460595
8184,0.014068896
8185,0.037278138
8186,0.01440004
8187,0.24262589
8188,0.02857598
8189,0.52199376
8190,0.24353367
8191,0.046842813
8192,0.04496146
8193,0.25011927
8194,0.062378887
8195,0.024471464
8196,0.041278895
8197,0.032566532
8198,0.017559104
8199,0.01400051
8200,0.037886005
8201,0.09849134
8202,0.1484664
8203,0.38827297
8204,0.40673292
8205,0.041152894
8206,0.068030566
8207,0.15098822
8208,0.2212595
8209,0.008944202
8210,0.051773205
8211,0.039519373
8212,0.06259315
8213,0.07436011
8214,0.030361919
8215,0.38402593
8216,0.11260035
8217,0.1442136
8218,0.39469352
8219,0.102012396
8220,0.022391884
8221,0.40166447
8222,0.053167656
8223,0.37566367
8224,0.043400902
8225,0.04561725
8226,0.030151062
8227,0.06356005
8228,0.024974404
8229,0.08308174
8230,0.09622997
8231,0.08037913
8232,0.029228985
8233,0.03609257
8234,0.06991153
8235,0.3548006
8236,0.043055378
8237,0.050085094
8238,0.054486223
8239,0.06870051
8240,0.028389221
8241,0.037690856
8242,0.04758259
8243,0.10239912
8244,0.024337946
8245,0.0501733
8246,0.16140097
8247,0.34011725
8248,0.051878285
8249,0.036836214
8250,0.0025999718
8251,0.0139987115
8252,0.37909314
8253,0.10117347
8254,0.0706425
8255,0.37152514
8256,0.27104005
8257,0.009625959
8258,0.005097002
8259,0.06763276
8260,0.04727196
8261,0.019709764
8262,0.021800121
8263,0.015874347
8264,0.034627136
8265,0.061731886
8266,0.06533502
8267,0.09104416
8268,0.1824953
8269,0.36287957
8270,0.01722961
8271,0.018293206
8272,0.008548203
8273,0.029266888
8274,0.02243008
8275,0.030410195
8276,0.23914883
8277,0.020119399
8278,0.040531952
8279,0.010641968
8280,0.060155164
8281,0.04449327
8282,0.024563847
8283,0.13436016
8284,0.39589745
8285,0.06671543
8286,0.07993406
8287,0.020159489
8288,0.021265889
8289,0.037280805
8290,0.054353632
8291,0.009247627
8292,0.024914136
8293,0.011671291
8294,0.098286845
8295,0.13666783
8296,0.08782713
8297,0.09512619
8298,0.055174552
8299,0.032497887
8300,0.029297795
8301,0.025914691
8302,0.030662788
8303,0.07803871
8304,0.05016765
8305,0.111220144
8306,0.014567945
8307,0.030875413
8308,0.025236769
8309,0.019174185
8310,0.01490478
8311,0.022098444
8312,0.03753813
8313,0.022293145
8314,0.05860469
8315,0.19096713
8316,0.18471123
8317,0.039613057
8318,0.03773333
8319,0.03355791
8320,0.0837406
8321,0.0628779
8322,0.014959255
8323,0.051478177
8324,0.015047973
8325,0.0125095025
8326,0.026788551
8327,0.14521496
8328,0.023133092
8329,0.021993907
8330,0.028334234
8331,0.050753377
8332,0.05366476
8333,0.15991291
8334,0.19344233
8335,0.17681858
8336,0.05368577
8337,0.03462853
8338,0.018999098
8339,0.047803607
8340,0.041273545
8341,0.010867365
8342,0.102089286
8343,0.04062719
8344,0.37972882
8345,0.093951784
8346,0.021300131
8347,0.09863147
8348,0.04546762
8349,0.045018837
8350,0.02005497
8351,0.009464712
8352,0.012180795
8353,0.053477626
8354,0.01158334
8355,0.019028258
8356,0.019797914
8357,0.06788197
8358,0.04068019
8359,0.065254346
8360,0.050569177
8361,0.083211824
8362,0.28261024
8363,0.33673364
8364,0.054263707
8365,0.022319606
8366,0.06765205
8367,0.015921362
8368,0.036724247
8369,0.022457328
8370,0.008599188
8371,0.068398364
8372,0.047202967
8373,0.10770414
8374,0.037296697
8375,0.08681809
8376,0.03643286
8377,0.049833667
8378,0.019221116
8379,0.019762207
8380,0.106287464
8381,0.009527947
8382,0.02890861
8383,0.0625558
8384,0.0095695555
8385,0.022677938
8386,0.03044268
8387,0.05140753
8388,0.061944444
8389,0.17189246
8390,0.07719084
8391,0.22718133
8392,0.10301781
8393,0.10980945
8394,0.012264799
8395,0.07105731
8396,0.011313474
8397,0.04613212
8398,0.00954995
8399,0.03813491
8400,0.0706985
8401,0.030041674
8402,0.02114545
8403,0.04384534
8404,0.034381278
8405,0.046969146
8406,0.069108136
8407,0.029097468
8408,0.047157988
8409,0.007832118
8410,0.02862175
8411,0.062131837
8412,0.031907603
8413,0.087059475
8414,0.050569177
8415,0.10772695
8416,0.39333242
8417,0.08177179
8418,0.09587033
8419,0.051935446
8420,0.0917173
8421,0.05840766
8422,0.0698871
8423,0.045573216
8424,0.020127347
8425,0.23440194
8426,0.056588106
8427,0.06817218
8428,0.050332054
8429,0.06496495
8430,0.01953701
8431,0.024628391
8432,0.020631984
8433,0.020938868
8434,0.033942707
8435,0.19030136
8436,0.05486544
8437,0.040741064
8438,0.088948
8439,0.5062112
8440,0.069063365
8441,0.014600437
8442,0.14590065
8443,0.05195577
8444,0.22219001
8445,0.23230371
8446,0.055577986
8447,0.020030493
8448,0.041901305
8449,0.03744286
8450,0.08153048
8451,0.124467045
8452,0.036756158
8453,0.14122583
8454,0.07042697
8455,0.063171364
8456,0.014697601
8457,0.020506728
8458,0.045828737
8459,0.055298682
8460,0.014750098
8461,0.097505234
8462,0.11618566
8463,0.11302719
8464,0.06723052
8465,0.029196166
8466,0.08959249
8467,0.14024948
8468,0.235772
8469,0.047636908
8470,0.00932805
8471,0.04381934
8472,0.0554517
8473,0.38103038
8474,0.033934806
8475,0.14228904
8476,0.321238
8477,0.23981237
8478,0.012395823
8479,0.019142834
8480,0.011906814
8481,0.03505502
8482,0.045694146
8483,0.14281428
8484,0.21634877
8485,0.009530751
8486,0.062126536
8487,0.06832093
8488,0.22201572
8489,0.109761566
8490,0.108950794
8491,0.2225413
8492,0.3030127
8493,0.0681936
8494,0.042557266
8495,0.0794108
8496,0.046569698
8497,0.23017518
8498,0.6675907
8499,0.0050346786
8500,0.039092652
8501,0.31703147
8502,0.014420043
8503,0.041724164
8504,0.3010925
8505,0.012623777
8506,0.04331343
8507,0.06473847
8508,0.01611681
8509,0.037636712
8510,0.3525034
8511,0.03550984
8512,0.06437053
8513,0.22832747
8514,0.111341126
8515,0.22503598
8516,0.31600502
8517,0.22945288
8518,0.02508291
8519,0.23279735
8520,0.120144926
8521,0.102528386
8522,0.6638063
8523,0.3421683
8524,0.3234461
8525,0.0057566967
8526,0.022030964
8527,0.1147865
8528,0.017114852
8529,0.053205006
8530,0.024505328
8531,0.020392735
8532,0.0116141355
8533,0.010537569
8534,0.005597638
8535,0.04688437
8536,0.011976247
8537,0.028992744
8538,0.046879847
8539,0.07569961
8540,0.07138323
8541,0.08344803
8542,0.07077419
8543,0.16598412
8544,0.14929847
8545,0.024938706
8546,0.09288098
8547,0.14090349
8548,0.01940161
8549,0.07995263
8550,0.6695487
8551,0.688931
8552,0.38227317
8553,0.005633604
8554,0.022421071
8555,0.016867578
8556,0.06906495
8557,0.34967813
8558,0.06963682
8559,0.016601449
8560,0.053434584
8561,0.008481736
8562,0.046111017
8563,0.056513544
8564,0.041432347
8565,0.011528107
8566,0.3077679
8567,0.017172342
8568,0.025868563
8569,0.08342377
8570,0.08248465
8571,0.042631473
8572,0.042013545
8573,0.160811
8574,0.1025422
8575,0.022555305
8576,0.17460547
8577,0.08810586
8578,0.13583009
8579,0.68032163
8580,0.64307564
8581,0.384328
8582,0.015209744
8583,0.086531065
8584,0.022364087
8585,0.18721771
8586,0.07516615
8587,0.23336262
8588,0.036497403
8589,0.075979255
8590,0.019252496
8591,0.07508842
8592,0.08586017
8593,0.12161795
8594,0.14384127
8595,0.37363994
8596,0.31964487
8597,0.18034282
8598,0.10859734
8599,0.06789897
8600,0.052589644
8601,0.09281526
8602,0.035985578
8603,0.02890861
8604,0.11428079
8605,0.11229395
8606,0.056851923
8607,0.087800086
8608,0.022892626
8609,0.71548367
8610,0.99374974
8611,0.6932246
8612,0.11687862
8613,0.040970907
8614,0.30040535
8615,0.2467782
8616,0.01688264
8617,0.01611681
8618,0.02940757
8619,0.07535603
8620,0.042141795
8621,0.29434678
8622,0.58272976
8623,0.057472147
8624,0.08134586
8625,0.068401486
8626,0.12140006
8627,0.060936503
8628,0.28834993
8629,0.13680701
8630,0.031226601
8631,0.07773872
8632,0.08433769
8633,0.0883138
8634,0.04143959
8635,0.0214153
8636,0.35644096
8637,0.24781752
8638,0.22563758
8639,0.06367541
8640,0.024724938
8641,0.08840824
8642,0.061753996
8643,0.18011436
8644,0.026176514
8645,0.035963323
8646,0.037283134
8647,0.016237248
8648,0.018864892
8649,0.036936257
8650,0.036949184
8651,0.22726873
8652,0.43383282
8653,0.3046826
8654,0.23393258
8655,0.09251154
8656,0.14245626
8657,0.11682742
8658,0.375902
8659,0.051443566
8660,0.02452848
8661,0.029031843
8662,0.11289098
8663,0.13263926
8664,0.11127764
8665,0.27603906
8666,0.23558465
8667,0.21890648
8668,0.95695925
8669,0.10706047
8670,0.01875325
8671,0.10155207
8672,0.22158165
8673,0.020149816
8674,0.046105232
8675,0.28753045
8676,0.051433127
8677,0.02992926
8678,0.030462684
8679,0.04004712
8680,0.17212842
8681,0.3054554
8682,0.31933305
8683,0.35152924
8684,0.3234687
8685,0.11731415
8686,0.112558186
8687,0.23013443
8688,0.01323963
8689,0.022411535
8690,0.12003053
8691,0.0633042
8692,0.043688357
8693,0.2598092
8694,0.30054247
8695,0.046878386
8696,0.3788615
8697,0.30149925
8698,0.005712457
8699,0.06917047
8700,0.09294428
8701,0.067422524
8702,0.04211228
8703,0.0141455475
8704,0.024885485
8705,0.047976725
8706,0.07215017
8707,0.069833264
8708,0.102328904
8709,0.32728148
8710,0.579814
8711,0.3316768
8712,0.3051843
8713,0.3743107
8714,0.07562923
8715,0.018844413
8716,0.0631714
8717,0.06471361
8718,0.10871334
8719,0.23140366
8720,0.053845648
8721,0.024490416
8722,0.05230207
8723,0.16435428
8724,0.019128427
8725,0.001994714
8726,0.039436273
8727,0.08387552
8728,0.015177172
8729,0.034817737
8730,0.020232186
8731,0.011503553
8732,0.028112728
8733,0.058080852
8734,0.04767335
8735,0.065506116
8736,0.21514966
8737,0.23447388
8738,0.27756965
8739,0.4315557
8740,0.41736478
8741,0.3241922
8742,0.09021518
8743,0.0058287424
8744,0.03959139
8745,0.02066141
8746,0.042658195
8747,0.09228018
8748,0.015153218
8749,0.008548203
8750,0.029379105
8751,0.5858902
8752,0.07780736
8753,0.01751747
8754,0.050494906
8755,0.042496495
8756,0.14191133
8757,0.034724396
8758,0.04062719
8759,0.016269479
8760,0.04034856
8761,0.01434388
8762,0.0143844625
8763,0.024757564
8764,0.06847625
8765,0.0833468
8766,0.369664
8767,0.32120308
8768,0.17939746
8769,0.6896348
8770,0.3364119
8771,0.36669785
8772,0.114519954
8773,0.035761233
8774,0.029150711
8775,0.029945232
8776,0.041276343
8777,0.039086897
8778,0.015806824
8779,0.030940764
8780,0.056762226
8781,0.3501963
8782,0.11002621
8783,0.30293328
8784,0.026057903
8785,0.08544339
8786,0.09635122
8787,0.10740968
8788,0.13221756
8789,0.04028005
8790,0.026121648
8791,0.0360025
8792,0.113963306
8793,0.5570748
8794,0.30387658
8795,0.37641564
8796,0.23174934
8797,0.23291232
8798,0.12167481
8799,0.069803774
8800,0.036618073
8801,0.02171834
8802,0.011845623
8803,0.03174277
8804,0.027115691
8805,0.102303185
8806,0.10584617
8807,0.06826799
8808,0.22959149
8809,0.023812111
8810,0.062330697
8811,0.3017277
8812,0.036173604
8813,0.0019119863
8814,0.009420207
8815,0.010623104
8816,0.094579645
8817,0.194429
8818,0.025939448
8819,0.19454436
8820,0.22678141
8821,0.058265205
8822,0.080215864
8823,0.027229633
8824,0.07641334
8825,0.065390825
8826,0.031128924
8827,0.100591764
8828,0.089772016
8829,0.037225068
8830,0.009200161
8831,0.29787096
8832,0.011672742
8833,0.014943634
8834,0.08083505
8835,0.006008953
8836,0.036786515
8837,0.029672349
8838,0.10182124
8839,0.029531121
8840,0.038829643
8841,0.007771463
8842,0.035050597
8843,0.15604928
8844,0.33581063
8845,0.36582422
8846,0.09094707
8847,0.010502398
8848,0.018854352
8849,0.018777817
8850,0.024282334
8851,0.044156738
8852,0.014653722
8853,0.055564586
8854,0.11214127
8855,0.013716017
8856,0.026518036
8857,0.014593781
8858,0.02672778
8859,0.01889826
8860,0.011512214
8861,0.021596542
8862,0.063949674
8863,0.07154137
8864,0.31769207
8865,0.014024363
8866,0.017213939
8867,0.027990269
8868,0.061206955
8869,0.0769857
8870,0.3234841
8871,0.096591264
8872,0.012154265
8873,0.15931016
8874,0.031427797
8875,0.015086983
8876,0.062196538
8877,0.109954976
8878,0.0438088
8879,0.011491463
8880,0.018758392
8881,0.009526634
8882,0.18206243
8883,0.014741601
8884,0.022783142
8885,0.10873588
8886,0.052013025
8887,0.03435138
8888,0.016581392
8889,0.023697093
8890,0.051469464
8891,0.32933894
8892,0.026412578
8893,0.0033498306
8894,0.019079024
8895,0.024735078
8896,0.036859456
8897,0.04879249
8898,0.21617739
8899,0.0539738
8900,0.22943889
8901,0.076084204
8902,0.026121648
8903,0.04134053
8904,0.043053802
8905,0.024929011
8906,0.17074709
8907,0.017453715
8908,0.13931607
8909,0.016839156
8910,0.06831492
8911,0.04221283
8912,0.0081992075
8913,0.010653515
8914,0.2448043
8915,0.43837938
8916,0.1937116
8917,0.07677886
8918,0.07041395
8919,0.04100372
8920,0.0393434
8921,0.074217886
8922,0.068608694
8923,0.08722677
8924,0.91750854
8925,0.019107036
8926,0.065116756
8927,0.014435778
8928,0.065890566
8929,0.066009924
8930,0.016832054
8931,0.031052815
8932,0.12051773
8933,0.38107508
8934,0.061366595
8935,0.22511208
8936,0.022393906
8937,0.01737358
8938,0.061968725
8939,0.00924177
8940,0.021984467
8941,0.06771616
8942,0.024881154
8943,0.021923503
8944,0.0014747521
8945,0.0460988
8946,0.049598496
8947,0.021448998
8948,0.018563166
8949,0.047103543
8950,0.016532278
8951,0.15000114
8952,0.03071438
8953,0.036439996
8954,0.014491643
8955,0.029495561
8956,0.06958903
8957,0.09285298
8958,0.020862723
8959,0.022139214
8960,0.04697085
8961,0.5980049
8962,0.057046458
8963,0.08668508
8964,0.04320776
8965,0.031696744
8966,0.03895069
8967,0.041272234
8968,0.015873775
8969,0.32061717
8970,0.02261763
8971,0.0032417008
8972,0.007345838
8973,0.015738558
8974,0.041342918
8975,0.0831648
8976,0.019673206
8977,0.09626479
8978,0.03672298
8979,0.022060435
8980,0.005119437
8981,0.040191416
8982,0.3041875
8983,0.025436038
8984,0.019317437
8985,0.004029042
8986,0.020173317
8987,0.012053074
8988,0.039046522
8989,0.0081774
8990,0.028522765
8991,0.004199326
8992,0.21683143
8993,0.051583536
8994,0.012666556
8995,0.015074396
8996,0.015017937
8997,0.008486021
8998,0.056926485
8999,0.109952204
9000,0.0786828
9001,0.064340554
9002,0.05189429
9003,0.022517636
9004,0.04555341
9005,0.016536532
9006,0.05595777
9007,0.21810387
9008,0.10737477
9009,0.005899904
9010,0.00348041
9011,0.029064253
9012,0.013602911
9013,0.011963918
9014,0.015958108
9015,0.01089126
9016,0.019079916
9017,0.007830532
9018,0.014711786
9019,0.009239026
9020,0.015084682
9021,0.022049762
9022,0.043605935
9023,0.044142105
9024,0.09355966
9025,0.0052641537
9026,0.108910844
9027,0.24158949
9028,0.019461736
9029,0.009663126
9030,0.011546334
9031,0.009423762
9032,0.017132549
9033,0.018557483
9034,0.014274171
9035,0.026223311
9036,0.008196475
9037,0.006768308
9038,0.051203616
9039,0.037417296
9040,0.012590822
9041,0.040711932
9042,0.014204153
9043,0.012679702
9044,0.008196475
9045,0.082194224
9046,0.022640679
9047,0.040761065
9048,0.0035023289
9049,0.010624385
9050,0.027762922
9051,0.009372948
9052,0.06880854
9053,0.006586138
9054,0.012264569
9055,0.17753844
9056,0.050098404
9057,0.053549
9058,0.055328526
9059,0.06858358
9060,0.021740697
9061,0.00947142
9062,0.06800215
9063,0.014883276
9064,0.08411375
9065,0.0072569624
9066,0.110724956
9067,0.016437635
9068,0.022317337
9069,0.028423375
9070,0.023968944
9071,0.022874625
9072,0.012753045
9073,0.010701788
9074,0.010763177
9075,0.00640939
9076,0.009503433
9077,0.029427005
9078,0.009560242
9079,0.010706736
9080,0.067194685
9081,0.049626224
9082,0.02801022
9083,0.0035200703
9084,0.14995524
9085,0.018938392
9086,0.021895915
9087,0.026677687
9088,0.0033875084
9089,0.010502211
9090,0.014764886
9091,0.04285206
9092,0.01923788
9093,0.022524873
9094,0.029563794
9095,0.015174591
9096,0.02683806
9097,0.1440518
9098,0.111366265
9099,0.008350161
9100,0.07780611
9101,0.030594146
9102,0.047798134
9103,0.053733505
9104,0.0285676
9105,0.03321067
9106,0.045675013
9107,0.0067757494
9108,0.08876576
9109,0.04242003
9110,0.0021621422
9111,0.12675117
9112,0.043992672
9113,0.068760835
9114,0.044359922
9115,0.23978084
9116,0.29837337
9117,0.014367079
9118,0.24656437
9119,0.066306114
9120,0.19718467
9121,0.09032366
9122,0.13655925
9123,0.061009206
9124,0.019712742
9125,0.08094795
9126,0.014037111
9127,0.0340634
9128,0.014335038
9129,0.0113125965
9130,0.12801746
9131,0.028585775
9132,0.52492124
9133,0.12878956
9134,0.043483622
9135,0.04496146
9136,0.13371368
9137,0.062021356
9138,0.024475234
9139,0.042466875
9140,0.017133208
9141,0.014126517
9142,0.03781708
9143,0.09685376
9144,0.14754601
9145,0.40114182
9146,0.40182135
9147,0.044966344
9148,0.06883316
9149,0.29764464
9150,0.13373773
9151,0.05173862
9152,0.040818162
9153,0.061578333
9154,0.079321146
9155,0.029550977
9156,0.38832766
9157,0.11195985
9158,0.2544874
9159,0.3264124
9160,0.10869153
9161,0.021751743
9162,0.37888893
9163,0.0077851117
9164,0.054099884
9165,0.29822516
9166,0.047286365
9167,0.0457263
9168,0.030126622
9169,0.06413276
9170,0.005643531
9171,0.024651181
9172,0.087977394
9173,0.09372312
9174,0.02896421
9175,0.0352228
9176,0.25991035
9177,0.38170654
9178,0.04081686
9179,0.028806534
9180,0.05150475
9181,0.056285642
9182,0.069127284
9183,0.02867537
9184,0.03652042
9185,0.039432965
9186,0.09965171
9187,0.049667567
9188,0.15823428
9189,0.066360205
9190,0.32865116
9191,0.051878285
9192,0.03661738
9193,0.022063306
9194,0.014626355
9195,0.011978972
9196,0.014797016
9197,0.013754882
9198,0.016030481
9199,0.37709627
9200,0.10127271
9201,0.07112714
9202,0.38283858
9203,0.2881487
9204,0.0681936
9205,0.045725178
9206,0.013269525
9207,0.022211587
9208,0.015402818
9209,0.035547517
9210,0.0041220607
9211,0.06809008
9212,0.064839825
9213,0.09104416
9214,0.34029868
9215,0.3487814
9216,0.017089713
9217,0.017959466
9218,0.04207731
9219,0.008371202
9220,0.0077922856
9221,0.02855784
9222,0.021966124
9223,0.031037811
9224,0.16245131
9225,0.019012926
9226,0.039838992
9227,0.010611907
9228,0.062764145
9229,0.1317891
9230,0.39536566
9231,0.06702037
9232,0.07993406
9233,0.019789847
9234,0.020896243
9235,0.037618082
9236,0.054353632
9237,0.01870072
9238,0.02545441
9239,0.09852803
9240,0.13149148
9241,0.08551026
9242,0.16487563
9243,0.05631554
9244,0.03164032
9245,0.028610421
9246,0.026899094
9247,0.030272655
9248,0.07772506
9249,0.050682597
9250,0.110114805
9251,0.014428049
9252,0.031110967
9253,0.024487887
9254,0.018649857
9255,0.01492461
9256,0.021985367
9257,0.036894564
9258,0.11131152
9259,0.020616736
9260,0.021949964
9261,0.058264714
9262,0.19413428
9263,0.1814791
9264,0.039972812
9265,0.036149006
9266,0.033796225
9267,0.08665946
9268,0.062661305
9269,0.015187025
9270,0.01255547
9271,0.02625124
9272,0.14131692
9273,0.022702705
9274,0.021763518
9275,0.027796926
9276,0.05147978
9277,0.054887004
9278,0.15223213
9279,0.095397264
9280,0.17364104
9281,0.05266511
9282,0.03440795
9283,0.018358957
9284,0.047514156
9285,0.041273545
9286,0.10455519
9287,0.04199148
9288,0.30907705
9289,0.09399642
9290,0.02070406
9291,0.01222445
9292,0.09889665
9293,0.046153605
9294,0.04458568
9295,0.01952736
9296,0.009461825
9297,0.05262809
9298,0.011831024
9299,0.018465774
9300,0.01936855
9301,0.0680507
9302,0.040921763
9303,0.065254346
9304,0.051314704
9305,0.08265866
9306,0.1610606
9307,0.33370557
9308,0.053271707
9309,0.022108087
9310,0.06838293
9311,0.016108347
9312,0.037666332
9313,0.022614218
9314,0.06840174
9315,0.047498196
9316,0.104715265
9317,0.038155314
9318,0.08826466
9319,0.036133092
9320,0.05009949
9321,0.030559879
9322,0.018706251
9323,0.019267285
9324,0.105428666
9325,0.028280035
9326,0.0618146
9327,0.009500629
9328,0.021864187
9329,0.030457012
9330,0.0509737
9331,0.061914146
9332,0.17164183
9333,0.076841354
9334,0.14433682
9335,0.10205505
9336,0.10969948
9337,0.011949813
9338,0.07122272
9339,0.011355247
9340,0.046077292
9341,0.037559673
9342,0.07141205
9343,0.02894698
9344,0.020515138
9345,0.043508064
9346,0.034312353
9347,0.04610811
9348,0.06929421
9349,0.028901631
9350,0.04775817
9351,0.021421352
9352,0.028830003
9353,0.014650305
9354,0.06267577
9355,0.0141000515
9356,0.032342475
9357,0.08770515
9358,0.051081005
9359,0.111200914
9360,0.37560365
9361,0.080607206
9362,0.09467385
9363,0.050934047
9364,0.063949674
9365,0.059210923
9366,0.06945748
9367,0.046201717
9368,0.009519889
9369,0.01939934
9370,0.23375158
9371,0.05772986
9372,0.06826472
9373,0.049963076
9374,0.06723481
9375,0.019071445
9376,0.024595995
9377,0.020375378
9378,0.034493495
9379,0.18556339
9380,0.056510862
9381,0.03873675
9382,0.087211065
9383,0.5203233
9384,0.069448955
9385,0.014283434
9386,0.1530936
9387,0.04990183
9388,0.21942414
9389,0.23274186
9390,0.0555383
9391,0.019369429
9392,0.04190991
9393,0.083161816
9394,0.12450989
9395,0.036687233
9396,0.23021016
9397,0.07070588
9398,0.06274504
9399,0.014610204
9400,0.019768184
9401,0.04531069
9402,0.053762835
9403,0.014905969
9404,0.09827104
9405,0.11649524
9406,0.11654762
9407,0.067057565
9408,0.028163143
9409,0.08946903
9410,0.21375039
9411,0.22302674
9412,0.047636908
9413,0.00964292
9414,0.04381934
9415,0.02150472
9416,0.009351567
9417,0.056951154
9418,0.38560316
9419,0.033310156
9420,0.14270672
9421,0.3223467
9422,0.1384586
9423,0.012240943
9424,0.019431366
9425,0.009571562
9426,0.0120619135
9427,0.035296895
9428,0.04476888
9429,0.1378808
9430,0.21831289
9431,0.0634339
9432,0.068541005
9433,0.23104672
9434,0.1902264
9435,0.108720526
9436,0.23044339
9437,0.30013892
9438,0.06789897
9439,0.019684164
9440,0.0414616
9441,0.08097873
9442,0.0458888
9443,0.2349821
9444,0.6872914
9445,0.0049657533
9446,0.03890675
9447,0.3202931
9448,0.01456403
9449,0.04104739
9450,0.23093598
9451,0.012697909
9452,0.042524844
9453,0.063949674
9454,0.016252037
9455,0.0380013
9456,0.005617587
9457,0.24427828
9458,0.036536746
9459,0.06386993
9460,0.23566909
9461,0.11021256
9462,0.22749688
9463,0.31689328
9464,0.23101372
9465,0.024791801
9466,0.13174106
9467,0.120144926
9468,0.1842365
9469,0.706089
9470,0.34620655
9471,0.2576327
9472,0.022126444
9473,0.112386234
9474,0.016937455
9475,0.053083036
9476,0.024161404
9477,0.020028472
9478,0.011528518
9479,0.0107173985
9480,0.047215793
9481,0.0066497736
9482,0.010624385
9483,0.028843392
9484,0.04740076
9485,0.07523503
9486,0.07120105
9487,0.08256398
9488,0.070703715
9489,0.10603442
9490,0.14842086
9491,0.024772353
9492,0.089218065
9493,0.23077524
9494,0.01921938
9495,0.047426105
9496,0.6701754
9497,0.67556936
9498,0.38430238
9499,0.0055287126
9500,0.022576261
9501,0.016832054
9502,0.07060757
9503,0.35690624
9504,0.06918882
9505,0.017139139
9506,0.056159943
9507,0.008427449
9508,0.046790358
9509,0.055029355
9510,0.040627625
9511,0.011395908
9512,0.30806965
9513,0.017386891
9514,0.026103213
9515,0.08236605
9516,0.0829117
9517,0.044531167
9518,0.04062719
9519,0.16018422
9520,0.10237195
9521,0.29474974
9522,0.08670424
9523,0.08289521
9524,0.6909056
9525,0.66506803
9526,0.38673645
9527,0.01476503
9528,0.05220622
9529,0.022224195
9530,0.008331658
9531,0.24096976
9532,0.0770161
9533,0.23111337
9534,0.0361458
9535,0.07598346
9536,0.02001734
9537,0.07322
9538,0.0856165
9539,0.118677445
9540,0.14332035
9541,0.36821684
9542,0.25300068
9543,0.1086766
9544,0.10859734
9545,0.06965871
9546,0.05192595
9547,0.09342172
9548,0.03725371
9549,0.029349063
9550,0.021756211
9551,0.11428079
9552,0.19448535
9553,0.054146208
9554,0.088856414
9555,0.022412026
9556,0.6664249
9557,0.98526704
9558,0.6502088
9559,0.08697243
9560,0.04059589
9561,0.16685985
9562,0.011884488
9563,0.25262675
9564,0.023892144
9565,0.008875276
9566,0.016897425
9567,0.016252037
9568,0.029484497
9569,0.07629113
9570,0.03838298
9571,0.30273494
9572,0.56193066
9573,0.057965547
9574,0.08034717
9575,0.068401486
9576,0.11428098
9577,0.061732117
9578,0.29028392
9579,0.08029707
9580,0.031162914
9581,0.077967435
9582,0.086964816
9583,0.086340606
9584,0.04174634
9585,0.02139618
9586,0.35676596
9587,0.3182068
9588,0.21392338
9589,0.06367541
9590,0.024585042
9591,0.08369033
9592,0.062287234
9593,0.22991833
9594,0.025962332
9595,0.036037337
9596,0.03721421
9597,0.016218517
9598,0.018500252
9599,0.0367003
9600,0.037023887
9601,0.30490556
9602,0.43920878
9603,0.30846268
9604,0.23842078
9605,0.09319872
9606,0.14100397
9607,0.21575975
9608,0.36938557
9609,0.04979954
9610,0.025222888
9611,0.030836571
9612,0.029144123
9613,0.18570127
9614,0.13087685
9615,0.112893224
9616,0.27336666
9617,0.17943057
9618,0.23272254
9619,0.9595236
9620,0.10763924
9621,0.18222001
9622,0.23229036
9623,0.020131245
9624,0.046042535
9625,0.37216032
9626,0.0507246
9627,0.03169246
9628,0.030063383
9629,0.039235096
9630,0.16509794
9631,0.30160883
9632,0.23444042
9633,0.35010254
9634,0.3199987
9635,0.11863378
9636,0.17899604
9637,0.30273992
9638,0.013320344
9639,0.022905877
9640,0.23053074
9641,0.06445689
9642,0.043958064
9643,0.3380935
9644,0.2272121
9645,0.046878386
9646,0.37812924
9647,0.2984093
9648,0.005643531
9649,0.066869
9650,0.09096771
9651,0.065784
9652,0.04211228
9653,0.010573042
9654,0.014453205
9655,0.025100265
9656,0.04711569
9657,0.0726361
9658,0.070109546
9659,0.102438875
9660,0.31369132
9661,0.5545337
9662,0.32972127
9663,0.30154514
9664,0.36772928
9665,0.07860266
9666,0.01873846
9667,0.06343669
9668,0.06471361
9669,0.16751948
9670,0.2382704
9671,0.052317042
9672,0.025161935
9673,0.054244637
9674,0.16265114
9675,0.019935463
9676,0.0019508508
9677,0.03999677
9678,0.08225361
9679,0.020327568
9680,0.014933345
9681,0.033798486
9682,0.019644624
9683,0.011609788
9684,0.02855784
9685,0.059226185
9686,0.047854614
9687,0.066043325
9688,0.21332048
9689,0.21183802
9690,0.27908683
9691,0.4306562
9692,0.4064257
9693,0.32366574
9694,0.09191597
9695,0.040014986
9696,0.020173317
9697,0.04397011
9698,0.09413984
9699,0.015194474
9700,0.03165069
9701,0.59366477
9702,0.04088743
9703,0.017650066
9704,0.082734376
9705,0.04267776
9706,0.1465651
9707,0.04141577
9708,0.016513912
9709,0.039613057
9710,0.014136079
9711,0.014674781
9712,0.024873082
9713,0.06864999
9714,0.08380925
9715,0.38232037
9716,0.3170232
9717,0.17939746
9718,0.6800736
9719,0.32271144
9720,0.36032763
9721,0.113178484
9722,0.034151718
9723,0.030816814
9724,0.041456718
9725,0.03870047
9726,0.01576796
9727,0.029789409
9728,0.055973247
9729,0.35810298
9730,0.11065428
9731,0.2878996
9732,0.02614293
9733,0.08535893
9734,0.098655775
9735,0.10865319
9736,0.1309774
9737,0.038713656
9738,0.026075484
9739,0.03615241
9740,0.11382348
9741,0.55681056
9742,0.30551624
9743,0.38269064
9744,0.23341848
9745,0.3254259
9746,0.12294997
9747,0.06899828
9748,0.039539114
9749,0.021419443
9750,0.011988421
9751,0.012530229
9752,0.031315263
9753,0.02615584
9754,0.10511821
9755,0.10442297
9756,0.069460675
9757,0.22938342
9758,0.023837008
9759,0.06431417
9760,0.010581496
9761,0.22806726
9762,0.037078623
9763,0.0096315
9764,0.010462136
9765,0.09235312
9766,0.11499338
9767,0.025767533
9768,0.0032658456
9769,0.19345728
9770,0.23314834
9771,0.058974344
9772,0.08058641
9773,0.07517329
9774,0.06570569
9775,0.030848285
9776,0.10161337
9777,0.09130838
9778,0.03634624
9779,0.009289038
9780,0.17254995
9781,0.011494636
9782,0.011413166
9783,0.015074396
9784,0.078230485
9785,0.036786515
9786,0.029093197
9787,0.1016721
9788,0.030389907
9789,0.038656224
9790,0.007739502
9791,0.035092354
9792,0.23333883
9793,0.33695373
9794,0.37273473
9795,0.09261397
9796,0.010634961
9797,0.019340882
9798,0.01870452
9799,0.024209186
9800,0.045004703
9801,0.014450981
9802,0.05566302
9803,0.111567
9804,0.01469206
9805,0.026225723
9806,0.01462981
9807,0.026490567
9808,0.018655518
9809,0.011189307
9810,0.023335349
9811,0.06431445
9812,0.07173809
9813,0.32080194
9814,0.013763996
9815,0.01675419
9816,0.028777463
9817,0.061053738
9818,0.07583059
9819,0.24748236
9820,0.09158957
9821,0.012260518
9822,0.16436833
9823,0.031218529
9824,0.06256131
9825,0.10817765
9826,0.0445019
9827,0.0114706475
9828,0.019261718
9829,0.009490446
9830,0.1757032
9831,0.01463539
9832,0.022370191
9833,0.112410784
9834,0.053273857
9835,0.03435138
9836,0.01691147
9837,0.023697093
9838,0.051129512
9839,0.3184424
9840,0.026718365
9841,0.00312688
9842,0.024720836
9843,0.03652042
9844,0.05082375
9845,0.22871359
9846,0.053204186
9847,0.23077898
9848,0.07751499
9849,0.025400613
9850,0.041192293
9851,0.043036353
9852,0.024900274
9853,0.23537217
9854,0.019618226
9855,0.13779452
9856,0.017236607
9857,0.069234
9858,0.043600433
9859,0.008502967
9860,0.01061465
9861,0.31635135
9862,0.4494003
9863,0.1948673
9864,0.07710257
9865,0.013273311
9866,0.071165
9867,0.040633764
9868,0.038106494
9869,0.07456147
9870,0.06784191
9871,0.08629453
9872,0.9285737
9873,0.018797256
9874,0.065809384
9875,0.06501405
9876,0.066109754
9877,0.016571224
9878,0.032524984
9879,0.117384985
9880,0.3160535
9881,0.06316672
9882,0.22466365
9883,0.022160346
9884,0.062482785
9885,0.009280635
9886,0.021708015
9887,0.06558006
9888,0.02482312
9889,0.02200055
9890,0.046280064
9891,0.050506163
9892,0.018643487
9893,0.047551155
9894,0.017680256
9895,0.14890347
9896,0.030572442
9897,0.03720716
9898,0.014535563
9899,0.029561434
9900,0.070254855
9901,0.09391697
9902,0.046738584
9903,0.5952718
9904,0.05564954
9905,0.08533095
9906,0.04335243
9907,0.039557613
9908,0.040299352
9909,0.016025105
9910,0.3313586
9911,0.022199424
9912,0.0058191386
9913,0.0031657445
9914,0.041680194
9915,0.082609124
9916,0.01960302
9917,0.009446211
9918,0.095815435
9919,0.036268078
9920,0.022276146
9921,0.040191416
9922,0.29758102
9923,0.023722144
9924,0.019438203
9925,0.02021218
9926,0.012176521
9927,0.03805237
9928,0.029327195
9929,0.004258628
9930,0.2233815
9931,0.051143385
9932,0.012610779
9933,0.015148281
9934,0.008460077
9935,0.05536253
9936,0.1099144
9937,0.07585241
9938,0.0628155
9939,0.05326354
9940,0.02274551
9941,0.04533725
9942,0.056748077
9943,0.23591988
9944,0.10713089
9945,0.010706736
9946,0.028714618
9947,0.013832518
9948,0.015968658
9949,0.010644264
9950,0.018750211
9951,0.007979122
9952,0.009222999
9953,0.014686819
9954,0.008825266
9955,0.021261163
9956,0.04728886
9957,0.0438313
9958,0.09408137
9959,0.012357563
9960,0.009292525
9961,0.16900805
9962,0.1763388
9963,0.009219752
9964,0.0096127065
9965,0.019606661
9966,0.022509724
9967,0.0118726315
9968,0.009522632
9969,0.016780412
9970,0.018557483
9971,0.014203986
9972,0.026383543
9973,0.01178701
9974,0.008335789
9975,0.0066405674
9976,0.024180263
9977,0.03905687
9978,0.040711932
9979,0.01408011
9980,0.0081607
9981,0.08411639
9982,0.02274847
9983,0.041044004
9984,0.028062716
9985,0.009442077
9986,0.06949428
9987,0.011990675
9988,0.010396184
9989,0.1761225
9990,0.05175957
9991,0.056455623
9992,0.055432696
9993,0.014538702
9994,0.06861444
9995,0.021691922
9996,0.0095016835
9997,0.003917421
9998,0.06840632
9999,0.0868673
10000,0.007374459
10001,0.1125866
10002,0.016379023
10003,0.02902233
10004,0.029014554
10005,0.023674635
10006,0.022846745
10007,0.010538198
10008,0.010704564
10009,0.009355944
10010,0.029299498
10011,0.009464019
10012,0.010687803
10013,0.064591795
10014,0.049291797
10015,0.028472813
10016,0.14896396
10017,0.018318161
10018,0.021844206
10019,0.003348644
10020,0.010539915
10021,0.014944524
10022,0.04212086
10023,0.018894361
10024,0.012668505
10025,0.022769867
10026,0.01589101
10027,0.00925675
10028,0.025735801
10029,0.1404778
10030,0.11103022
10031,0.07636266
10032,0.02015805
10033,0.044877257
10034,0.029509038
10035,0.073894486
10036,0.05114056
10037,0.029205322
10038,0.03577614
10039,0.045560677
10040,0.041006804
10041,0.08554315
10042,0.04610768
10043,0.03492025
10044,0.029144375
10045,0.1290874
10046,0.06685263
10047,0.041826505
10048,0.3082592
10049,0.30850634
10050,0.020722747
10051,0.024230063
10052,0.045300633
10053,0.014069738
10054,0.25389424
10055,0.0643737
10056,0.2477107
10057,0.088572636
10058,0.23891707
10059,0.055791628
10060,0.019720273
10061,0.075187415
10062,0.031913128
10063,0.014240928
10064,0.12966394
10065,0.029315561
10066,0.51808065
10067,0.20899893
10068,0.04496042
10069,0.04548533
10070,0.2431279
10071,0.059704125
10072,0.00607499
10073,0.041564126
10074,0.031237805
10075,0.014052494
10076,0.03875124
10077,0.09234666
10078,0.2365197
10079,0.38079682
10080,0.38959643
10081,0.063518465
10082,0.107588634
10083,0.22815889
10084,0.008814456
10085,0.020621186
10086,0.050767567
10087,0.062270805
10088,0.014155819
10089,0.07717644
10090,0.366027
10091,0.1095041
10092,0.23792422
10093,0.38611504
10094,0.09993918
10095,0.021612698
10096,0.37509423
10097,0.053334538
10098,0.2801028
10099,0.046153843
10100,0.045615993
10101,0.032001246
10102,0.06275811
10103,0.024512794
10104,0.13228059
10105,0.09474597
10106,0.079582684
10107,0.03009456
10108,0.093731485
10109,0.2579332
10110,0.04044887
10111,0.029603634
10112,0.050415605
10113,0.054297816
10114,0.06699344
10115,0.02901325
10116,0.037015285
10117,0.039430607
10118,0.063859425
10119,0.024578119
10120,0.050211318
10121,0.15223598
10122,0.057848472
10123,0.2503951
10124,0.018890332
10125,0.04829514
10126,0.037257876
10127,0.021530557
10128,0.014564063
10129,0.014867876
10130,0.015855812
10131,0.39484844
10132,0.0994723
10133,0.06761089
10134,0.3869901
10135,0.2828572
10136,0.06727199
10137,0.042993072
10138,0.013076315
10139,0.01922429
10140,0.02200302
10141,0.006377783
10142,0.03454913
10143,0.0042765248
10144,0.011920971
10145,0.06559878
10146,0.06328793
10147,0.0849533
10148,0.24661103
10149,0.3574291
10150,0.017148163
10151,0.01827878
10152,0.04186837
10153,0.01049784
10154,0.00849124
10155,0.02921368
10156,0.021712817
10157,0.030813973
10158,0.23418823
10159,0.019149035
10160,0.039470457
10161,0.062033992
10162,0.02431305
10163,0.13073137
10164,0.39676306
10165,0.055799622
10166,0.07793609
10167,0.019732475
10168,0.021148685
10169,0.03813606
10170,0.051946633
10171,0.009404564
10172,0.024421042
10173,0.011844335
10174,0.09710991
10175,0.12749024
10176,0.08208032
10177,0.088750355
10178,0.05425118
10179,0.031219598
10180,0.028987901
10181,0.026716083
10182,0.030143064
10183,0.082101874
10184,0.049272716
10185,0.109401524
10186,0.014322104
10187,0.033009473
10188,0.02469583
10189,0.018583028
10190,0.014710652
10191,0.021548683
10192,0.037293185
10193,0.0068862867
10194,0.094294526
10195,0.021571822
10196,0.05769268
10197,0.252169
10198,0.2310401
10199,0.040236015
10200,0.036090896
10201,0.033287443
10202,0.084933944
10203,0.06246107
10204,0.015105609
10205,0.026575193
10206,0.13811108
10207,0.02286472
10208,0.021385005
10209,0.028954763
10210,0.050539177
10211,0.052792937
10212,0.15156187
10213,0.18264262
10214,0.16826697
10215,0.053045087
10216,0.03439887
10217,0.018486349
10218,0.047282986
10219,0.040272523
10220,0.100607336
10221,0.04155983
10222,0.38081393
10223,0.09156763
10224,0.02084217
10225,0.09223404
10226,0.045681134
10227,0.04454025
10228,0.009495663
10229,0.051793255
10230,0.020428132
10231,0.011371908
10232,0.01859249
10233,0.019409725
10234,0.06709469
10235,0.040771086
10236,0.06470754
10237,0.05043379
10238,0.080116846
10239,0.28839004
10240,0.33922487
10241,0.052821007
10242,0.021626644
10243,0.066284016
10244,0.015981661
10245,0.03548487
10246,0.006922214
10247,0.008376421
10248,0.06688905
10249,0.044120885
10250,0.10207876
10251,0.038107365
10252,0.087185554
10253,0.037164185
10254,0.049634635
10255,0.029948581
10256,0.019026244
10257,0.01943864
10258,0.106375486
10259,0.009611183
10260,0.028743574
10261,0.060303487
10262,0.009360067
10263,0.009641033
10264,0.029786326
10265,0.050220907
10266,0.062151294
10267,0.09991194
10268,0.07565472
10269,0.13730174
10270,0.10078408
10271,0.11169379
10272,0.011953349
10273,0.06932358
10274,0.011123173
10275,0.04591586
10276,0.009513348
10277,0.038986932
10278,0.06893033
10279,0.028879464
10280,0.020765893
10281,0.04371958
10282,0.036773987
10283,0.01208119
10284,0.045553114
10285,0.06768623
10286,0.029094256
10287,0.04696103
10288,0.0076952586
10289,0.021663513
10290,0.02846173
10291,0.061387107
10292,0.013987163
10293,0.030801302
10294,0.08580613
10295,0.050348174
10296,0.1057101
10297,0.39031878
10298,0.07857391
10299,0.09302752
10300,0.05074882
10301,0.06425127
10302,0.05768772
10303,0.068583615
10304,0.046374246
10305,0.019641872
10306,0.3086953
10307,0.055983532
10308,0.065363854
10309,0.04978046
10310,0.06540496
10311,0.019046953
10312,0.023978885
10313,0.00849124
10314,0.020403968
10315,0.03416915
10316,0.23895307
10317,0.05469671
10318,0.03919008
10319,0.08466279
10320,0.58855003
10321,0.067097366
10322,0.014429491
10323,0.08616713
10324,0.049780607
10325,0.22123995
10326,0.23228097
10327,0.055176836
10328,0.020374015
10329,0.040224038
10330,0.0811855
10331,0.21452305
10332,0.03651134
10333,0.1377402
10334,0.06787907
10335,0.06295294
10336,0.010475999
10337,0.014894734
10338,0.020495372
10339,0.045287505
10340,0.055154677
10341,0.014986253
10342,0.096777074
10343,0.114594035
10344,0.11480801
10345,0.0660562
10346,0.028697146
10347,0.08421454
10348,0.22197929
10349,0.2223567
10350,0.04734968
10351,0.009523852
10352,0.042587183
10353,0.021069806
10354,0.009415671
10355,0.054964285
10356,0.38456604
10357,0.033232696
10358,0.13530023
10359,0.32086048
10360,0.21670835
10361,0.018971605
10362,0.009571063
10363,0.035983462
10364,0.045545444
10365,0.1349837
10366,0.21490568
10367,0.062016167
10368,0.06655225
10369,0.22907163
10370,0.11360531
10371,0.1070963
10372,0.22022319
10373,0.30295405
10374,0.067434035
10375,0.00792764
10376,0.01969033
10377,0.041022386
10378,0.07924822
10379,0.049536977
10380,0.18091667
10381,0.6616443
10382,0.005151082
10383,0.038560323
10384,0.32014957
10385,0.014429839
10386,0.040470887
10387,0.22620015
10388,0.015210557
10389,0.012395649
10390,0.04303584
10391,0.06485137
10392,0.016064765
10393,0.037523806
10394,0.32135335
10395,0.035864525
10396,0.063453086
10397,0.22175668
10398,0.11006003
10399,0.22477093
10400,0.320753
10401,0.22623383
10402,0.024289636
10403,0.30118126
10404,0.112994775
10405,0.1683568
10406,0.68218875
10407,0.2595934
10408,0.3296082
10409,0.02165173
10410,0.114598215
10411,0.016889129
10412,0.05204796
10413,0.020095889
10414,0.019378971
10415,0.010760453
10416,0.047979243
10417,0.006787032
10418,0.01049784
10419,0.029654397
10420,0.047287427
10421,0.07499889
10422,0.06969233
10423,0.08036882
10424,0.068433106
10425,0.15547849
10426,0.083266154
10427,0.024504181
10428,0.08351379
10429,0.22472154
10430,0.019312156
10431,0.046959896
10432,0.693115
10433,0.6931177
10434,0.38226914
10435,0.005675177
10436,0.021757508
10437,0.016890503
10438,0.06886344
10439,0.36373463
10440,0.067254305
10441,0.05246033
10442,0.00854577
10443,0.046307284
10444,0.054914054
10445,0.040764775
10446,0.011090203
10447,0.3083425
10448,0.017474743
10449,0.025103733
10450,0.08100359
10451,0.08014368
10452,0.043521628
10453,0.04125721
10454,0.15586157
10455,0.09862939
10456,0.0059574936
10457,0.022555735
10458,0.3046018
10459,0.08160378
10460,0.07930432
10461,0.709698
10462,0.688704
10463,0.38686776
10464,0.015111142
10465,0.051923964
10466,0.02208987
10467,0.19217697
10468,0.074603386
10469,0.22526981
10470,0.036154848
10471,0.075929545
10472,0.019200455
10473,0.073752224
10474,0.084356785
10475,0.11463688
10476,0.14109196
10477,0.36999008
10478,0.32444862
10479,0.16805705
10480,0.10783087
10481,0.066431984
10482,0.049634635
10483,0.09148056
10484,0.03610325
10485,0.028584912
10486,0.10962838
10487,0.17729586
10488,0.055105597
10489,0.080786616
10490,0.022158047
10491,0.67579556
10492,0.9885186
10493,0.7023209
10494,0.091029234
10495,0.04218183
10496,0.15151696
10497,0.24022259
10498,0.023532933
10499,0.016453948
10500,0.016169546
10501,0.029852547
10502,0.07439272
10503,0.040870637
10504,0.30309138
10505,0.58753777
10506,0.055885613
10507,0.078482635
10508,0.06827889
10509,0.12142966
10510,0.060365178
10511,0.2823567
10512,0.0798405
10513,0.03182634
10514,0.07677934
10515,0.08369341
10516,0.08459022
10517,0.041555934
10518,0.021020604
10519,0.36368507
10520,0.33495137
10521,0.21481465
10522,0.06411301
10523,0.024388853
10524,0.07975917
10525,0.06252422
10526,0.3035732
10527,0.025343558
10528,0.03623654
10529,0.038661204
10530,0.018436003
10531,0.03599322
10532,0.03718488
10533,0.29068717
10534,0.43238387
10535,0.3025681
10536,0.22430465
10537,0.091214016
10538,0.22196734
10539,0.11911955
10540,0.37134853
10541,0.048864406
10542,0.024369966
10543,0.032142084
10544,0.028712543
10545,0.11240867
10546,0.12831555
10547,0.11176677
10548,0.26763695
10549,0.30280644
10550,0.21705243
10551,0.96165293
10552,0.15543184
10553,0.17569005
10554,0.22673085
10555,0.04617468
10556,0.28091222
10557,0.049785882
10558,0.03129011
10559,0.030977506
10560,0.03968847
10561,0.1615026
10562,0.2986166
10563,0.3180944
10564,0.36376005
10565,0.31964368
10566,0.116897084
10567,0.17889254
10568,0.22690213
10569,0.013332672
10570,0.12061949
10571,0.06346435
10572,0.043748483
10573,0.34376308
10574,0.17290305
10575,0.04666533
10576,0.37685612
10577,0.302462
10578,0.0057664514
10579,0.06700601
10580,0.084266804
10581,0.06531649
10582,0.013454736
10583,0.023819081
10584,0.04746091
10585,0.0695586
10586,0.067470215
10587,0.16742565
10588,0.33868068
10589,0.59538203
10590,0.33646172
10591,0.30046046
10592,0.3688764
10593,0.073411494
10594,0.018106896
10595,0.062255558
10596,0.063260145
10597,0.1067016
10598,0.2316862
10599,0.053512167
10600,0.024026588
10601,0.05265882
10602,0.10807984
10603,0.01843991
10604,0.038620923
10605,0.08068389
10606,0.019835498
10607,0.014442446
10608,0.033428553
10609,0.019241221
10610,0.010901187
10611,0.028051605
10612,0.055393383
10613,0.04697611
10614,0.063032836
10615,0.29394928
10616,0.22511302
10617,0.26482767
10618,0.44238985
10619,0.40721703
10620,0.32622477
10621,0.08728719
10622,0.0051139295
10623,0.01967369
10624,0.043032356
10625,0.0881586
10626,0.013924698
10627,0.007951916
10628,0.028244682
10629,0.60706776
10630,0.041052416
10631,0.016863195
10632,0.080292694
10633,0.042922903
10634,0.08212196
10635,0.034358423
10636,0.041250862
10637,0.015994696
10638,0.038496543
10639,0.013527744
10640,0.013754487
10641,0.02380322
10642,0.065891415
10643,0.08009037
10644,0.3776224
10645,0.31985977
10646,0.10265158
10647,0.7055642
10648,0.34133038
10649,0.36109412
10650,0.19189322
10651,0.0350893
10652,0.028225057
10653,0.030080678
10654,0.041621692
10655,0.038176473
10656,0.029118728
10657,0.053924274
10658,0.34824717
10659,0.07476902
10660,0.30429605
10661,0.057596616
10662,0.083048694
10663,0.094221845
10664,0.10685749
10665,0.12920515
10666,0.038004883
10667,0.025737995
10668,0.035496548
10669,0.113739304
10670,0.6082855
10671,0.30379587
10672,0.3811313
10673,0.28624538
10674,0.23326524
10675,0.12006454
10676,0.06534348
10677,0.03812252
10678,0.021386273
10679,0.030913452
10680,0.02568499
10681,0.10300844
10682,0.103335336
10683,0.06545813
10684,0.3040683
10685,0.022785176
10686,0.061275534
10687,0.010146002
10688,0.22808896
10689,0.03590774
10690,0.08718499
10691,0.11369632
10692,0.024956685
10693,0.18289681
10694,0.22068952
10695,0.056887817
10696,0.07959245
10697,0.026065491
10698,0.07367217
10699,0.06372085
10700,0.031814884
10701,0.10002284
10702,0.084569335
10703,0.03599693
10704,0.008977689
10705,0.15727226
10706,0.011139297
10707,0.010776063
10708,0.0142546985
10709,0.07695942
10710,0.005388247
10711,0.03572163
10712,0.027953425
10713,0.09886616
10714,0.029159272
10715,0.037571643
10716,0.007377865
10717,0.035360858
10718,0.15445764
10719,0.32313007
10720,0.3707502
10721,0.08635918
10722,0.010108925
10723,0.012014065
10724,0.017973682
10725,0.024153057
10726,0.0422353
10727,0.0138471415
10728,0.05385195
10729,0.110563345
10730,0.013116387
10731,0.024788778
10732,0.0138471415
10733,0.02606859
10734,0.017854497
10735,0.020692147
10736,0.06298212
10737,0.06967168
10738,0.31691197
10739,0.012711495
10740,0.0158807
10741,0.060670137
10742,0.0595558
10743,0.07468348
10744,0.32760152
10745,0.089639165
10746,0.011478025
10747,0.109244056
10748,0.03164459
10749,0.014130835
10750,0.06024784
10751,0.10434063
10752,0.042356145
10753,0.010698617
10754,0.010523742
10755,0.01837242
10756,0.00886116
10757,0.1771185
10758,0.013325877
10759,0.022076992
10760,0.10718408
10761,0.05271028
10762,0.033891432
10763,0.016311202
10764,0.022559296
10765,0.052466366
10766,0.25146258
10767,0.026071671
10768,0.0029331143
10769,0.018523403
10770,0.023875054
10771,0.03617111
10772,0.049275033
10773,0.21852857
10774,0.052785892
10775,0.21665046
10776,0.07581617
10777,0.025317132
10778,0.04027556
10779,0.041884497
10780,0.024617566
10781,0.31912887
10782,0.12945828
10783,0.015954698
10784,0.06623064
10785,0.0420059
10786,0.008059027
10787,0.010368517
10788,0.32305884
10789,0.4637817
10790,0.1875462
10791,0.07336382
10792,0.0677879
10793,0.04131696
10794,0.037043046
10795,0.07145879
10796,0.06609746
10797,0.08258117
10798,0.9382526
10799,0.018894898
10800,0.06388958
10801,0.06444513
10802,0.06404385
10803,0.015978023
10804,0.03229771
10805,0.11952279
10806,0.3819286
10807,0.061261997
10808,0.12212126
10809,0.02148198
10810,0.06231479
10811,0.021400515
10812,0.06511479
10813,0.024301885
10814,0.02148058
10815,0.045667384
10816,0.048755135
10817,0.046764567
10818,0.01596529
10819,0.14773953
10820,0.03028783
10821,0.03617111
10822,0.0138471415
10823,0.028394751
10824,0.06672397
10825,0.08595265
10826,0.020194579
10827,0.021474602
10828,0.046508696
10829,0.60419893
10830,0.054149915
10831,0.08112651
10832,0.042675395
10833,0.03068028
10834,0.037884597
10835,0.040614247
10836,0.013863135
10837,0.014893726
10838,0.32677615
10839,0.022080401
10840,0.002659602
10841,0.040908363
10842,0.07887149
10843,0.09264103
10844,0.036554538
10845,0.021156041
10846,0.039783645
10847,0.29910034
10848,0.02469479
10849,0.019408042
10850,0.011302984
10851,0.0370154
10852,0.02752375
10853,0.0038214752
10854,0.123854496
10855,0.050425094
10856,0.0038214752
10857,0.014395783
10858,0.054418262
10859,0.10967354
10860,0.07542019
10861,0.063476235
10862,0.051836625
10863,0.022265507
10864,0.0489351
10865,0.05345599
10866,0.15289381
10867,0.1038874
10868,0.005388247
10869,0.010032681
10870,0.012888349
10871,0.011198032
10872,0.0151858255
10873,0.010342224
10874,0.018198736
10875,0.0074955206
10876,0.008529312
10877,0.014661051
10878,0.014520109
10879,0.008577802
10880,0.02114214
10881,0.0419598
10882,0.042433184
10883,0.08567319
10884,0.004942648
10885,0.011798026
10886,0.107311994
10887,0.22761548
10888,0.01875376
10889,0.009079543
10890,0.022210099
10891,0.011304857
10892,0.009171956
10893,0.015961265
10894,0.018141244
10895,0.0066779074
10896,0.013815622
10897,0.026364317
10898,0.012698262
10899,0.00796954
10900,0.006446802
10901,0.05195777
10902,0.023727924
10903,0.0383791
10904,0.0391731
10905,0.007861465
10906,0.08021024
10907,0.021741701
10908,0.040373687
10909,0.0074194726
10910,0.0032866444
10911,0.028984884
10912,0.010978766
10913,0.0667975
10914,0.012362426
10915,0.0032437542
10916,0.006507192
10917,0.010157176
10918,0.010119787
10919,0.23322569
10920,0.05277524
10921,0.052660808
10922,0.053988576
10923,0.013957447
10924,0.0030255264
10925,0.0047216318
10926,0.06623897
10927,0.02137078
10928,0.009210086
10929,0.06549639
10930,0.014153115
10931,0.08071006
10932,0.006750197
10933,0.15853414
10934,0.016097676
10935,0.027992547
10936,0.023700053
10937,0.022536961
10938,0.005388247
10939,0.010261801
10940,0.010285966
10941,0.005790084
10942,0.009214725
10943,0.028956756
10944,0.009168419
10945,0.06388323
10946,0.049560808
10947,0.028601674
10948,0.21500236
10949,0.017882625
10950,0.021043904
10951,0.0032866444
10952,0.010128336
10953,0.014285655
10954,0.041140694
10955,0.018772174
10956,0.022314593
10957,0.0154535435
10958,0.009089278
10959,0.009991073
10960,0.014780653
10961,0.031514756
10962,0.12859471
10963,0.110483676
10964,0.07714154
10965,0.020660993
10966,0.05243503
10967,0.04634737
10968,0.050255653
10969,0.027387338
10970,0.034185976
10971,0.042879358
10972,0.09484559
10973,0.040904168
10974,0.082263105
10975,0.045617033
10976,0.035008244
10977,0.027738053
10978,0.123640426
10979,0.06700919
10980,0.044399265
10981,0.22097564
10982,0.30950248
10983,0.020106608
10984,0.04752778
10985,0.013318778
10986,0.24595565
10987,0.060526155
10988,0.19847111
10989,0.07274735
10990,0.12625593
10991,0.057881802
10992,0.02509855
10993,0.019149434
10994,0.032729976
10995,0.12402731
10996,0.029093022
10997,0.5301882
10998,0.22646704
10999,0.045527596
11000,0.237825
11001,0.059581704
11002,0.023651749
11003,0.020869985
11004,0.041336186
11005,0.03304803
11006,0.01700751
11007,0.01369701
11008,0.03860974
11009,0.09528756
11010,0.14409125
11011,0.38975415
11012,0.39748058
11013,0.044549055
11014,0.06240027
11015,0.023770642
11016,0.15125445
11017,0.12772219
11018,0.0111014815
11019,0.050705887
11020,0.038673494
11021,0.06062004
11022,0.08258754
11023,0.37188932
11024,0.10841762
11025,0.23154375
11026,0.3798578
11027,0.1028249
11028,0.3848482
11029,0.05231679
11030,0.38788557
11031,0.04641049
11032,0.044481497
11033,0.03177408
11034,0.060985725
11035,0.024290873
11036,0.08126374
11037,0.096946515
11038,0.089373864
11039,0.06626021
11040,0.25319895
11041,0.03864798
11042,0.028872335
11043,0.05306629
11044,0.06613002
11045,0.028188955
11046,0.037606917
11047,0.005617263
11048,0.043430414
11049,0.06574381
11050,0.023957033
11051,0.049889036
11052,0.2345061
11053,0.1725169
11054,0.018461565
11055,0.051286988
11056,0.09257891
11057,0.037028674
11058,0.022537196
11059,0.014097769
11060,0.37929502
11061,0.09882172
11062,0.06701886
11063,0.26692045
11064,0.399702
11065,0.06577214
11066,0.04594057
11067,0.01874789
11068,0.021502702
11069,0.0057320823
11070,0.035162598
11071,0.011290035
11072,0.07059036
11073,0.06273892
11074,0.08465766
11075,0.17302103
11076,0.3661714
11077,0.0049991105
11078,0.048368305
11079,0.042212244
11080,0.009939272
11081,0.007976442
11082,0.028089408
11083,0.021576973
11084,0.02902049
11085,0.22698136
11086,0.019098751
11087,0.040260743
11088,0.009911613
11089,0.010326909
11090,0.043987837
11091,0.023907797
11092,0.12781557
11093,0.40042037
11094,0.056410763
11095,0.0776416
11096,0.019167164
11097,0.02043218
11098,0.03790765
11099,0.05262165
11100,0.008957512
11101,0.01970866
11102,0.024448197
11103,0.01147189
11104,0.09739796
11105,0.12800676
11106,0.081258826
11107,0.09019115
11108,0.051664587
11109,0.032472473
11110,0.028642219
11111,0.026379984
11112,0.030610323
11113,0.081649646
11114,0.04910556
11115,0.07909165
11116,0.013594602
11117,0.03201262
11118,0.024040818
11119,0.017818475
11120,0.021469193
11121,0.03648966
11122,0.02078398
11123,0.056626078
11124,0.1978357
11125,0.22978145
11126,0.038734138
11127,0.036138125
11128,0.036638934
11129,0.08237733
11130,0.061357524
11131,0.014353732
11132,0.049883917
11133,0.025843251
11134,0.2173874
11135,0.022449285
11136,0.021795832
11137,0.028695263
11138,0.050477497
11139,0.052880306
11140,0.1594195
11141,0.18501338
11142,0.17099136
11143,0.052142307
11144,0.035469934
11145,0.018058535
11146,0.04680708
11147,0.041280396
11148,0.010308416
11149,0.10341696
11150,0.04030147
11151,0.38802072
11152,0.08911475
11153,0.020552622
11154,0.011284991
11155,0.09661024
11156,0.045450468
11157,0.04333118
11158,0.019112509
11159,0.009177973
11160,0.04901661
11161,0.01111763
11162,0.017684294
11163,0.019149205
11164,0.065504625
11165,0.03899312
11166,0.06267779
11167,0.04991951
11168,0.082270235
11169,0.15772873
11170,0.32604784
11171,0.052211814
11172,0.02186688
11173,0.064438686
11174,0.015405042
11175,0.03714788
11176,0.006446802
11177,0.008036191
11178,0.06554425
11179,0.046515297
11180,0.10166849
11181,0.039046746
11182,0.08460444
11183,0.03721902
11184,0.051063623
11185,0.030661002
11186,0.019905493
11187,0.10822778
11188,0.01041639
11189,0.029892948
11190,0.061480794
11191,0.009882507
11192,0.022290617
11193,0.030601682
11194,0.051171333
11195,0.06318338
11196,0.10114982
11197,0.076320834
11198,0.21517162
11199,0.10191157
11200,0.111479804
11201,0.012734851
11202,0.06849866
11203,0.012534734
11204,0.047073383
11205,0.010132387
11206,0.039256714
11207,0.070019916
11208,0.030044
11209,0.021565499
11210,0.04485627
11211,0.036035046
11212,0.04679611
11213,0.068362825
11214,0.029560182
11215,0.04649168
11216,0.02251306
11217,0.029953506
11218,0.062137686
11219,0.014467483
11220,0.03215364
11221,0.08818225
11222,0.04876854
11223,0.110596664
11224,0.3259318
11225,0.07889101
11226,0.09159284
11227,0.05006052
11228,0.06583861
11229,0.058238853
11230,0.06961465
11231,0.0467199
11232,0.010247208
11233,0.009959601
11234,0.01928367
11235,0.30870885
11236,0.05609391
11237,0.06568782
11238,0.0499211
11239,0.06685118
11240,0.019342542
11241,0.02498311
11242,0.021448076
11243,0.03400515
11244,0.23730275
11245,0.05631814
11246,0.04000747
11247,0.08365235
11248,0.5185258
11249,0.06810084
11250,0.014774046
11251,0.13201042
11252,0.05208349
11253,0.2243733
11254,0.23424152
11255,0.055147592
11256,0.021225616
11257,0.0411472
11258,0.044593725
11259,0.08238921
11260,0.12472008
11261,0.037722416
11262,0.13318643
11263,0.07025407
11264,0.06373864
11265,0.015680268
11266,0.011371724
11267,0.015677592
11268,0.020616712
11269,0.045898035
11270,0.054044776
11271,0.01553479
11272,0.0972811
11273,0.12029776
11274,0.117265195
11275,0.06735297
11276,0.029713122
11277,0.08734834
11278,0.21609348
11279,0.22969167
11280,0.047341965
11281,0.010186814
11282,0.043120414
11283,0.021233317
11284,0.053520653
11285,0.40380943
11286,0.03608891
11287,0.13452567
11288,0.3372782
11289,0.22204868
11290,0.013171791
11291,0.03585768
11292,0.046219774
11293,0.13459074
11294,0.21732177
11295,0.010683564
11296,0.06309875
11297,0.068087325
11298,0.12158406
11299,0.11496945
11300,0.107376166
11301,0.1640174
11302,0.30734384
11303,0.06831855
11304,0.0420688
11305,0.08038419
11306,0.04735145
11307,0.23597698
11308,0.6749382
11309,0.0059433663
11310,0.03967862
11311,0.32677272
11312,0.014989574
11313,0.038497936
11314,0.22630633
11315,0.013220056
11316,0.04337893
11317,0.06457029
11318,0.016713593
11319,0.037552837
11320,0.0064682644
11321,0.3435037
11322,0.036550518
11323,0.06442853
11324,0.22021988
11325,0.10916873
11326,0.22866493
11327,0.32483453
11328,0.22958823
11329,0.025450125
11330,0.13067792
11331,0.1152895
11332,0.17424119
11333,0.6852024
11334,0.26192957
11335,0.33650854
11336,0.022851083
11337,0.11464912
11338,0.053062126
11339,0.024850141
11340,0.020956747
11341,0.011954031
11342,0.011425799
11343,0.048141446
11344,0.007564093
11345,0.011252062
11346,0.029706007
11347,0.048001856
11348,0.07502734
11349,0.07024366
11350,0.08239482
11351,0.07074916
11352,0.107296295
11353,0.13353272
11354,0.025017979
11355,0.09138367
11356,0.22306171
11357,0.019785251
11358,0.04817586
11359,0.6526998
11360,0.6791231
11361,0.40509215
11362,0.006536021
11363,0.022710469
11364,0.07096283
11365,0.3518148
11366,0.06894614
11367,0.05351103
11368,0.0470486
11369,0.055644996
11370,0.041687936
11371,0.011844425
11372,0.30663148
11373,0.017759668
11374,0.026677072
11375,0.08153377
11376,0.08340377
11377,0.044438425
11378,0.042060573
11379,0.15457013
11380,0.096898995
11381,0.023149872
11382,0.10425428
11383,0.085993506
11384,0.08300251
11385,0.73269206
11386,0.6699651
11387,0.40392223
11388,0.015740957
11389,0.05213686
11390,0.022775793
11391,0.24069023
11392,0.07607672
11393,0.22147857
11394,0.037420884
11395,0.076161005
11396,0.019526593
11397,0.07633441
11398,0.08398331
11399,0.1177427
11400,0.13629246
11401,0.36998346
11402,0.32519975
11403,0.17035337
11404,0.10081485
11405,0.068270974
11406,0.0500141
11407,0.09009387
11408,0.037871126
11409,0.028529253
11410,0.022958875
11411,0.11233965
11412,0.11558846
11413,0.05609624
11414,0.0875762
11415,0.023365518
11416,0.6681275
11417,0.99412644
11418,0.71414334
11419,0.1037101
11420,0.04391298
11421,0.16327445
11422,0.24853717
11423,0.02462402
11424,0.015726283
11425,0.016625727
11426,0.030451836
11427,0.075900294
11428,0.0423405
11429,0.31985024
11430,0.6130897
11431,0.056314792
11432,0.08137311
11433,0.067771494
11434,0.12311321
11435,0.06043902
11436,0.28178644
11437,0.08108088
11438,0.033033878
11439,0.07907163
11440,0.082908325
11441,0.08422477
11442,0.042823095
11443,0.021776056
11444,0.2670196
11445,0.328929
11446,0.11878296
11447,0.06476451
11448,0.02540714
11449,0.082860656
11450,0.062684186
11451,0.22775815
11452,0.02714783
11453,0.037452865
11454,0.038271375
11455,0.016705252
11456,0.019428905
11457,0.036517613
11458,0.037835713
11459,0.2984519
11460,0.44843522
11461,0.30711845
11462,0.15740304
11463,0.08969136
11464,0.13328156
11465,0.11825974
11466,0.38486376
11467,0.04948311
11468,0.025712296
11469,0.032616023
11470,0.0299429
11471,0.11724315
11472,0.13225953
11473,0.11532092
11474,0.35870665
11475,0.30813628
11476,0.22492959
11477,0.9960353
11478,0.1559135
11479,0.018395333
11480,0.100344926
11481,0.1316191
11482,0.02128022
11483,0.048147302
11484,0.2052471
11485,0.050400827
11486,0.031529013
11487,0.029883305
11488,0.040394604
11489,0.109641865
11490,0.3099143
11491,0.31905586
11492,0.37582773
11493,0.33387047
11494,0.11589587
11495,0.18208387
11496,0.23277399
11497,0.013840694
11498,0.023067279
11499,0.12638478
11500,0.065819755
11501,0.3387511
11502,0.17251399
11503,0.046141654
11504,0.38246876
11505,0.3051936
11506,0.006544219
11507,0.06920687
11508,0.0879187
11509,0.06553091
11510,0.04417688
11511,0.014690272
11512,0.025753712
11513,0.048189364
11514,0.069712974
11515,0.06943957
11516,0.16706848
11517,0.3538135
11518,0.61124897
11519,0.33413357
11520,0.30951226
11521,0.38773918
11522,0.07746126
11523,0.06404263
11524,0.06502426
11525,0.10783004
11526,0.15620957
11527,0.052999213
11528,0.025372885
11529,0.04997744
11530,0.10953406
11531,0.019615505
11532,0.0029717332
11533,0.041380268
11534,0.08309075
11535,0.021206418
11536,0.035508182
11537,0.0107561555
11538,0.028554635
11539,0.05609492
11540,0.04815169
11541,0.06706976
11542,0.22226413
11543,0.2156868
11544,0.26787087
11545,0.44569102
11546,0.4172932
11547,0.32988447
11548,0.08779574
11549,0.021111429
11550,0.04489081
11551,0.08908409
11552,0.015537019
11553,0.00920757
11554,0.029925482
11555,0.56815004
11556,0.042933714
11557,0.017944813
11558,0.049883842
11559,0.045018613
11560,0.08188468
11561,0.03542003
11562,0.0425474
11563,0.014816279
11564,0.015043756
11565,0.024976553
11566,0.066488214
11567,0.0832515
11568,0.39218622
11569,0.32722571
11570,0.10333542
11571,0.64606196
11572,0.33048648
11573,0.36875954
11574,0.114460774
11575,0.036189325
11576,0.02992332
11577,0.031864416
11578,0.04206428
11579,0.038410608
11580,0.030618219
11581,0.05559636
11582,0.36832258
11583,0.109381765
11584,0.31326416
11585,0.027104244
11586,0.08555139
11587,0.099666454
11588,0.10822153
11589,0.22326325
11590,0.040910512
11591,0.026715936
11592,0.008581775
11593,0.037658304
11594,0.11442941
11595,0.5879477
11596,0.31525248
11597,0.38930705
11598,0.22967346
11599,0.32873353
11600,0.123200305
11601,0.06756496
11602,0.040025983
11603,0.022718329
11604,0.013067856
11605,0.03319447
11606,0.026051488
11607,0.10602901
11608,0.105907366
11609,0.0688919
11610,0.18068841
11611,0.024622865
11612,0.06308978
11613,0.2284693
11614,0.037608463
11615,0.011348097
11616,0.0884301
11617,0.19535826
11618,0.027500428
11619,0.18020503
11620,0.13570897
11621,0.058301654
11622,0.08124243
11623,0.07689001
11624,0.06478839
11625,0.032805774
11626,0.10060356
11627,0.08757344
11628,0.037970047
11629,0.009982439
11630,0.15971
11631,0.011954031
11632,0.015778113
11633,0.0805614
11634,0.030101502
11635,0.10110551
11636,0.03158423
11637,0.03913507
11638,0.036197945
11639,0.15698637
11640,0.3250274
11641,0.3859334
11642,0.09131688
11643,0.011516818
11644,0.019397225
11645,0.025485113
11646,0.045517277
11647,0.015021024
11648,0.054919567
11649,0.11310858
11650,0.02658378
11651,0.015123259
11652,0.027162086
11653,0.019198649
11654,0.012034363
11655,0.02178706
11656,0.064693905
11657,0.07167228
11658,0.3260558
11659,0.014323813
11660,0.017403003
11661,0.030040948
11662,0.06148425
11663,0.07627859
11664,0.3421194
11665,0.09303876
11666,0.011124215
11667,0.11167245
11668,0.013105678
11669,0.032631934
11670,0.06325221
11671,0.10642611
11672,0.04472721
11673,0.011913455
11674,0.011868565
11675,0.019785251
11676,0.010221264
11677,0.17976616
11678,0.015164867
11679,0.0227721
11680,0.10852244
11681,0.051751368
11682,0.03495728
11683,0.017516837
11684,0.024494963
11685,0.050887257
11686,0.3258933
11687,0.02775472
11688,0.004027568
11689,0.0105864685
11690,0.019744478
11691,0.025361791
11692,0.038648415
11693,0.05077684
11694,0.221938
11695,0.05339585
11696,0.21801803
11697,0.078581944
11698,0.026335383
11699,0.013704673
11700,0.041838985
11701,0.0431605
11702,0.025698293
11703,0.30709022
11704,0.13320553
11705,0.017672053
11706,0.06756679
11707,0.042933196
11708,0.009192345
11709,0.010349753
11710,0.32536882
11711,0.47279477
11712,0.09788619
11713,0.076897465
11714,0.06741106
11715,0.04337668
11716,0.040772956
11717,0.07396399
11718,0.067519955
11719,0.085371606
11720,0.9325086
11721,0.06617723
11722,0.067371085
11723,0.06638701
11724,0.017960588
11725,0.03239505
11726,0.121882625
11727,0.3800364
11728,0.062004864
11729,0.12283956
11730,0.023215197
11731,0.06621171
11732,0.021124575
11733,0.06725886
11734,0.02556348
11735,0.022602512
11736,0.002167792
11737,0.048338085
11738,0.049319845
11739,0.023363441
11740,0.01946695
11741,0.04783128
11742,0.14949048
11743,0.03830071
11744,0.015154579
11745,0.029468235
11746,0.06907386
11747,0.08903633
11748,0.021420654
11749,0.04440699
11750,0.6043454
11751,0.055433735
11752,0.08274272
11753,0.0072172564
11754,0.03982459
11755,0.032122612
11756,0.040029723
11757,0.041299462
11758,0.013203773
11759,0.016277267
11760,0.25768068
11761,0.023111286
11762,0.042591587
11763,0.08263518
11764,0.02018277
11765,0.17907467
11766,0.038097065
11767,0.022687124
11768,0.042399902
11769,0.30677623
11770,0.025933238
11771,0.02018277
11772,0.0050509702
11773,0.021237116
11774,0.01251917
11775,0.040258855
11776,0.008689162
11777,0.02949972
11778,0.12838352
11779,0.05114819
11780,0.013271033
11781,0.015533216
11782,0.053677592
11783,0.11196551
11784,0.07770744
11785,0.065889955
11786,0.05343663
11787,0.023394745
11788,0.046838075
11789,0.08090353
11790,0.16019934
11791,0.10973706
11792,0.0068647023
11793,0.011512346
11794,0.029429827
11795,0.014441504
11796,0.011469026
11797,0.01636531
11798,0.011777005
11799,0.008702179
11800,0.009976109
11801,0.015511819
11802,0.015631517
11803,0.009592009
11804,0.022114445
11805,0.04769517
11806,0.044519916
11807,0.08850186
11808,0.013154685
11809,0.1067091
11810,0.0091860145
11811,0.1726973
11812,0.010185251
11813,0.019106545
11814,0.023447366
11815,0.012342815
11816,0.010514007
11817,0.017472554
11818,0.019281864
11819,0.0076581715
11820,0.01325613
11821,0.02711074
11822,0.012796524
11823,0.007679835
11824,0.05003463
11825,0.024937632
11826,0.039715555
11827,0.01340074
11828,0.039729133
11829,0.01483602
11830,0.013048693
11831,0.009108905
11832,0.08266505
11833,0.023326993
11834,0.04316408
11835,0.008537255
11836,0.0032862965
11837,0.011405051
11838,0.029928846
11839,0.012238386
11840,0.015649034
11841,0.0688778
11842,0.0139969345
11843,0.24074493
11844,0.05110314
11845,0.05389723
11846,0.055523656
11847,0.0060832687
11848,0.06739452
11849,0.022591526
11850,0.010327041
11851,0.0047745723
11852,0.06741139
11853,0.013879125
11854,0.08642013
11855,0.112676874
11856,0.016838374
11857,0.029786065
11858,0.025135282
11859,0.023734566
11860,0.013075158
11861,0.010391382
11862,0.011655894
11863,0.007402763
11864,0.030335821
11865,0.010220163
11866,0.06738087
11867,0.050857984
11868,0.0295444
11869,0.004384374
11870,0.2253635
11871,0.022559226
11872,0.015064448
11873,0.028500495
11874,0.004361292
11875,0.015465139
11876,0.040565923
11877,0.020176403
11878,0.013778652
11879,0.023360899
11880,0.010229898
11881,0.01145104
11882,0.027479142
11883,0.13603857
11884,0.18495017
11885,0.019359253
11886,0.07756267
11887,0.021046259
11888,0.031011634
11889,0.049163993
11890,0.046376035
11891,0.05025899
11892,0.036233842
11893,0.046490725
11894,0.036693837
11895,0.04533508
11896,0.0925551
11897,0.04688949
11898,0.03706447
11899,0.025772851
11900,0.029022545
11901,0.12623596
11902,0.045869227
11903,0.07009811
11904,0.14079307
11905,0.30732483
11906,0.09733571
11907,0.048188273
11908,0.36304364
11909,0.06542776
11910,0.24591394
11911,0.077178985
11912,0.21206544
11913,0.057462357
11914,0.020524595
11915,0.035015173
11916,0.13028285
11917,0.028675215
11918,0.5303611
11919,0.22465682
11920,0.043974828
11921,0.23428588
11922,0.06407893
11923,0.02273997
11924,0.041617427
11925,0.033240635
11926,0.01815211
11927,0.014862322
11928,0.03977846
11929,0.095744096
11930,0.14901325
11931,0.41205472
11932,0.3890734
11933,0.042191833
11934,0.06742042
11935,0.026037972
11936,0.15514491
11937,0.21873176
11938,0.008543943
11939,0.02152775
11940,0.051315226
11941,0.040760227
11942,0.06340403
11943,0.08725279
11944,0.37117246
11945,0.110178255
11946,0.22436489
11947,0.39945486
11948,0.1101003
11949,0.02255387
11950,0.38621902
11951,0.053438798
11952,0.38996053
11953,0.048065376
11954,0.04548799
11955,0.032402053
11956,0.06425274
11957,0.025550785
11958,0.08747959
11959,0.09724259
11960,0.036189403
11961,0.067838244
11962,0.35658425
11963,0.04220317
11964,0.029731011
11965,0.05155122
11966,0.067192726
11967,0.029476836
11968,0.03906646
11969,0.005681878
11970,0.041040003
11971,0.088267796
11972,0.052500043
11973,0.15196392
11974,0.059023213
11975,0.25178874
11976,0.018350482
11977,0.049469884
11978,0.038120735
11979,0.023000944
11980,0.015665026
11981,0.40608826
11982,0.10056617
11983,0.06973105
11984,0.26837853
11985,0.39644232
11986,0.00593507
11987,0.06858927
11988,0.04731686
11989,0.013876704
11990,0.019831417
11991,0.02234644
11992,0.016297044
11993,0.0068896483
11994,0.035374697
11995,0.011439981
11996,0.012479756
11997,0.06352848
11998,0.065678924
11999,0.08756687
12000,0.17971334
12001,0.36387798
12002,0.017864218
12003,0.018692238
12004,0.043130573
12005,0.011278635
12006,0.009467237
12007,0.030290535
12008,0.022715405
12009,0.03185196
12010,0.22965729
12011,0.019726705
12012,0.04159614
12013,0.0114675285
12014,0.060137697
12015,0.040956613
12016,0.13344516
12017,0.40045857
12018,0.0077532697
12019,0.05481711
12020,0.08154086
12021,0.020464761
12022,0.021730853
12023,0.0391055
12024,0.053213056
12025,0.010136996
12026,0.025627682
12027,0.012403119
12028,0.09888122
12029,0.13191944
12030,0.08344269
12031,0.09026878
12032,0.05655494
12033,0.033222463
12034,0.030008255
12035,0.026776854
12036,0.032018673
12037,0.08580974
12038,0.050609343
12039,0.104992025
12040,0.015003695
12041,0.03373484
12042,0.025700606
12043,0.019263847
12044,0.022351796
12045,0.038822155
12046,0.021051787
12047,0.022609813
12048,0.054506414
12049,0.19336322
12050,0.23188086
12051,0.038586758
12052,0.03815843
12053,0.036372766
12054,0.085982196
12055,0.06341663
12056,0.015692925
12057,0.05041142
12058,0.015607135
12059,0.030181643
12060,0.14122283
12061,0.02362877
12062,0.022846488
12063,0.029758153
12064,0.05111861
12065,0.053394873
12066,0.15734088
12067,0.18766944
12068,0.16866907
12069,0.05390942
12070,0.036340047
12071,0.0187765
12072,0.048094492
12073,0.04148867
12074,0.10673572
12075,0.04162025
12076,0.38561332
12077,0.09129563
12078,0.021218415
12079,0.095754646
12080,0.04615542
12081,0.045330845
12082,0.019996395
12083,0.01621059
12084,0.0485588
12085,0.012006085
12086,0.018753868
12087,0.019673122
12088,0.06730328
12089,0.040686604
12090,0.06469554
12091,0.051396366
12092,0.08194679
12093,0.14954798
12094,0.3322401
12095,0.049366172
12096,0.02248586
12097,0.06740661
12098,0.016198928
12099,0.037213106
12100,0.023061965
12101,0.008918744
12102,0.06796798
12103,0.047234975
12104,0.10211644
12105,0.036525104
12106,0.08812819
12107,0.037538476
12108,0.050328746
12109,0.03243182
12110,0.10800576
12111,0.010051697
12112,0.029833082
12113,0.060903527
12114,0.029571932
12115,0.01210191
12116,0.009978785
12117,0.022318197
12118,0.030154327
12119,0.05073391
12120,0.063117415
12121,0.10091905
12122,0.0776775
12123,0.21456878
12124,0.16738279
12125,0.11066932
12126,0.012362574
12127,0.06980351
12128,0.011613256
12129,0.047058426
12130,0.038922284
12131,0.06980865
12132,0.030108685
12133,0.02107357
12134,0.044693623
12135,0.035893887
12136,0.012652508
12137,0.04603084
12138,0.06820348
12139,0.029485684
12140,0.04789868
12141,0.06313875
12142,0.014208927
12143,0.031555157
12144,0.08988733
12145,0.05076609
12146,0.10944782
12147,0.32053867
12148,0.079065084
12149,0.090270184
12150,0.055216074
12151,0.06586619
12152,0.05900903
12153,0.06937708
12154,0.045633752
12155,0.019870315
12156,0.31646562
12157,0.056347463
12158,0.06738151
12159,0.050192975
12160,0.06274365
12161,0.019332655
12162,0.024513423
12163,0.020897308
12164,0.035236392
12165,0.24347062
12166,0.05532497
12167,0.03974386
12168,0.083305895
12169,0.5054081
12170,0.06597097
12171,0.01464294
12172,0.13252667
12173,0.050131727
12174,0.1641334
12175,0.23533387
12176,0.056255367
12177,0.019840745
12178,0.04284478
12179,0.083489604
12180,0.12317349
12181,0.038121972
12182,0.1350039
12183,0.07055943
12184,0.06290194
12185,0.015148209
12186,0.015187709
12187,0.020782853
12188,0.045606717
12189,0.053923313
12190,0.015226601
12191,0.098726824
12192,0.11733914
12193,0.11653527
12194,0.0660196
12195,0.02905266
12196,0.085065514
12197,0.13143289
12198,0.22435994
12199,0.047703896
12200,0.043948233
12201,0.02218094
12202,0.054979656
12203,0.38165322
12204,0.035037916
12205,0.13710503
12206,0.34278786
12207,0.22217079
12208,0.01268191
12209,0.03594198
12210,0.043461
12211,0.21335271
12212,0.21941447
12213,0.063713945
12214,0.067488454
12215,0.21464367
12216,0.18248866
12217,0.10745834
12218,0.16234395
12219,0.30785763
12220,0.06853158
12221,0.042383436
12222,0.07859537
12223,0.04643167
12224,0.23643239
12225,0.7127023
12226,0.005553987
12227,0.039190445
12228,0.3203384
12229,0.0148452325
12230,0.04125187
12231,0.22762784
12232,0.012946467
12233,0.044545125
12234,0.06478283
12235,0.016451836
12236,0.03858129
12237,0.005107195
12238,0.34046513
12239,0.037570633
12240,0.064539075
12241,0.22667217
12242,0.11131291
12243,0.22900419
12244,0.32355213
12245,0.23261616
12246,0.025288247
12247,0.22304608
12248,0.08105881
12249,0.17491575
12250,0.6863609
12251,0.35725585
12252,0.2589852
12253,0.02256995
12254,0.18262798
12255,0.024718199
12256,0.020683156
12257,0.011686476
12258,0.047680926
12259,0.0072088116
12260,0.0098068
12261,0.028932478
12262,0.04763509
12263,0.076215185
12264,0.069911815
12265,0.08258839
12266,0.06970988
12267,0.16196418
12268,0.138853
12269,0.025067734
12270,0.08968419
12271,0.13642402
12272,0.04638696
12273,0.68339896
12274,0.68639445
12275,0.4076662
12276,0.0231748
12277,0.017288465
12278,0.070767745
12279,0.35156557
12280,0.06918052
12281,0.053007636
12282,0.009360025
12283,0.0473521
12284,0.05503171
12285,0.041189227
12286,0.011816789
12287,0.31295055
12288,0.017452043
12289,0.027061807
12290,0.08307823
12291,0.08353876
12292,0.044227023
12293,0.042620692
12294,0.15548736
12295,0.09782212
12296,0.022660585
12297,0.16607349
12298,0.085022144
12299,0.08499489
12300,0.696517
12301,0.69592553
12302,0.3959882
12303,0.052424576
12304,0.022552695
12305,0.008732339
12306,0.32039168
12307,0.07630311
12308,0.29922363
12309,0.038132697
12310,0.07330661
12311,0.019628473
12312,0.07632696
12313,0.08456801
12314,0.11759776
12315,0.14041059
12316,0.360826
12317,0.33334455
12318,0.16850908
12319,0.15814477
12320,0.067260504
12321,0.05041613
12322,0.090145536
12323,0.0351002
12324,0.029066127
12325,0.021865685
12326,0.11191648
12327,0.11512796
12328,0.055203818
12329,0.08366227
12330,0.023059612
12331,0.67442006
12332,1.0214849
12333,0.7111833
12334,0.093783475
12335,0.040411044
12336,0.28729427
12337,0.012210722
12338,0.25278002
12339,0.024177674
12340,0.009221597
12341,0.017193986
12342,0.029267643
12343,0.07535326
12344,0.042095866
12345,0.30776522
12346,0.5600863
12347,0.05626698
12348,0.07984648
12349,0.06796126
12350,0.12213731
12351,0.060763348
12352,0.28198326
12353,0.08096316
12354,0.032960624
12355,0.078349516
12356,0.0853437
12357,0.083364986
12358,0.04263138
12359,0.021550251
12360,0.3714011
12361,0.24583003
12362,0.21081994
12363,0.06495708
12364,0.08464552
12365,0.06220172
12366,0.2293588
12367,0.026599683
12368,0.037294023
12369,0.039613217
12370,0.018977612
12371,0.03810565
12372,0.03824287
12373,0.30447826
12374,0.4428427
12375,0.31380647
12376,0.22781448
12377,0.091322705
12378,0.2220902
12379,0.20097126
12380,0.37034264
12381,0.04983776
12382,0.024177697
12383,0.03095772
12384,0.02930942
12385,0.11688085
12386,0.12625027
12387,0.19383489
12388,0.26841757
12389,0.23303093
12390,0.22607733
12391,0.95795465
12392,0.15184237
12393,0.018691052
12394,0.17452186
12395,0.21713242
12396,0.046649203
12397,0.21303119
12398,0.050651696
12399,0.03153284
12400,0.03063973
12401,0.040155996
12402,0.16352046
12403,0.3107555
12404,0.23520383
12405,0.3706351
12406,0.23438726
12407,0.11537953
12408,0.11405972
12409,0.3066661
12410,0.013202919
12411,0.12463067
12412,0.065540366
12413,0.043347105
12414,0.33571246
12415,0.22508253
12416,0.050635528
12417,0.38608518
12418,0.30522108
12419,0.06873612
12420,0.08341824
12421,0.06767587
12422,0.04498225
12423,0.010810201
12424,0.014036221
12425,0.0252622
12426,0.047752593
12427,0.07131405
12428,0.06808447
12429,0.100711726
12430,0.33366054
12431,0.5902339
12432,0.33633655
12433,0.3061893
12434,0.38288188
12435,0.07543366
12436,0.06378155
12437,0.06437123
12438,0.10957686
12439,0.16008583
12440,0.054401107
12441,0.024767868
12442,0.05261294
12443,0.10423552
12444,0.0017400372
12445,0.040581863
12446,0.08223236
12447,0.019830426
12448,0.034572665
12449,0.020006143
12450,0.02074502
12451,0.0045557194
12452,0.0114577785
12453,0.028991677
12454,0.05767236
12455,0.045508925
12456,0.065337874
12457,0.21325792
12458,0.21455677
12459,0.26841897
12460,0.45991185
12461,0.43993118
12462,0.335192
12463,0.08973402
12464,0.0407205
12465,0.020456508
12466,0.0436432
12467,0.09094679
12468,0.014920191
12469,0.028627321
12470,0.61783284
12471,0.042494964
12472,0.05027346
12473,0.043236174
12474,0.080632456
12475,0.035214875
12476,0.042234723
12477,0.016505888
12478,0.040276036
12479,0.0141455745
12480,0.014352247
12481,0.024911085
12482,0.06525542
12483,0.083020866
12484,0.3783677
12485,0.32716143
12486,0.10472813
12487,0.68876463
12488,0.3415047
12489,0.36982653
12490,0.114823386
12491,0.008067608
12492,0.035605013
12493,0.029750364
12494,0.031051701
12495,0.04160947
12496,0.037064638
12497,0.030382287
12498,0.054712497
12499,0.36857623
12500,0.10924983
12501,0.31268236
12502,0.026698707
12503,0.083278574
12504,0.0997867
12505,0.10986438
12506,0.13080837
12507,0.040329162
12508,0.025209537
12509,0.007958094
12510,0.037235707
12511,0.11502866
12512,0.5515763
12513,0.14463826
12514,0.3947316
12515,0.30897102
12516,0.32005602
12517,0.21133722
12518,0.067996755
12519,0.03656378
12520,0.021909595
12521,0.012000195
12522,0.0327833
12523,0.025912467
12524,0.10417852
12525,0.10583584
12526,0.068050265
12527,0.308091
12528,0.02408497
12529,0.060307268
12530,0.30750912
12531,0.037341945
12532,0.011494796
12533,0.009667048
12534,0.010639621
12535,0.08905127
12536,0.11486809
12537,0.026525578
12538,0.1827132
12539,0.21514536
12540,0.058567002
12541,0.07938983
12542,0.026848355
12543,0.07609568
12544,0.065909974
12545,0.032968063
12546,0.10310552
12547,0.087212235
12548,0.037280962
12549,0.022340795
12550,0.008652962
12551,0.15868057
12552,0.014031734
12553,0.08061066
12554,0.037231505
12555,0.029085249
12556,0.10052413
12557,0.030417593
12558,0.03882105
12559,0.007923128
12560,0.036178388
12561,0.22005364
12562,0.34316757
12563,0.4015544
12564,0.091161974
12565,0.018514104
12566,0.024094444
12567,0.040606353
12568,0.05505784
12569,0.11689873
12570,0.02550141
12571,0.014322172
12572,0.026499692
12573,0.018778231
12574,0.011255229
12575,0.06208533
12576,0.06929021
12577,0.32204536
12578,0.012999201
12579,0.016827904
12580,0.028792122
12581,0.061204858
12582,0.075901665
12583,0.3411131
12584,0.090453394
12585,0.012030733
12586,0.11289408
12587,0.032465283
12588,0.015041741
12589,0.06332575
12590,0.10694333
12591,0.043913778
12592,0.011282468
12593,0.011389595
12594,0.01932494
12595,0.009512965
12596,0.18025668
12597,0.014576764
12598,0.022639178
12599,0.10849867
12600,0.053913604
12601,0.03643939
12602,0.017020142
12603,0.024263598
12604,0.050142862
12605,0.33906177
12606,0.027030252
12607,0.0033735167
12608,0.01865198
12609,0.024309337
12610,0.038366534
12611,0.050734136
12612,0.13914521
12613,0.053669814
12614,0.21730433
12615,0.077863045
12616,0.026369834
12617,0.014413103
12618,0.042016666
12619,0.04336498
12620,0.025103765
12621,0.23183925
12622,0.018730557
12623,0.1308662
12624,0.015937764
12625,0.06774179
12626,0.042776532
12627,0.008511221
12628,0.010720043
12629,0.3342576
12630,0.46011645
12631,0.09720929
12632,0.07643184
12633,0.06942953
12634,0.042648904
12635,0.03726991
12636,0.10136111
12637,0.067906536
12638,0.084003754
12639,0.9645339
12640,0.019245349
12641,0.06526484
12642,0.015733903
12643,0.06619554
12644,0.06593657
12645,0.016826814
12646,0.12251926
12647,0.3683046
12648,0.061793637
12649,0.118147515
12650,0.02249582
12651,0.06479729
12652,0.009386024
12653,0.022098904
12654,0.06620839
12655,0.024960486
12656,0.005212389
12657,0.022064276
12658,0.0014575581
12659,0.04632676
12660,0.049374804
12661,0.018891867
12662,0.04755639
12663,0.016383396
12664,0.146915
12665,0.03791624
12666,0.014362438
12667,0.02911099
12668,0.06868732
12669,0.09154172
12670,0.02092396
12671,0.04779799
12672,0.5993986
12673,0.054212112
12674,0.08428904
12675,0.04336813
12676,0.031226182
12677,0.039757438
12678,0.041475896
12679,0.012578106
12680,0.01585733
12681,0.25436914
12682,0.022758404
12683,0.0057753483
12684,0.005796765
12685,0.015659736
12686,0.041925352
12687,0.08440507
12688,0.009670093
12689,0.095375404
12690,0.037632562
12691,0.021872908
12692,0.03971506
12693,0.31127238
12694,0.02359069
12695,0.019683398
12696,0.020302694
12697,0.038952462
12698,0.028859936
12699,0.12634829
12700,0.05133559
12701,0.012415406
12702,0.0151226595
12703,0.014833
12704,0.05509274
12705,0.15898865
12706,0.07699409
12707,0.06423406
12708,0.052989922
12709,0.022591531
12710,0.042976897
12711,0.016581008
12712,0.084834255
12713,0.22055423
12714,0.10801551
12715,0.0063298414
12716,0.009517202
12717,0.0107261855
12718,0.028206514
12719,0.01434447
12720,0.012027207
12721,0.015912704
12722,0.010487934
12723,0.01929245
12724,0.0080934
12725,0.015200296
12726,0.015437764
12727,0.009071985
12728,0.021713069
12729,0.047064923
12730,0.043977052
12731,0.0879632
12732,0.0056858934
12733,0.012413806
12734,0.009397915
12735,0.09979806
12736,0.17417139
12737,0.009665851
12738,0.019726219
12739,0.008845192
12740,0.022125697
12741,0.011915886
12742,0.009519946
12743,0.016737504
12744,0.019062046
12745,0.007159381
12746,0.014215759
12747,0.027019843
12748,0.0035952805
12749,0.008574044
12750,0.0071982457
12751,0.04943947
12752,0.023981037
12753,0.039090715
12754,0.040559612
12755,0.01325521
12756,0.012383103
12757,0.008482061
12758,0.07959671
12759,0.022497475
12760,0.04072306
12761,0.008056098
12762,0.0038715494
12763,0.010721517
12764,0.028664103
12765,0.011373473
12766,0.015474016
12767,0.06912352
12768,0.013138665
12769,0.012035776
12770,0.17396627
12771,0.050771087
12772,0.050721034
12773,0.05477115
12774,0.069150195
12775,0.021862263
12776,0.009673131
12777,0.0043253265
12778,0.067140974
12779,0.014814129
12780,0.08567163
12781,0.0076450473
12782,0.11359285
12783,0.016387928
12784,0.02208325
12785,0.029032359
12786,0.029150184
12787,0.024871845
12788,0.022812258
12789,0.010702204
12790,0.010850701
12791,0.029312728
12792,0.009558811
12793,0.066680655
12794,0.050626222
12795,0.028922785
12796,0.15431201
12797,0.018626621
12798,0.02157858
12799,0.0036341453
12800,0.010568739
12801,0.014877231
12802,0.042869598
12803,0.019457383
12804,0.01291605
12805,0.022319084
12806,0.015889877
12807,0.030754816
12808,0.010872124
12809,0.026936837
12810,0.1344933
12811,0.1148312
12812,0.018774852
12813,0.07613585
12814,0.03180091
12815,0.0491332
12816,0.042990625
12817,0.050940897
12818,0.030317295
12819,0.03442614
12820,0.04504669
12821,0.03594394
12822,0.042899556
12823,0.09006396
12824,0.04643903
12825,0.035829425
12826,0.13327824
12827,0.04670525
12828,0.06806775
12829,0.04317511
12830,0.30577126
12831,0.31696108
12832,0.04836577
12833,0.014186855
12834,0.26518977
12835,0.065598324
12836,0.35854304
12837,0.08715659
12838,0.13774163
12839,0.083977416
12840,0.034310713
12841,0.13221636
12842,0.029874502
12843,0.53145605
12844,0.121632025
12845,0.046049125
12846,0.23606731
12847,0.06287141
12848,0.024035994
12849,0.040951833
12850,0.032545652
12851,0.017062237
12852,0.013958392
12853,0.0387518
12854,0.09698427
12855,0.14873992
12856,0.40130293
12857,0.38040823
12858,0.044004474
12859,0.024539322
12860,0.15643379
12861,0.13335285
12862,0.02077853
12863,0.050915454
12864,0.04148944
12865,0.063137464
12866,0.087780975
12867,0.3875933
12868,0.11240507
12869,0.22933549
12870,0.3956637
12871,0.105012365
12872,0.39556608
12873,0.01736497
12874,0.052857812
12875,0.2836852
12876,0.04709234
12877,0.04630032
12878,0.03132138
12879,0.063599184
12880,0.02538163
12881,0.08752904
12882,0.09998237
12883,0.07796072
12884,0.029510712
12885,0.036462553
12886,0.06701917
12887,0.25514024
12888,0.043038946
12889,0.029363455
12890,0.051190577
12891,0.054330394
12892,0.067585945
12893,0.037044965
12894,0.040074077
12895,0.086649045
12896,0.025365593
12897,0.05121733
12898,0.1510404
12899,0.0589776
12900,0.18479837
12901,0.048744626
12902,0.037452832
12903,0.02214503
12904,0.014326409
12905,0.014983529
12906,0.3990107
12907,0.10219179
12908,0.06919692
12909,0.39185393
12910,0.39184242
12911,0.06855899
12912,0.04334601
12913,0.019137826
12914,0.02217381
12915,0.015793048
12916,0.00609653
12917,0.03540867
12918,0.09077109
12919,0.011814167
12920,0.068315096
12921,0.06518851
12922,0.08435111
12923,0.2458832
12924,0.36979458
12925,0.018033683
12926,0.042517047
12927,0.010808305
12928,0.008550086
12929,0.021881651
12930,0.031361595
12931,0.23047411
12932,0.019026486
12933,0.041117053
12934,0.010708214
12935,0.010840804
12936,0.060988724
12937,0.12898822
12938,0.39439982
12939,0.058724377
12940,0.080603726
12941,0.020545965
12942,0.020961042
12943,0.03917157
12944,0.053407613
12945,0.009404058
12946,0.02465174
12947,0.011880329
12948,0.098424144
12949,0.13091092
12950,0.085170664
12951,0.09084114
12952,0.054499727
12953,0.03160791
12954,0.028840046
12955,0.026181497
12956,0.031155672
12957,0.085036784
12958,0.04800605
12959,0.10361685
12960,0.014308112
12961,0.032524932
12962,0.024714218
12963,0.018565392
12964,0.014597162
12965,0.021712868
12966,0.03845108
12967,0.021826694
12968,0.05796578
12969,0.19423416
12970,0.23277184
12971,0.03974595
12972,0.036822103
12973,0.03501082
12974,0.084913515
12975,0.062801875
12976,0.014849272
12977,0.05109681
12978,0.027071204
12979,0.1432596
12980,0.02205778
12981,0.021648984
12982,0.028744854
12983,0.0050659105
12984,0.050160706
12985,0.05326746
12986,0.15723301
12987,0.1837011
12988,0.1670727
12989,0.051613096
12990,0.035426535
12991,0.018344255
12992,0.04768823
12993,0.04218214
12994,0.010950241
12995,0.09580111
12996,0.041476093
12997,0.3968408
12998,0.091084115
12999,0.09500181
13000,0.046313014
13001,0.044448182
13002,0.019910991
13003,0.015945725
13004,0.052131582
13005,0.025013953
13006,0.018547308
13007,0.019365463
13008,0.06826739
13009,0.04059953
13010,0.065888055
13011,0.051920436
13012,0.080683775
13013,0.15170406
13014,0.3409836
13015,0.05231737
13016,0.021730553
13017,0.06477506
13018,0.01588007
13019,0.03675555
13020,0.022983681
13021,0.008638961
13022,0.06769398
13023,0.045287892
13024,0.103242286
13025,0.038127866
13026,0.081707105
13027,0.03704256
13028,0.049467143
13029,0.030381216
13030,0.018453432
13031,0.019408798
13032,0.10195436
13033,0.009787565
13034,0.029007876
13035,0.061950825
13036,0.02929077
13037,0.009687918
13038,0.00989645
13039,0.022020048
13040,0.030479167
13041,0.05089194
13042,0.06345925
13043,0.10084322
13044,0.07556448
13045,0.21455614
13046,0.16337767
13047,0.11212749
13048,0.012005934
13049,0.06772237
13050,0.04685581
13051,0.00968863
13052,0.039328896
13053,0.06919734
13054,0.0303899
13055,0.020995077
13056,0.043469306
13057,0.035632934
13058,0.012409569
13059,0.04617668
13060,0.069014266
13061,0.029732827
13062,0.02167844
13063,0.029378679
13064,0.06238909
13065,0.0142022045
13066,0.031412218
13067,0.0859844
13068,0.050815523
13069,0.1595099
13070,0.32600054
13071,0.07861234
13072,0.091874994
13073,0.051021367
13074,0.0637608
13075,0.05779614
13076,0.06903154
13077,0.046831265
13078,0.010535563
13079,0.020352693
13080,0.31656754
13081,0.05671875
13082,0.06707388
13083,0.049886003
13084,0.0652295
13085,0.01835908
13086,0.024053333
13087,0.01972829
13088,0.020590339
13089,0.034860794
13090,0.18770318
13091,0.05513025
13092,0.040045634
13093,0.08214295
13094,0.51085615
13095,0.0681205
13096,0.014371022
13097,0.13335675
13098,0.049824756
13099,0.22191203
13100,0.17996034
13101,0.0548682
13102,0.020500574
13103,0.042422112
13104,0.08224746
13105,0.123451546
13106,0.037494007
13107,0.13537969
13108,0.0702077
13109,0.06296409
13110,0.014903488
13111,0.02042624
13112,0.046027686
13113,0.054077215
13114,0.014571443
13115,0.09771817
13116,0.11722645
13117,0.117141
13118,0.06739192
13119,0.029023798
13120,0.08666038
13121,0.13647671
13122,0.2246892
13123,0.045023624
13124,0.009512965
13125,0.043527585
13126,0.021265876
13127,0.055596165
13128,0.39974347
13129,0.035416238
13130,0.13433239
13131,0.33460504
13132,0.13734807
13133,0.012409569
13134,0.035172034
13135,0.044578377
13136,0.21787633
13137,0.22422792
13138,0.06296878
13139,0.067906536
13140,0.12219093
13141,0.11420443
13142,0.106421284
13143,0.16335881
13144,0.3105624
13145,0.067716986
13146,0.019927736
13147,0.04211109
13148,0.07918873
13149,0.046170704
13150,0.23807621
13151,0.67566335
13152,0.0054845656
13153,0.040087268
13154,0.32973373
13155,0.014512951
13156,0.040235642
13157,0.22621678
13158,0.013625417
13159,0.04454699
13160,0.06567095
13161,0.015990185
13162,0.038448285
13163,0.005910529
13164,0.33520356
13165,0.036847193
13166,0.06385362
13167,0.22233641
13168,0.11210557
13169,0.22829184
13170,0.3219579
13171,0.31584692
13172,0.21795568
13173,0.08084938
13174,0.102605164
13175,0.67436653
13176,0.35593688
13177,0.33210176
13178,0.022205649
13179,0.18118262
13180,0.05240807
13181,0.021010853
13182,0.048008755
13183,0.0069606965
13184,0.010721517
13185,0.030347245
13186,0.04760007
13187,0.07558611
13188,0.06932916
13189,0.0825628
13190,0.06755396
13191,0.16269949
13192,0.084196866
13193,0.025180537
13194,0.090751745
13195,0.21653222
13196,0.04767916
13197,0.6494192
13198,0.7043228
13199,0.40662387
13200,0.005848841
13201,0.022127992
13202,0.017122306
13203,0.07076512
13204,0.35998237
13205,0.066894345
13206,0.050618134
13207,0.008850227
13208,0.04717351
13209,0.05444444
13210,0.042365555
13211,0.011400771
13212,0.3085533
13213,0.017184569
13214,0.02609873
13215,0.08219852
13216,0.0822905
13217,0.043616477
13218,0.042400736
13219,0.15443973
13220,0.25407913
13221,0.022507595
13222,0.16460334
13223,0.08310299
13224,0.08328624
13225,0.73595876
13226,0.68612474
13227,0.40245873
13228,0.014928243
13229,0.052609246
13230,0.02199421
13231,0.008417016
13232,0.32335097
13233,0.07628498
13234,0.22125341
13235,0.03802146
13236,0.07476492
13237,0.019612065
13238,0.077333294
13239,0.08352947
13240,0.117463164
13241,0.14120328
13242,0.37630022
13243,0.25773433
13244,0.16751704
13245,0.107781306
13246,0.067425705
13247,0.050444193
13248,0.09188206
13249,0.036900073
13250,0.027998172
13251,0.021431707
13252,0.11165728
13253,0.114820994
13254,0.05522172
13255,0.083818495
13256,0.023142701
13257,0.7095083
13258,0.99769735
13259,0.71232367
13260,0.08568058
13261,0.04171306
13262,0.15998115
13263,0.2473577
13264,0.023771971
13265,0.017011942
13266,0.01609963
13267,0.030574221
13268,0.07623057
13269,0.04208207
13270,0.31439808
13271,0.5922884
13272,0.05705389
13273,0.07985695
13274,0.0673786
13275,0.12203674
13276,0.0609397
13277,0.26956868
13278,0.08258027
13279,0.03199046
13280,0.07657182
13281,0.08503674
13282,0.08276323
13283,0.04216548
13284,0.021217396
13285,0.36695963
13286,0.3448686
13287,0.12185894
13288,0.064214304
13289,0.08845286
13290,0.06164143
13291,0.23232825
13292,0.026309857
13293,0.037584953
13294,0.038345203
13295,0.016238438
13296,0.018803304
13297,0.036898647
13298,0.038534805
13299,0.21626812
13300,0.4680475
13301,0.22954535
13302,0.22525413
13303,0.09078297
13304,0.13615668
13305,0.11938347
13306,0.38855302
13307,0.049853373
13308,0.024831822
13309,0.031870916
13310,0.029507054
13311,0.11780433
13312,0.13017783
13313,0.19341984
13314,0.27840072
13315,0.2376423
13316,0.22948621
13317,0.957198
13318,0.14996274
13319,0.018671194
13320,0.17938983
13321,0.21472092
13322,0.020494806
13323,0.046276476
13324,0.20868056
13325,0.050182484
13326,0.031696957
13327,0.031429317
13328,0.040549196
13329,0.16607906
13330,0.31802136
13331,0.23589349
13332,0.37774044
13333,0.23907125
13334,0.120851666
13335,0.18312986
13336,0.23160459
13337,0.013443217
13338,0.022303429
13339,0.1248345
13340,0.09080991
13341,0.04386302
13342,0.35074347
13343,0.22630322
13344,0.047235344
13345,0.40264562
13346,0.30753312
13347,0.07073743
13348,0.09016622
13349,0.06886337
13350,0.044978503
13351,0.010996751
13352,0.008504114
13353,0.014377191
13354,0.025244936
13355,0.047411986
13356,0.07405578
13357,0.06977812
13358,0.102996424
13359,0.34010696
13360,0.60102797
13361,0.33902547
13362,0.30906457
13363,0.38279918
13364,0.076128446
13365,0.06317892
13366,0.06273375
13367,0.11020007
13368,0.16107863
13369,0.053862806
13370,0.02387529
13371,0.053527024
13372,0.110739134
13373,0.0023417561
13374,0.04010123
13375,0.083858125
13376,0.020785095
13377,0.03430774
13378,0.019982304
13379,0.020962782
13380,0.004483875
13381,0.011427112
13382,0.02894737
13383,0.057322823
13384,0.047942664
13385,0.06705256
13386,0.21555261
13387,0.21691261
13388,0.27337208
13389,0.4490142
13390,0.43961966
13391,0.32835278
13392,0.09167631
13393,0.04095173
13394,0.020485828
13395,0.044304732
13396,0.09262396
13397,0.014900439
13398,0.029843654
13399,0.6325608
13400,0.04280486
13401,0.017534534
13402,0.050424885
13403,0.0431978
13404,0.1394218
13405,0.03463943
13406,0.042311423
13407,0.039976843
13408,0.014230806
13409,0.014602047
13410,0.024893116
13411,0.06849927
13412,0.08349115
13413,0.39041018
13414,0.31650218
13415,0.10478412
13416,0.7016807
13417,0.32793805
13418,0.36961904
13419,0.1909067
13420,0.036875837
13421,0.028640954
13422,0.031062024
13423,0.041990094
13424,0.039073974
13425,0.03040294
13426,0.054521468
13427,0.36186475
13428,0.10313657
13429,0.31168485
13430,0.02657425
13431,0.08588245
13432,0.09819176
13433,0.11165149
13434,0.13064587
13435,0.03951981
13436,0.026411265
13437,0.008296825
13438,0.037656844
13439,0.117280774
13440,0.62451
13441,0.30904698
13442,0.39174017
13443,0.29189596
13444,0.23697007
13445,0.2109461
13446,0.06859477
13447,0.041086126
13448,0.011974582
13449,0.032730073
13450,0.02675051
13451,0.10449844
13452,0.10599546
13453,0.07279982
13454,0.23121262
13455,0.023413587
13456,0.062184073
13457,0.010735775
13458,0.23038615
13459,0.037043877
13460,0.010777383
13461,0.09105761
13462,0.18270724
13463,0.026525004
13464,0.0029065683
13465,0.095443726
13466,0.13625996
13467,0.05753405
13468,0.08185561
13469,0.026928242
13470,0.07847293
13471,0.067392826
13472,0.032063708
13473,0.101855375
13474,0.08650749
13475,0.037913263
13476,0.009642711
13477,0.28390652
13478,0.011521978
13479,0.014852459
13480,0.083419345
13481,0.038719658
13482,0.029458348
13483,0.099812195
13484,0.030193107
13485,0.03944186
13486,0.008272408
13487,0.035201237
13488,0.1576317
13489,0.3403542
13490,0.40423885
13491,0.09394815
13492,0.0109996665
13493,0.01867873
13494,0.024272148
13495,0.04632818
13496,0.05456356
13497,0.11993355
13498,0.013806111
13499,0.025723407
13500,0.014509542
13501,0.027301166
13502,0.01862355
13503,0.011581161
13504,0.06442412
13505,0.071868055
13506,0.32201913
13507,0.013890119
13508,0.01708184
13509,0.029152745
13510,0.059793696
13511,0.07804222
13512,0.34058034
13513,0.094906434
13514,0.01210156
13515,0.11043297
13516,0.03153124
13517,0.061873253
13518,0.10732583
13519,0.044135075
13520,0.011424369
13521,0.019259151
13522,0.009784974
13523,0.18234926
13524,0.026983509
13525,0.014621805
13526,0.022796426
13527,0.11061284
13528,0.053352576
13529,0.035383645
13530,0.017075319
13531,0.024305029
13532,0.049853593
13533,0.3292734
13534,0.026118595
13535,0.019502409
13536,0.024831822
13537,0.038445268
13538,0.049947906
13539,0.14026348
13540,0.05327611
13541,0.1458066
13542,0.07910066
13543,0.026445894
13544,0.014438183
13545,0.043489035
13546,0.043595877
13547,0.025564875
13548,0.22777812
13549,0.1360058
13550,0.016978579
13551,0.068875074
13552,0.043544512
13553,0.008735817
13554,0.010903176
13555,0.33511814
13556,0.4554902
13557,0.09958506
13558,0.07943254
13559,0.013573594
13560,0.07185453
13561,0.04240431
13562,0.04037491
13563,0.10181236
13564,0.06946432
13565,0.085349254
13566,0.9176402
13567,0.019264134
13568,0.06771552
13569,0.015132503
13570,0.066987805
13571,0.06693456
13572,0.01724826
13573,0.033098433
13574,0.12104818
13575,0.37726685
13576,0.06047534
13577,0.21914378
13578,0.022907639
13579,0.017338244
13580,0.06403741
13581,0.022105707
13582,0.06778867
13583,0.025049942
13584,0.021667233
13585,0.046362143
13586,0.049487863
13587,0.02127417
13588,0.018959308
13589,0.04755264
13590,0.016640022
13591,0.15089534
13592,0.038473845
13593,0.014722997
13594,0.029497212
13595,0.070512645
13596,0.09104293
13597,0.020647952
13598,0.04767147
13599,0.5708364
13600,0.055714455
13601,0.13751397
13602,0.031376384
13603,0.039599176
13604,0.042217113
13605,0.3287818
13606,0.02295452
13607,0.009784974
13608,0.006928125
13609,0.01636846
13610,0.042349536
13611,0.08215371
13612,0.019746479
13613,0.09279653
13614,0.037636198
13615,0.021919739
13616,0.042139664
13617,0.3039349
13618,0.026007202
13619,0.019904528
13620,0.008616765
13621,0.020485828
13622,0.038844626
13623,0.029207347
13624,0.12591273
13625,0.050902534
13626,0.012429038
13627,0.015094211
13628,0.015413122
13629,0.056301553
13630,0.1145147
13631,0.07775788
13632,0.06334105
13633,0.05066402
13634,0.022929346
13635,0.045830783
13636,0.01687983
13637,0.0835973
13638,0.22751485
13639,0.10512515
13640,0.029411249
13641,0.01456363
13642,0.011878955
13643,0.016046984
13644,0.010815652
13645,0.019508742
13646,0.008135084
13647,0.014999743
13648,0.015308312
13649,0.021861574
13650,0.04687804
13651,0.04379017
13652,0.08336367
13653,0.012558074
13654,0.16382138
13655,0.008783229
13656,0.23444325
13657,0.010047214
13658,0.019539386
13659,0.02253725
13660,0.012165462
13661,0.009739005
13662,0.016756356
13663,0.018848406
13664,0.014059315
13665,0.027038125
13666,0.014355173
13667,0.008539429
13668,0.049674638
13669,0.023820847
13670,0.03968945
13671,0.041677658
13672,0.014406553
13673,0.012351118
13674,0.008765175
13675,0.08081445
13676,0.022741698
13677,0.04272938
13678,0.008593891
13679,0.0038519062
13680,0.010781145
13681,0.0037784134
13682,0.029207347
13683,0.014977267
13684,0.0668032
13685,0.01326524
13686,0.17342739
13687,0.050636772
13688,0.053717047
13689,0.05420207
13690,0.014402173
13691,0.067227505
13692,0.021791145
13693,0.009447154
13694,0.06679055
13695,0.015165347
13696,0.0844847
13697,0.109397255
13698,0.0171182
13699,0.029569957
13700,0.030093662
13701,0.023255065
13702,0.011060498
13703,0.011575635
13704,0.006765483
13705,0.009737706
13706,0.031046014
13707,0.009737706
13708,0.06399851
13709,0.04963074
13710,0.029421933
13711,0.15252936
13712,0.0132893035
13713,0.019002004
13714,0.021935066
13715,0.026924005
13716,0.00446574
13717,0.0150985
13718,0.043371875
13719,0.019508742
13720,0.01282052
13721,0.022796426
13722,0.015787693
13723,0.029520134
13724,0.010587641
13725,0.01578489
13726,0.027000314
13727,0.13331936
13728,0.11382496
13729,0.018876797
13730,0.077244535
13731,0.020335084
13732,0.033781588
13733,0.045384653
13734,0.045182653
13735,0.049289104
13736,0.034116115
13737,0.04795482
13738,0.10186103
13739,0.03359361
13740,0.040553726
13741,0.08640965
13742,0.04520833
13743,0.036564164
13744,0.024304079
13745,0.028806178
13746,0.12740715
13747,0.04840375
13748,0.0688053
13749,0.04599931
13750,0.13751122
13751,0.30111387
13752,0.02071099
13753,0.014621006
13754,0.28008977
13755,0.066397086
13756,0.196642
13757,0.072955646
13758,0.13810432
13759,0.019822747
13760,0.014818986
13761,0.13681516
13762,0.030061442
13763,0.5317785
13764,0.12837376
13765,0.050055027
13766,0.24175149
13767,0.06120194
13768,0.024444597
13769,0.021845324
13770,0.042689767
13771,0.034008406
13772,0.017671313
13773,0.014529078
13774,0.04111453
13775,0.09034959
13776,0.16061933
13777,0.40027148
13778,0.38493672
13779,0.04705973
13780,0.10731865
13781,0.2211455
13782,0.0209479
13783,0.050879624
13784,0.04141091
13785,0.059485123
13786,0.086241834
13787,0.40894344
13788,0.11321617
13789,0.32816696
13790,0.41594064
13791,0.021110523
13792,0.3928716
13793,0.0527887
13794,0.2915471
13795,0.042828895
13796,0.043291654
13797,0.032077417
13798,0.06408828
13799,0.025135405
13800,0.09359382
13801,0.09067767
13802,0.07413651
13803,0.03801276
13804,0.06756297
13805,0.2532869
13806,0.04314964
13807,0.030333772
13808,0.05043241
13809,0.05211493
13810,0.06769802
13811,0.029732803
13812,0.037023567
13813,0.042731665
13814,0.073732354
13815,0.024856143
13816,0.051511303
13817,0.14414828
13818,0.26778054
13819,0.01993126
13820,0.03686989
13821,0.022232415
13822,0.39207852
13823,0.094451636
13824,0.070249766
13825,0.28877115
13826,0.2944762
13827,0.06696521
13828,0.046604764
13829,0.019457137
13830,0.021685265
13831,0.00664901
13832,0.035002615
13833,0.011206427
13834,0.09712894
13835,0.06245744
13836,0.063777335
13837,0.08601104
13838,0.1762588
13839,0.3733073
13840,0.017439397
13841,0.018317385
13842,0.04271084
13843,0.011097142
13844,0.00904345
13845,0.028626548
13846,0.022654392
13847,0.03184445
13848,0.30183563
13849,0.019807346
13850,0.042086687
13851,0.05871946
13852,0.12948002
13853,0.40305832
13854,0.0072304765
13855,0.054125044
13856,0.081438206
13857,0.020656979
13858,0.03799264
13859,0.052126445
13860,0.009902711
13861,0.01962493
13862,0.025031097
13863,0.09458649
13864,0.13592991
13865,0.084512115
13866,0.08885245
13867,0.05250307
13868,0.010092406
13869,0.03335289
13870,0.029303437
13871,0.029859677
13872,0.031112056
13873,0.08492893
13874,0.052745566
13875,0.10950503
13876,0.014696704
13877,0.032054927
13878,0.02503954
13879,0.01956753
13880,0.014844445
13881,0.021926947
13882,0.038077306
13883,0.10494507
13884,0.021542205
13885,0.057196517
13886,0.2529251
13887,0.23425232
13888,0.04034567
13889,0.036128543
13890,0.03410859
13891,0.082092755
13892,0.060241528
13893,0.015363755
13894,0.05105482
13895,0.027233025
13896,0.13798065
13897,0.0230021
13898,0.021553485
13899,0.02921841
13900,0.0061913608
13901,0.05027675
13902,0.051569432
13903,0.1578609
13904,0.17876434
13905,0.16424176
13906,0.05290778
13907,0.035394117
13908,0.018665401
13909,0.048149236
13910,0.04127207
13911,0.011308898
13912,0.10392793
13913,0.04197826
13914,0.39531353
13915,0.08900131
13916,0.09466456
13917,0.046477303
13918,0.04510377
13919,0.01956434
13920,0.016179776
13921,0.012479466
13922,0.051093705
13923,0.025230361
13924,0.01947835
13925,0.019619541
13926,0.06682577
13927,0.04129249
13928,0.06302314
13929,0.05078986
13930,0.080923244
13931,0.15894468
13932,0.24395217
13933,0.052062478
13934,0.022130664
13935,0.067554876
13936,0.016747916
13937,0.035784587
13938,0.007415197
13939,0.022666702
13940,0.06813671
13941,0.047504682
13942,0.097064696
13943,0.038117863
13944,0.08541758
13945,0.036574516
13946,0.049325608
13947,0.031764507
13948,0.018773885
13949,0.019491553
13950,0.110215396
13951,0.029724086
13952,0.05888301
13953,0.029652825
13954,0.009961426
13955,0.021855574
13956,0.0315544
13957,0.053655516
13958,0.06032708
13959,0.095519684
13960,0.077006236
13961,0.21843915
13962,0.16424753
13963,0.109638266
13964,0.012392127
13965,0.068861045
13966,0.0476615
13967,0.010045194
13968,0.040803324
13969,0.06851346
13970,0.029319927
13971,0.021186318
13972,0.044021733
13973,0.034966122
13974,0.04667038
13975,0.06386197
13976,0.029893901
13977,0.047574297
13978,0.02210679
13979,0.029327227
13980,0.014995717
13981,0.059658345
13982,0.014161428
13983,0.032542307
13984,0.088068224
13985,0.05073891
13986,0.10554544
13987,0.32182375
13988,0.07944974
13989,0.08901615
13990,0.050912865
13991,0.06364706
13992,0.058922704
13993,0.067705
13994,0.046875928
13995,0.010083315
13996,0.020004544
13997,0.23451021
13998,0.054326203
13999,0.06708387
14000,0.05148544
14001,0.06540106
14002,0.020139255
14003,0.020816866
14004,0.03493363
14005,0.19350095
14006,0.05380563
14007,0.039990313
14008,0.08520879
14009,0.50813454
14010,0.06907477
14011,0.014729197
14012,0.13898869
14013,0.050729576
14014,0.2226011
14015,0.18609686
14016,0.05358495
14017,0.042532805
14018,0.078228824
14019,0.124716155
14020,0.03689021
14021,0.1333772
14022,0.070596404
14023,0.058784083
14024,0.015198064
14025,0.020535246
14026,0.04536244
14027,0.052246895
14028,0.015273966
14029,0.09329618
14030,0.12033607
14031,0.120261036
14032,0.06581181
14033,0.028569844
14034,0.08567478
14035,0.21337079
14036,0.22685605
14037,0.047506273
14038,0.009991332
14039,0.044739794
14040,0.021310143
14041,0.009857411
14042,0.052740343
14043,0.39334786
14044,0.03410859
14045,0.13609159
14046,0.34252405
14047,0.22327006
14048,0.0136969695
14049,0.019198967
14050,0.03593913
14051,0.045968447
14052,0.2181158
14053,0.22522609
14054,0.060738657
14055,0.06568561
14056,0.122049354
14057,0.11519063
14058,0.10282863
14059,0.16427638
14060,0.31456432
14061,0.060098793
14062,0.042552322
14063,0.0805342
14064,0.046698708
14065,0.23930395
14066,0.6650082
14067,0.006002132
14068,0.03964389
14069,0.32994217
14070,0.014689885
14071,0.04140057
14072,0.22837363
14073,0.043905463
14074,0.06171986
14075,0.01629282
14076,0.037918653
14077,0.3392879
14078,0.03610821
14079,0.06038958
14080,0.22821483
14081,0.16194916
14082,0.2268909
14083,0.32249415
14084,0.31612507
14085,0.024926513
14086,0.30494013
14087,0.11536775
14088,0.16845176
14089,0.67339766
14090,0.35700142
14091,0.33196327
14092,0.022302536
14093,0.18232782
14094,0.048555188
14095,0.024433743
14096,0.010909113
14097,0.047957033
14098,0.007538319
14099,0.011160632
14100,0.03042608
14101,0.04726559
14102,0.077168845
14103,0.07002261
14104,0.079333454
14105,0.07037747
14106,0.15411685
14107,0.08468168
14108,0.025079608
14109,0.08355749
14110,0.21684189
14111,0.01923101
14112,0.04784288
14113,0.69906306
14114,0.703752
14115,0.40204218
14116,0.0063803247
14117,0.022727132
14118,0.017623605
14119,0.07098922
14120,0.37510377
14121,0.06694264
14122,0.05212841
14123,0.008806111
14124,0.046804022
14125,0.05457977
14126,0.042463638
14127,0.012152799
14128,0.30176878
14129,0.017428484
14130,0.026489843
14131,0.08293445
14132,0.08183135
14133,0.043945175
14134,0.04346538
14135,0.15327343
14136,0.09895213
14137,0.02271278
14138,0.10145912
14139,0.08251272
14140,0.08418691
14141,0.7282773
14142,0.6811328
14143,0.40289068
14144,0.015273151
14145,0.051624306
14146,0.022156429
14147,0.008666892
14148,0.32793352
14149,0.078265734
14150,0.22149289
14151,0.036579933
14152,0.07630955
14153,0.019721096
14154,0.076964185
14155,0.08407674
14156,0.12028831
14157,0.14085704
14158,0.37097338
14159,0.33020616
14160,0.16495797
14161,0.1041393
14162,0.06705209
14163,0.05131749
14164,0.09050357
14165,0.036354274
14166,0.029339839
14167,0.02112007
14168,0.11101568
14169,0.114005655
14170,0.055100862
14171,0.085901946
14172,0.022634689
14173,0.6980511
14174,0.9963286
14175,0.67898697
14176,0.1018469
14177,0.043061532
14178,0.10952017
14179,0.33412272
14180,0.024021948
14181,0.017032161
14182,0.016332926
14183,0.030971946
14184,0.07546889
14185,0.04200963
14186,0.31327924
14187,0.5856439
14188,0.056583777
14189,0.08029625
14190,0.06433596
14191,0.12318975
14192,0.05833153
14193,0.27421334
14194,0.083523445
14195,0.032065395
14196,0.077474356
14197,0.086359896
14198,0.08473951
14199,0.04120496
14200,0.02145109
14201,0.37781966
14202,0.24717297
14203,0.12246344
14204,0.061828848
14205,0.08562846
14206,0.059842896
14207,0.23083219
14208,0.026780467
14209,0.036214054
14210,0.038854916
14211,0.015750848
14212,0.019503206
14213,0.035895564
14214,0.037881173
14215,0.30158883
14216,0.45230883
14217,0.23153825
14218,0.23375016
14219,0.08780591
14220,0.13577169
14221,0.2113635
14222,0.3833216
14223,0.05057607
14224,0.024647357
14225,0.032010492
14226,0.02976976
14227,0.17899664
14228,0.22373109
14229,0.11498605
14230,0.36757907
14231,0.23451138
14232,0.22122066
14233,0.9673752
14234,0.15532519
14235,0.01941866
14236,0.16999944
14237,0.21666467
14238,0.020186663
14239,0.046809465
14240,0.29090855
14241,0.0049522268
14242,0.05114136
14243,0.031823184
14244,0.03180159
14245,0.039730225
14246,0.10572448
14247,0.32366496
14248,0.23956391
14249,0.3632443
14250,0.32489282
14251,0.118381776
14252,0.1879727
14253,0.23421437
14254,0.022486392
14255,0.12460682
14256,0.06038197
14257,0.044660807
14258,0.33775362
14259,0.2272718
14260,0.04345647
14261,0.39169928
14262,0.30702862
14263,0.0066760546
14264,0.067101404
14265,0.08647206
14266,0.06745098
14267,0.045308396
14268,0.008758675
14269,0.014768178
14270,0.025450861
14271,0.04817033
14272,0.07149325
14273,0.06847911
14274,0.0970149
14275,0.34556416
14276,0.5489986
14277,0.32926023
14278,0.2311792
14279,0.38575384
14280,0.07662994
14281,0.019045033
14282,0.0609763
14283,0.06329317
14284,0.106413856
14285,0.16540971
14286,0.052327465
14287,0.02495088
14288,0.0531273
14289,0.109841116
14290,0.041178223
14291,0.084060825
14292,0.02065899
14293,0.033717137
14294,0.005233955
14295,0.011602235
14296,0.028929189
14297,0.05690148
14298,0.047439933
14299,0.06436392
14300,0.22279334
14301,0.13844332
14302,0.27152967
14303,0.45272008
14304,0.41789344
14305,0.33435464
14306,0.08756423
14307,0.021494709
14308,0.04387056
14309,0.08740338
14310,0.015702238
14311,0.029652463
14312,0.6154974
14313,0.04297276
14314,0.016826099
14315,0.04943445
14316,0.045702808
14317,0.0789569
14318,0.034464963
14319,0.04408219
14320,0.016464718
14321,0.039700445
14322,0.014581989
14323,0.015043121
14324,0.025466612
14325,0.067524076
14326,0.08277426
14327,0.38427353
14328,0.32581002
14329,0.09967804
14330,0.7012126
14331,0.34145132
14332,0.39085647
14333,0.18292399
14334,0.035952486
14335,0.030268658
14336,0.031357534
14337,0.041627023
14338,0.039731756
14339,0.054499723
14340,0.36178076
14341,0.076773465
14342,0.31191897
14343,0.026472438
14344,0.08321382
14345,0.094742775
14346,0.10958988
14347,0.21749888
14348,0.039208785
14349,0.026309453
14350,0.00891396
14351,0.036904078
14352,0.11618933
14353,0.60711354
14354,0.30736578
14355,0.38960877
14356,0.29881155
14357,0.33663464
14358,0.123772584
14359,0.06816453
14360,0.04065693
14361,0.021906838
14362,0.03266163
14363,0.026295086
14364,0.09970207
14365,0.10541779
14366,0.0674103
14367,0.2286448
14368,0.023686986
14369,0.06066798
14370,0.011616229
14371,0.23317
14372,0.03722646
14373,0.009751618
14374,0.010745446
14375,0.08695032
14376,0.18794596
14377,0.026805358
14378,0.27082002
14379,0.21618517
14380,0.055668294
14381,0.0807306
14382,0.026872594
14383,0.07670902
14384,0.063650966
14385,0.030792538
14386,0.09467077
14387,0.083564535
14388,0.03799628
14389,0.010100954
14390,0.15256123
14391,0.011969166
14392,0.079639934
14393,0.03109864
14394,0.09681268
14395,0.030774062
14396,0.03984515
14397,0.008679618
14398,0.035123948
14399,0.16095978
14400,0.34448174
14401,0.38756907
14402,0.08923217
14403,0.019045033
14404,0.025139289
14405,0.04639202
14406,0.053514067
14407,0.11701805
14408,0.014616476
14409,0.02600034
14410,0.015230986
14411,0.026639445
14412,0.01217523
14413,0.022323681
14414,0.060512558
14415,0.07204708
14416,0.32974067
14417,0.013896547
14418,0.017322842
14419,0.028994054
14420,0.059327517
14421,0.07743309
14422,0.33919385
14423,0.09283121
14424,0.012873056
14425,0.1566192
14426,0.032200053
14427,0.059458274
14428,0.10389819
14429,0.043797743
14430,0.019539787
14431,0.23496377
14432,0.015160364
14433,0.02265005
14434,0.10584866
14435,0.052907754
14436,0.034640267
14437,0.01727331
14438,0.024422353
14439,0.04922988
14440,0.3376135
14441,0.026591232
14442,0.01940555
14443,0.03666701
14444,0.050698437
14445,0.21950781
14446,0.047253434
14447,0.14304113
14448,0.0782774
14449,0.026309453
14450,0.01468724
14451,0.042439967
14452,0.042432185
14453,0.025442593
14454,0.23449896
14455,0.020146023
14456,0.138136
14457,0.06507036
14458,0.043245774
14459,0.009416164
14460,0.011395925
14461,0.33918422
14462,0.4660368
14463,0.18419725
14464,0.07776096
14465,0.013909251
14466,0.07150508
14467,0.043239545
14468,0.037578113
14469,0.07459074
14470,0.06590164
14471,0.08033644
14472,0.93192214
14473,0.06189261
14474,0.06579167
14475,0.06588273
14476,0.032581992
14477,0.11860461
14478,0.31269982
14479,0.05933285
14480,0.118234694
14481,0.02258442
14482,0.018103287
14483,0.062132757
14484,0.022468632
14485,0.06401461
14486,0.02494873
14487,0.021913378
14488,0.002423495
14489,0.0460379
14490,0.05189622
14491,0.023190273
14492,0.046740565
14493,0.016971696
14494,0.15434115
14495,0.037049763
14496,0.015080408
14497,0.02949466
14498,0.06791199
14499,0.08647991
14500,0.021466207
14501,0.02258445
14502,0.048092954
14503,0.59999925
14504,0.053077858
14505,0.08144802
14506,0.044241786
14507,0.030994825
14508,0.03879482
14509,0.041349944
14510,0.012744871
14511,0.015425492
14512,0.25519943
14513,0.023037495
14514,0.01620185
14515,0.041814238
14516,0.14267309
14517,0.019832686
14518,0.009911727
14519,0.0927385
14520,0.037219655
14521,0.021799102
14522,0.041397553
14523,0.3158183
14524,0.022148205
14525,0.019841805
14526,0.008766058
14527,0.03874264
14528,0.029348914
14529,0.12721337
14530,0.050424002
14531,0.015057535
14532,0.015130822
14533,0.05447534
14534,0.11419026
14535,0.07797729
14536,0.06212707
14537,0.052121766
14538,0.022814102
14539,0.042026147
14540,0.053809624
14541,0.22945918
14542,0.103996396
14543,0.028758435
14544,0.014196195
14545,0.012117967
14546,0.01606286
14547,0.011046865
14548,0.019148204
14549,0.008455694
14550,0.009826423
14551,0.015334282
14552,0.021513801
14553,0.044159725
14554,0.0420873
14555,0.090182856
14556,0.012901653
14557,0.10427045
14558,0.008948047
14559,0.17294154
14560,0.009955445
14561,0.020457732
14562,0.022576688
14563,0.012234509
14564,0.009823049
14565,0.016362747
14566,0.01868729
14567,0.0073628956
14568,0.013883146
14569,0.012269872
14570,0.0137416655
14571,0.014695391
14572,0.049623672
14573,0.004032106
14574,0.023538865
14575,0.03948022
14576,0.040924113
14577,0.015602369
14578,0.009017061
14579,0.08260275
14580,0.022575533
14581,0.041620795
14582,0.010996847
14583,0.028920695
14584,0.011758521
14585,0.014678851
14586,0.06978961
14587,0.011040452
14588,0.17287943
14589,0.04968528
14590,0.050433487
14591,0.05484947
14592,0.067255385
14593,0.022029808
14594,0.009841052
14595,0.06711613
14596,0.015075525
14597,0.0825195
14598,0.00806013
14599,0.11002561
14600,0.022825534
14601,0.028684044
14602,0.029652666
14603,0.024900207
14604,0.022177013
14605,0.0129310945
14606,0.011145288
14607,0.009987563
14608,0.02914526
14609,0.0097897975
14610,0.010946291
14611,0.06538811
14612,0.048731167
14613,0.029125564
14614,0.155683
14615,0.013676525
14616,0.018425101
14617,0.021969507
14618,0.027020551
14619,0.004310475
14620,0.015162692
14621,0.04319612
14622,0.019372014
14623,0.01254424
14624,0.021915777
14625,0.016221829
14626,0.031485252
14627,0.009840354
14628,0.027057236
14629,0.13472004
14630,0.115308344
14631,0.079095945
14632,0.01976386
14633,0.020670675
14634,0.051657286
14635,0.027553774
14636,0.044456676
14637,0.051406674
14638,0.030918056
14639,0.04561539
14640,0.042794067
14641,0.16024996
14642,0.04748429
14643,0.037136316
14644,0.028347876
14645,0.13436365
14646,0.0484563
14647,0.07159466
14648,0.044606425
14649,0.22819802
14650,0.3077071
14651,0.020691399
14652,0.04573466
14653,0.2753766
14654,0.06550288
14655,0.18978482
14656,0.12879345
14657,0.1349045
14658,0.055882838
14659,0.019731581
14660,0.006212175
14661,0.035502914
14662,0.14363177
14663,0.53775704
14664,0.23775695
14665,0.044680595
14666,0.3227862
14667,0.06166383
14668,0.012494574
14669,0.024406858
14670,0.021807427
14671,0.042341743
14672,0.033222854
14673,0.014529841
14674,0.038984455
14675,0.09624985
14676,0.14626314
14677,0.40172955
14678,0.3986608
14679,0.069512255
14680,0.16328454
14681,0.133588
14682,0.020309275
14683,0.05008337
14684,0.0397825
14685,0.060126808
14686,0.0876453
14687,0.38521722
14688,0.111962445
14689,0.13449815
14690,0.40496063
14691,0.1123996
14692,0.021668943
14693,0.38843617
14694,0.049717538
14695,0.29201806
14696,0.046823688
14697,0.030754212
14698,0.06370765
14699,0.02464916
14700,0.083960906
14701,0.09515136
14702,0.08823986
14703,0.06316977
14704,0.26154408
14705,0.04305847
14706,0.006659346
14707,0.029805899
14708,0.050696608
14709,0.05456876
14710,0.06819294
14711,0.029179873
14712,0.037464254
14713,0.045496836
14714,0.09257645
14715,0.02464916
14716,0.1592406
14717,0.26098964
14718,0.020869283
14719,0.036992025
14720,0.021941641
14721,0.01118868
14722,0.40409636
14723,0.09443359
14724,0.07409719
14725,0.3810381
14726,0.29118732
14727,0.06709412
14728,0.043669898
14729,0.021263491
14730,0.0065001044
14731,0.034610018
14732,0.01107727
14733,0.097207814
14734,0.064667605
14735,0.06110355
14736,0.09228664
14737,0.17726398
14738,0.3735752
14739,0.2269586
14740,0.042540673
14741,0.008887718
14742,0.0290867
14743,0.021542916
14744,0.03175595
14745,0.31239134
14746,0.01930071
14747,0.040953442
14748,0.057552528
14749,0.040778413
14750,0.13230331
14751,0.39396855
14752,0.051819354
14753,0.08036732
14754,0.020152492
14755,0.021166727
14756,0.037861392
14757,0.051674463
14758,0.009862106
14759,0.01946219
14760,0.02479809
14761,0.093649566
14762,0.13083199
14763,0.07886777
14764,0.089090586
14765,0.05356593
14766,0.010040105
14767,0.033228092
14768,0.028679315
14769,0.027221037
14770,0.03071216
14771,0.08646943
14772,0.05004004
14773,0.10389646
14774,0.014390593
14775,0.03154754
14776,0.02449748
14777,0.018687207
14778,0.015046831
14779,0.022063248
14780,0.03770254
14781,0.019994723
14782,0.022185763
14783,0.05704012
14784,0.2539344
14785,0.23458597
14786,0.039885424
14787,0.03634503
14788,0.034087077
14789,0.08265589
14790,0.05928774
14791,0.01532176
14792,0.050515454
14793,0.015205939
14794,0.026940046
14795,0.14097688
14796,0.023031287
14797,0.022229059
14798,0.029046819
14799,0.006212175
14800,0.050437186
14801,0.05252564
14802,0.15776974
14803,0.09392872
14804,0.16339573
14805,0.052640732
14806,0.036402073
14807,0.018657343
14808,0.047725096
14809,0.041846782
14810,0.009328618
14811,0.011017526
14812,0.10536718
14813,0.041769054
14814,0.38497028
14815,0.09014918
14816,0.020757794
14817,0.09401013
14818,0.042140417
14819,0.04433555
14820,0.020141374
14821,0.05182035
14822,0.008702748
14823,0.018826067
14824,0.019321198
14825,0.06501982
14826,0.040835407
14827,0.06446855
14828,0.050636
14829,0.08257692
14830,0.1597186
14831,0.33554462
14832,0.051927224
14833,0.021874646
14834,0.06471884
14835,0.01584887
14836,0.03654456
14837,0.0074471533
14838,0.02270949
14839,0.06760961
14840,0.047510494
14841,0.10029721
14842,0.038661476
14843,0.08730664
14844,0.03631105
14845,0.051824532
14846,0.03125986
14847,0.107889175
14848,0.0294882
14849,0.05890099
14850,0.029396225
14851,0.012287811
14852,0.009883425
14853,0.02191519
14854,0.029922498
14855,0.051716976
14856,0.06055694
14857,0.16787796
14858,0.07757336
14859,0.2162272
14860,0.09645251
14861,0.107992075
14862,0.012400961
14863,0.07108575
14864,0.0117031345
14865,0.046868816
14866,0.038873874
14867,0.06959557
14868,0.03037094
14869,0.020940471
14870,0.043865025
14871,0.034850877
14872,0.04658471
14873,0.06608953
14874,0.02935736
14875,0.0475744
14876,0.021901011
14877,0.018710965
14878,0.060404755
14879,0.013855318
14880,0.031618867
14881,0.088658415
14882,0.05051143
14883,0.16187048
14884,0.31750953
14885,0.07829936
14886,0.08983452
14887,0.0512197
14888,0.061729517
14889,0.059521686
14890,0.06512765
14891,0.046182442
14892,0.019508017
14893,0.32191396
14894,0.057104945
14895,0.06433466
14896,0.061891723
14897,0.024251008
14898,0.019988615
14899,0.020905413
14900,0.034760486
14901,0.18853977
14902,0.054324873
14903,0.040129386
14904,0.08437435
14905,0.51145846
14906,0.06673968
14907,0.014423087
14908,0.1336936
14909,0.050477322
14910,0.22142488
14911,0.18480708
14912,0.05438603
14913,0.04253291
14914,0.08376242
14915,0.2161545
14916,0.036851447
14917,0.13758825
14918,0.069947466
14919,0.061015762
14920,0.0150020495
14921,0.015049836
14922,0.04544829
14923,0.055600863
14924,0.015204517
14925,0.096710235
14926,0.11858826
14927,0.11663725
14928,0.06342114
14929,0.029490877
14930,0.08497357
14931,0.13439508
14932,0.2250178
14933,0.0477642
14934,0.04403698
14935,0.021749236
14936,0.009786855
14937,0.05320486
14938,0.40343314
14939,0.034212977
14940,0.13277863
14941,0.33546332
14942,0.22770931
14943,0.0126706725
14944,0.019107802
14945,0.009986243
14946,0.034897603
14947,0.046535995
14948,0.21661396
14949,0.22004572
14950,0.061577775
14951,0.0665178
14952,0.21837758
14953,0.11764138
14954,0.103461854
14955,0.16157384
14956,0.31277934
14957,0.06677785
14958,0.042706825
14959,0.077679954
14960,0.0469873
14961,0.24041341
14962,0.7144854
14963,0.0057650646
14964,0.03912281
14965,0.32717854
14966,0.014318597
14967,0.04197304
14968,0.22986598
14969,0.015369761
14970,0.0121931285
14971,0.043905567
14972,0.062912665
14973,0.015423215
14974,0.037224423
14975,0.35498685
14976,0.03627872
14977,0.062414158
14978,0.22276199
14979,0.11261423
14980,0.2256661
14981,0.32054242
14982,0.31311092
14983,0.025131872
14984,0.22438192
14985,0.079321876
14986,0.096849225
14987,0.67887425
14988,0.25912604
14989,0.25842544
14990,0.022106929
14991,0.17848022
14992,0.050421745
14993,0.02018791
14994,0.010913402
14995,0.04830672
14996,0.0073296437
14997,0.011034839
14998,0.030667279
14999,0.047265694
15000,0.07581439
15001,0.070524625
15002,0.08115593
15003,0.06868963
15004,0.15782581
15005,0.08240208
15006,0.024881229
15007,0.084195435
15008,0.21620262
15009,0.019361991
15010,0.04778262
15011,0.7021097
15012,0.66556543
15013,0.4045299
15014,0.022186324
15015,0.017087778
15016,0.06837946
15017,0.36958924
15018,0.06399717
15019,0.0530277
15020,0.008266884
15021,0.008619473
15022,0.046716742
15023,0.05310016
15024,0.041216284
15025,0.011415737
15026,0.31221354
15027,0.017249648
15028,0.026347674
15029,0.08058103
15030,0.083930686
15031,0.044012196
15032,0.04180368
15033,0.1614064
15034,0.09508005
15035,0.02190899
15036,0.16308384
15037,0.08402643
15038,0.08266969
15039,0.6862272
15040,0.67286247
15041,0.39460447
15042,0.0152430665
15043,0.082607225
15044,0.022017239
15045,0.008738693
15046,0.242242
15047,0.07556528
15048,0.3070823
15049,0.036580037
15050,0.075772196
15051,0.019471958
15052,0.07550619
15053,0.08452379
15054,0.11787619
15055,0.14220789
15056,0.39104772
15057,0.3446166
15058,0.15982202
15059,0.10376838
15060,0.06551646
15061,0.053246114
15062,0.088491045
15063,0.035740905
15064,0.03002819
15065,0.021339534
15066,0.111663386
15067,0.114548676
15068,0.054017764
15069,0.08486261
15070,0.022625595
15071,0.63488835
15072,0.98942727
15073,0.7076179
15074,0.11593203
15075,0.043061636
15076,0.15912293
15077,0.33478734
15078,0.023935018
15079,0.017050592
15080,0.016284762
15081,0.03022058
15082,0.07572829
15083,0.04213092
15084,0.31157973
15085,0.59499025
15086,0.056141533
15087,0.078444175
15088,0.066323034
15089,0.21117409
15090,0.058936898
15091,0.29457605
15092,0.12890254
15093,0.033241924
15094,0.07804107
15095,0.08582855
15096,0.08537746
15097,0.042179026
15098,0.021412807
15099,0.26634035
15100,0.24431239
15101,0.12073092
15102,0.06262994
15103,0.02474333
15104,0.08536183
15105,0.061765753
15106,0.22893788
15107,0.025621338
15108,0.036554728
15109,0.03875879
15110,0.016012818
15111,0.01869771
15112,0.035006456
15113,0.037736304
15114,0.30212203
15115,0.44091842
15116,0.31015325
15117,0.1573234
15118,0.08898134
15119,0.13097972
15120,0.20261991
15121,0.37736598
15122,0.05279706
15123,0.032058697
15124,0.030470356
15125,0.11497874
15126,0.21230541
15127,0.11503996
15128,0.27441952
15129,0.23912449
15130,0.22044757
15131,0.9516963
15132,0.10773292
15133,0.018704334
15134,0.16551605
15135,0.22441937
15136,0.046441052
15137,0.38764054
15138,0.050613426
15139,0.031740077
15140,0.029942552
15141,0.040499084
15142,0.10461984
15143,0.30813795
15144,0.23883758
15145,0.36882845
15146,0.23824395
15147,0.11801602
15148,0.1816978
15149,0.23274186
15150,0.013517307
15151,0.12200518
15152,0.061344963
15153,0.044284664
15154,0.3435809
15155,0.22860323
15156,0.04749865
15157,0.38718748
15158,0.31401518
15159,0.00643163
15160,0.06715916
15161,0.08841279
15162,0.06182711
15163,0.043918543
15164,0.011115261
15165,0.00832942
15166,0.025217585
15167,0.04796071
15168,0.07244162
15169,0.066397846
15170,0.09646651
15171,0.33683994
15172,0.533978
15173,0.32683128
15174,0.3107678
15175,0.37681562
15176,0.07528193
15177,0.018965613
15178,0.06378305
15179,0.0634102
15180,0.107413076
15181,0.15962206
15182,0.05279747
15183,0.024877936
15184,0.048294082
15185,0.16097406
15186,0.04087258
15187,0.08288323
15188,0.020770704
15189,0.015347708
15190,0.034937266
15191,0.019961813
15192,0.020847542
15193,0.011535024
15194,0.029959017
15195,0.057921804
15196,0.04765757
15197,0.063597515
15198,0.21518502
15199,0.13101692
15200,0.26642403
15201,0.44496363
15202,0.42077765
15203,0.24384873
15204,0.08628215
15205,0.040831298
15206,0.0202537
15207,0.04435922
15208,0.08882402
15209,0.015007308
15210,0.028868118
15211,0.6009931
15212,0.042238604
15213,0.017410303
15214,0.076523945
15215,0.04439488
15216,0.08416546
15217,0.03358479
15218,0.041403756
15219,0.016612684
15220,0.04087063
15221,0.014162587
15222,0.015190717
15223,0.024872625
15224,0.06334691
15225,0.08327976
15226,0.37734166
15227,0.32423696
15228,0.16080286
15229,0.7344296
15230,0.341458
15231,0.37196544
15232,0.18064487
15233,0.035101563
15234,0.029583652
15235,0.029425118
15236,0.04062237
15237,0.038588837
15238,0.029903688
15239,0.0539074
15240,0.36899278
15241,0.07659845
15242,0.30779815
15243,0.02611238
15244,0.08636368
15245,0.09545272
15246,0.10903564
15247,0.13076015
15248,0.03937714
15249,0.026668748
15250,0.03630863
15251,0.116516925
15252,0.5673006
15253,0.30109155
15254,0.38178858
15255,0.3153696
15256,0.2361249
15257,0.22012459
15258,0.06643077
15259,0.036192924
15260,0.021906637
15261,0.03162619
15262,0.10056802
15263,0.10567943
15264,0.06829768
15265,0.1712813
15266,0.060167007
15267,0.010742215
15268,0.23132317
15269,0.036348764
15270,0.009908308
15271,0.010832799
15272,0.085688844
15273,0.18387467
15274,0.026398677
15275,0.0031707578
15276,0.17937137
15277,0.21508226
15278,0.059044186
15279,0.07893345
15280,0.02694968
15281,0.07438911
15282,0.06256912
15283,0.03105667
15284,0.09808869
15285,0.08594256
15286,0.03676407
15287,0.009769742
15288,0.15857768
15289,0.012103448
15290,0.07969554
15291,0.0291732
15292,0.0954405
15293,0.030285068
15294,0.03881116
15295,0.03480945
15296,0.1555836
15297,0.33739936
15298,0.39885584
15299,0.094042756
15300,0.019110413
15301,0.018654004
15302,0.024389338
15303,0.04593764
15304,0.014932791
15305,0.055220094
15306,0.112711996
15307,0.014164997
15308,0.025347965
15309,0.014804833
15310,0.026940046
15311,0.018654004
15312,0.011691012
15313,0.062054057
15314,0.071253724
15315,0.33100212
15316,0.013973019
15317,0.016604288
15318,0.028933913
15319,0.058248952
15320,0.07671951
15321,0.33779612
15322,0.09205309
15323,0.012966322
15324,0.009857329
15325,0.11240086
15326,0.03265489
15327,0.06069764
15328,0.10346476
15329,0.044538043
15330,0.0115084145
15331,0.011775672
15332,0.019616872
15333,0.009942529
15334,0.23229519
15335,0.014673853
15336,0.022606056
15337,0.10480521
15338,0.051757183
15339,0.03459553
15340,0.016760351
15341,0.024025943
15342,0.05013922
15343,0.3302039
15344,0.027084643
15345,0.018710034
15346,0.024724443
15347,0.035495542
15348,0.050430045
15349,0.21743642
15350,0.051908318
15351,0.13683526
15352,0.07967878
15353,0.026503311
15354,0.04085569
15355,0.043650363
15356,0.025060944
15357,0.17141898
15358,0.019755736
15359,0.01700812
15360,0.13301042
15361,0.016602712
15362,0.06563657
15363,0.042945966
15364,0.011103989
15365,0.33553252
15366,0.4490674
15367,0.18309878
15368,0.0772012
15369,0.013504048
15370,0.06916733
15371,0.042576835
15372,0.03934929
15373,0.10024214
15374,0.065121815
15375,0.08253104
15376,0.9288342
15377,0.019111471
15378,0.063405335
15379,0.01516224
15380,0.06492168
15381,0.06421177
15382,0.017139902
15383,0.032388005
15384,0.118600085
15385,0.31004843
15386,0.06059639
15387,0.11813778
15388,0.022786396
15389,0.021992423
15390,0.06451687
15391,0.025099203
15392,0.021865033
15393,0.0018625407
15394,0.045632605
15395,0.0521185
15396,0.022494672
15397,0.047803853
15398,0.012769461
15399,0.14940087
15400,0.03766242
15401,0.014658169
15402,0.030335236
15403,0.06826496
15404,0.08927162
15405,0.020940471
15406,0.022063248
15407,0.04289346
15408,0.5433948
15409,0.05401138
15410,0.081138566
15411,0.04467164
15412,0.030826917
15413,0.039022304
15414,0.041206665
15415,0.012762022
15416,0.015884552
15417,0.32824293
15418,0.022839276
15419,0.006251039
15420,0.009965296
15421,0.041239098
15422,0.0816432
15423,0.020257076
15424,0.09212372
15425,0.03661767
15426,0.02180927
15427,0.041907307
15428,0.30920044
15429,0.024052406
15430,0.019913375
15431,0.0047674896
15432,0.020370588
15433,0.038673393
15434,0.029171707
15435,0.12329724
15436,0.051458295
15437,0.015371415
15438,0.014447792
15439,0.05391344
15440,0.11182075
15441,0.07705108
15442,0.061497446
15443,0.052507866
15444,0.022937126
15445,0.04641967
15446,0.083755836
15447,0.22792915
15448,0.10363511
15449,0.006423507
15450,0.0110189095
15451,0.029171728
15452,0.0137877315
15453,0.012130881
15454,0.016082969
15455,0.011069179
15456,0.019635275
15457,0.0081610475
15458,0.014964647
15459,0.015179629
15460,0.009302917
15461,0.021785194
15462,0.045383908
15463,0.044053826
15464,0.08873799
15465,0.008738693
15466,0.104915306
15467,0.008937287
15468,0.32553247
15469,0.019227333
15470,0.022455081
15471,0.009767907
15472,0.017122041
15473,0.018665576
15474,0.014375451
15475,0.02700199
15476,0.012269872
15477,0.014508126
15478,0.050606105
15479,0.02464428
15480,0.038972516
15481,0.040780835
15482,0.014301994
15483,0.008990405
15484,0.008744306
15485,0.08163573
15486,0.022707695
15487,0.041477516
15488,0.0040765847
15489,0.011016275
15490,0.029959017
15491,0.011736807
15492,0.06842592
15493,0.013434396
15494,0.011016275
15495,0.23103897
15496,0.048988257
15497,0.05187666
15498,0.053588815
15499,0.06694266
15500,0.021255475
15501,0.009841052
15502,0.06540938
15503,0.014857745
15504,0.082865946
15505,0.007924147
15506,0.106283255
15507,0.016652238
15508,0.028629774
15509,0.029233672
15510,0.02645989
15511,0.006529119
15512,0.011033909
15513,0.011185823
15514,0.009784184
15515,0.029211538
15516,0.0097166905
15517,0.010984282
15518,0.06455989
15519,0.050520457
15520,0.031899095
15521,0.15406442
15522,0.01868272
15523,0.021793075
15524,0.015028118
15525,0.043012753
15526,0.019551525
15527,0.01254424
15528,0.02257801
15529,0.016134385
15530,0.030205064
15531,0.011295853
15532,0.027896414
15533,0.13064845
15534,0.1826148
15535,0.07750442
15536,0.019950334
15537,0.03171871
15538,0.04701397
15539,0.051601097
15540,0.03289119
15541,0.04434533
15542,0.042796344
15543,0.08588478
15544,0.046306632
15545,0.024226546
15546,0.12585792
15547,0.044114094
15548,0.09364665
15549,0.04548226
15550,0.29687798
15551,0.30062592
15552,0.04751301
15553,0.26953053
15554,0.06526236
15555,0.35409057
15556,0.066542976
15557,0.13802257
15558,0.053896505
15559,0.019770445
15560,0.08732222
15561,0.014207148
15562,0.03604116
15563,0.23859966
15564,0.029249368
15565,0.5202863
15566,0.13275619
15567,0.040811572
15568,0.22892667
15569,0.056463312
15570,0.024608625
15571,0.021900725
15572,0.042198464
15573,0.03154864
15574,0.01776343
15575,0.014508126
15576,0.14326014
15577,0.41412655
15578,0.38969374
15579,0.045646325
15580,0.10353468
15581,0.12558074
15582,0.020083297
15583,0.050824877
15584,0.0405401
15585,0.06066899
15586,0.08650352
15587,0.38941184
15588,0.112563804
15589,0.12967157
15590,0.38097626
15591,0.10796059
15592,0.021567438
15593,0.38462478
15594,0.017695965
15595,0.049101595
15596,0.28577992
15597,0.046545982
15598,0.044186264
15599,0.030456029
15600,0.061820947
15601,0.08710546
15602,0.086288944
15603,0.08849816
15604,0.030205114
15605,0.063823774
15606,0.36006775
15607,0.04172418
15608,0.029805899
15609,0.04797116
15610,0.05278155
15611,0.06780597
15612,0.029294353
15613,0.036639683
15614,0.0065189796
15615,0.03878969
15616,0.088320285
15617,0.026025658
15618,0.049169138
15619,0.15931149
15620,0.05447
15621,0.2608191
15622,0.020029405
15623,0.0485002
15624,0.037030652
15625,0.021990674
15626,0.014762192
15627,0.38666564
15628,0.0966814
15629,0.06969423
15630,0.28767952
15631,0.39006555
15632,0.065946154
15633,0.047465496
15634,0.019242974
15635,0.021758394
15636,0.016157834
15637,0.006571476
15638,0.035043865
15639,0.009942529
15640,0.060962997
15641,0.063584976
15642,0.08939087
15643,0.24950416
15644,0.3724967
15645,0.0063352967
15646,0.016882306
15647,0.051550403
15648,0.041060396
15649,0.008948047
15650,0.021489864
15651,0.031671584
15652,0.22754313
15653,0.019409059
15654,0.040600855
15655,0.011177655
15656,0.058660667
15657,0.23685911
15658,0.39507914
15659,0.053246588
15660,0.08123393
15661,0.019692605
15662,0.020668902
15663,0.036859382
15664,0.0510235
15665,0.009908234
15666,0.024905303
15667,0.011826046
15668,0.09411528
15669,0.12600905
15670,0.08302023
15671,0.08493929
15672,0.053038105
15673,0.03213307
15674,0.028952898
15675,0.027124984
15676,0.03305751
15677,0.08291716
15678,0.050768785
15679,0.075762644
15680,0.014744403
15681,0.031088619
15682,0.024881104
15683,0.018758778
15684,0.014753279
15685,0.02204549
15686,0.03780278
15687,0.02165575
15688,0.058510922
15689,0.24327661
15690,0.23048362
15691,0.0410125
15692,0.035947524
15693,0.03401729
15694,0.08295484
15695,0.061082173
15696,0.015063759
15697,0.049447767
15698,0.0128541365
15699,0.02808945
15700,0.14189757
15701,0.022789417
15702,0.021895822
15703,0.028679315
15704,0.08177294
15705,0.05290665
15706,0.15498914
15707,0.18003152
15708,0.09718803
15709,0.05255966
15710,0.035715308
15711,0.018749839
15712,0.04830672
15713,0.04167957
15714,0.010567739
15715,0.15611024
15716,0.041534502
15717,0.38119954
15718,0.090202495
15719,0.09492187
15720,0.045762204
15721,0.04433555
15722,0.019521715
15723,0.051796544
15724,0.01992308
15725,0.018803025
15726,0.019373694
15727,0.06330853
15728,0.04063548
15729,0.06390851
15730,0.05112326
15731,0.08187945
15732,0.15046988
15733,0.33192882
15734,0.05221361
15735,0.022147104
15736,0.06453786
15737,0.015803363
15738,0.03519855
15739,0.022577312
15740,0.067846216
15741,0.04691415
15742,0.098366976
15743,0.037883416
15744,0.08289575
15745,0.036076497
15746,0.051158115
15747,0.031412195
15748,0.0180825
15749,0.10877912
15750,0.010120947
15751,0.028963527
15752,0.059330996
15753,0.029476652
15754,0.009870261
15755,0.021764409
15756,0.03043321
15757,0.053531162
15758,0.060933482
15759,0.09566099
15760,0.07527967
15761,0.29907876
15762,0.10076411
15763,0.108096495
15764,0.0120306825
15765,0.0690342
15766,0.011564271
15767,0.04604642
15768,0.037451778
15769,0.06920283
15770,0.029688895
15771,0.021011356
15772,0.04427088
15773,0.035667554
15774,0.04470246
15775,0.06711732
15776,0.028997948
15777,0.047661785
15778,0.029018413
15779,0.060543716
15780,0.014062837
15781,0.032383654
15782,0.08576668
15783,0.050482195
15784,0.104835734
15785,0.3986624
15786,0.07837919
15787,0.08747912
15788,0.051045954
15789,0.061495002
15790,0.05835159
15791,0.068078734
15792,0.046882004
15793,0.009915164
15794,0.019758694
15795,0.30723825
15796,0.055586588
15797,0.064621046
15798,0.051576976
15799,0.06372983
15800,0.024251008
15801,0.019979192
15802,0.020658232
15803,0.033773445
15804,0.18837285
15805,0.054687157
15806,0.0399755
15807,0.08435211
15808,0.49228227
15809,0.06775769
15810,0.014691493
15811,0.28175893
15812,0.050997708
15813,0.22327276
15814,0.18478888
15815,0.05459884
15816,0.04149934
15817,0.043230772
15818,0.08198541
15819,0.12263707
15820,0.036246423
15821,0.13486479
15822,0.06988012
15823,0.06169627
15824,0.015456972
15825,0.011055942
15826,0.01467655
15827,0.02059684
15828,0.046146568
15829,0.053657986
15830,0.015066953
15831,0.09295759
15832,0.116376214
15833,0.11791847
15834,0.06584547
15835,0.029233875
15836,0.087200694
15837,0.13398448
15838,0.22481239
15839,0.047506377
15840,0.044442836
15841,0.021187186
15842,0.08010065
15843,0.37527817
15844,0.03433283
15845,0.13527614
15846,0.3339247
15847,0.13204819
15848,0.01284959
15849,0.045957543
15850,0.21385156
15851,0.21713376
15852,0.009920777
15853,0.061465986
15854,0.06641467
15855,0.21815318
15856,0.11497267
15857,0.102879606
15858,0.16244224
15859,0.31087065
15860,0.06696722
15861,0.042681582
15862,0.078835785
15863,0.047095764
15864,0.23470874
15865,0.63594973
15866,0.0057650646
15867,0.03905318
15868,0.32723874
15869,0.041738488
15870,0.22837101
15871,0.015123375
15872,0.012508596
15873,0.043671016
15874,0.06271573
15875,0.016164709
15876,0.037343636
15877,0.0061835446
15878,0.3372343
15879,0.035287544
15880,0.06275713
15881,0.15752104
15882,0.112123765
15883,0.17109296
15884,0.3258743
15885,0.30855197
15886,0.025435688
15887,0.2241391
15888,0.11823675
15889,0.096679196
15890,0.661812
15891,0.35847118
15892,0.25825655
15893,0.021723175
15894,0.18156883
15895,0.051252455
15896,0.019762438
15897,0.011002735
15898,0.045642186
15899,0.01097741
15900,0.030667279
15901,0.047847316
15902,0.07558843
15903,0.06961013
15904,0.08115732
15905,0.069193184
15906,0.1552048
15907,0.08599811
15908,0.026458602
15909,0.08423534
15910,0.29139474
15911,0.019022578
15912,0.046469785
15913,0.67207634
15914,0.7159495
15915,0.39531437
15916,0.022027537
15917,0.017056106
15918,0.07045713
15919,0.35608408
15920,0.066438116
15921,0.053274956
15922,0.047097825
15923,0.055283617
15924,0.04118408
15925,0.011605181
15926,0.30751064
15927,0.017286593
15928,0.026347674
15929,0.07964346
15930,0.0807987
15931,0.043777645
15932,0.040833738
15933,0.297862
15934,0.25755465
15935,0.02246087
15936,0.096966565
15937,0.08318556
15938,0.081362866
15939,0.68509793
15940,0.6684295
15941,0.39082447
15942,0.015181986
15943,0.049948674
15944,0.022031642
15945,0.32651436
15946,0.07533206
15947,0.30543396
15948,0.036236964
15949,0.07601404
15950,0.019319518
15951,0.07555533
15952,0.08279996
15953,0.11779228
15954,0.13833772
15955,0.3682384
15956,0.33431286
15957,0.16636501
15958,0.10388617
15959,0.066337675
15960,0.050857667
15961,0.086794995
15962,0.036028463
15963,0.029403172
15964,0.020866534
15965,0.11081382
15966,0.115815945
15967,0.053605467
15968,0.08811476
15969,0.022576688
15970,0.656041
15971,0.98633087
15972,0.68427896
15973,0.096963026
15974,0.042827085
15975,0.156772
15976,0.3485852
15977,0.024050836
15978,0.016934775
15979,0.01613008
15980,0.029285815
15981,0.07644149
15982,0.04158327
15983,0.31120744
15984,0.5576529
15985,0.0564689
15986,0.07905763
15987,0.06849547
15988,0.12241262
15989,0.05927687
15990,0.29128245
15991,0.13016735
15992,0.030375596
15993,0.0784766
15994,0.08231748
15995,0.08352545
15996,0.042284265
15997,0.358211
15998,0.20576711
15999,0.12081395
16000,0.061311536
16001,0.024345573
16002,0.08588967
16003,0.08818149
16004,0.23128305
16005,0.028432239
16006,0.03622092
16007,0.038383592
16008,0.016065104
16009,0.019035177
16010,0.035514675
16011,0.038538504
16012,0.21285008
16013,0.421771
16014,0.23061407
16015,0.22779891
16016,0.0876418
16017,0.13650282
16018,0.19799653
16019,0.36510468
16020,0.050044153
16021,0.024602585
16022,0.03154161
16023,0.029163029
16024,0.117482156
16025,0.22981896
16026,0.112301804
16027,0.27388573
16028,0.23255453
16029,0.12130017
16030,0.94694394
16031,0.108499944
16032,0.018632906
16033,0.16764915
16034,0.21567088
16035,0.04605248
16036,0.20829234
16037,0.049688082
16038,0.031046078
16039,0.029812654
16040,0.039251085
16041,0.105617896
16042,0.30896497
16043,0.23729323
16044,0.3746674
16045,0.2393499
16046,0.11850113
16047,0.11391773
16048,0.23235744
16049,0.12220121
16050,0.0613408
16051,0.04375957
16052,0.3368423
16053,0.22706449
16054,0.047208108
16055,0.014287379
16056,0.38429335
16057,0.30158484
16058,0.066015735
16059,0.08536418
16060,0.06511915
16061,0.043428075
16062,0.011181491
16063,0.008038877
16064,0.014086603
16065,0.024770401
16066,0.047473658
16067,0.07222743
16068,0.067633845
16069,0.09154083
16070,0.34132656
16071,0.56461895
16072,0.32637528
16073,0.3154874
16074,0.37289083
16075,0.07515103
16076,0.018954247
16077,0.06173938
16078,0.062835336
16079,0.10315353
16080,0.22783647
16081,0.050752193
16082,0.024773177
16083,0.05279439
16084,0.10919371
16085,0.018718004
16086,0.039468095
16087,0.082168385
16088,0.015106896
16089,0.034373306
16090,0.01974284
16091,0.011354149
16092,0.029959017
16093,0.057515517
16094,0.047483493
16095,0.06356641
16096,0.21303652
16097,0.13129419
16098,0.27495655
16099,0.43094045
16100,0.40649393
16101,0.3299576
16102,0.085875325
16103,0.04024832
16104,0.020234726
16105,0.04249115
16106,0.08927162
16107,0.5305475
16108,0.041373454
16109,0.017158624
16110,0.05074873
16111,0.043869786
16112,0.08259614
16113,0.033046063
16114,0.04145327
16115,0.016285889
16116,0.04039803
16117,0.013778318
16118,0.014382116
16119,0.024436004
16120,0.06805537
16121,0.08244569
16122,0.369804
16123,0.32730916
16124,0.1639155
16125,0.7424232
16126,0.33368126
16127,0.36574697
16128,0.18996638
16129,0.03457719
16130,0.028323736
16131,0.03120027
16132,0.040580176
16133,0.038426798
16134,0.05431456
16135,0.36710188
16136,0.10377148
16137,0.3044007
16138,0.026305145
16139,0.08443254
16140,0.09297921
16141,0.10942544
16142,0.13003133
16143,0.038852047
16144,0.026176788
16145,0.03609084
16146,0.11524144
16147,0.5501146
16148,0.29506215
16149,0.38335276
16150,0.22456558
16151,0.33350223
16152,0.20986049
16153,0.067605026
16154,0.03566783
16155,0.012559046
16156,0.02169992
16157,0.0118886195
16158,0.031432938
16159,0.027052442
16160,0.0994979
16161,0.10484441
16162,0.066175774
16163,0.17013542
16164,0.06101875
16165,0.01078316
16166,0.30385682
16167,0.036125097
16168,0.0098172035
16169,0.010647943
16170,0.08533193
16171,0.18464474
16172,0.026177641
16173,0.0032096794
16174,0.2683644
16175,0.13503957
16176,0.057720043
16177,0.08274878
16178,0.026659137
16179,0.07699687
16180,0.06256496
16181,0.031959955
16182,0.09463261
16183,0.077950224
16184,0.037030876
16185,0.021624377
16186,0.009716677
16187,0.15468933
16188,0.012238018
16189,0.011446264
16190,0.07780058
16191,0.035747822
16192,0.028665228
16193,0.09480929
16194,0.029530175
16195,0.038936228
16196,0.007986191
16197,0.03409384
16198,0.15625331
16199,0.33914426
16200,0.381307
16201,0.09332919
16202,0.023802884
16203,0.04594308
16204,0.014510513
16205,0.05386555
16206,0.11525845
16207,0.013667032
16208,0.024417883
16209,0.014814255
16210,0.026183339
16211,0.018589713
16212,0.011433308
16213,0.0222799
16214,0.06204989
16215,0.07269218
16216,0.32321784
16217,0.014147912
16218,0.016475698
16219,0.028545652
16220,0.060031824
16221,0.075375244
16222,0.33585152
16223,0.09262972
16224,0.012141397
16225,0.11257089
16226,0.032917384
16227,0.015368634
16228,0.060221355
16229,0.099514395
16230,0.04422599
16231,0.01146798
16232,0.019239116
16233,0.1803577
16234,0.014486447
16235,0.022434177
16236,0.10305783
16237,0.05261994
16238,0.034437448
16239,0.016676253
16240,0.02381659
16241,0.050149124
16242,0.33839348
16243,0.0267941
16244,0.018458355
16245,0.0244339
16246,0.036150705
16247,0.0494629
16248,0.14053863
16249,0.051572166
16250,0.21717277
16251,0.0789099
16252,0.0265579
16253,0.014772339
16254,0.041058604
16255,0.042508055
16256,0.02480503
16257,0.23533113
16258,0.13236508
16259,0.016770046
16260,0.065621465
16261,0.04299923
16262,0.010732603
16263,0.32912955
16264,0.4482522
16265,0.09123003
16266,0.07564817
16267,0.013230654
16268,0.06931444
16269,0.042308327
16270,0.072448656
16271,0.0652552
16272,0.083397456
16273,0.91805726
16274,0.018849302
16275,0.06297964
16276,0.015072328
16277,0.065309286
16278,0.061330777
16279,0.033846293
16280,0.11673414
16281,0.30924153
16282,0.060383752
16283,0.11871731
16284,0.022286145
16285,0.061081436
16286,0.06452053
16287,0.025144003
16288,0.02169992
16289,0.0017176413
16290,0.045456477
16291,0.052404825
16292,0.022204129
16293,0.018846756
16294,0.047584478
16295,0.012809538
16296,0.017655704
16297,0.14958692
16298,0.03138622
16299,0.03634914
16300,0.014292733
16301,0.029091049
16302,0.066883825
16303,0.08759069
16304,0.045855384
16305,0.53795093
16306,0.05503076
16307,0.085020706
16308,0.03383086
16309,0.039929792
16310,0.040785376
16311,0.012765797
16312,0.3310717
16313,0.022009306
16314,0.015914723
16315,0.009943405
16316,0.040948555
16317,0.083347425
16318,0.01976733
16319,0.086774126
16320,0.036635734
16321,0.04096373
16322,0.30848706
16323,0.023802787
16324,0.019622143
16325,0.008448149
16326,0.020617764
16327,0.012124193
16328,0.03950881
16329,0.008120231
16330,0.028041894
16331,0.1266496
16332,0.050884027
16333,0.015095183
16334,0.015177698
16335,0.053909283
16336,0.15325421
16337,0.07742412
16338,0.06164125
16339,0.05269188
16340,0.022020528
16341,0.045606785
16342,0.08210608
16343,0.23081954
16344,0.15368533
16345,0.006465699
16346,0.010693738
16347,0.013801848
16348,0.011626792
16349,0.015541733
16350,0.010756321
16351,0.019109845
16352,0.007922919
16353,0.014985916
16354,0.015200441
16355,0.009157781
16356,0.021275755
16357,0.045762792
16358,0.043695867
16359,0.0819766
16360,0.005568198
16361,0.104927026
16362,0.008901244
16363,0.2344623
16364,0.00963589
16365,0.0097106965
16366,0.009528268
16367,0.022166092
16368,0.011881636
16369,0.009538119
16370,0.01676005
16371,0.018266454
16372,0.014543864
16373,0.008700701
16374,0.049886275
16375,0.02456349
16376,0.039066102
16377,0.041023526
16378,0.014059483
16379,0.00910043
16380,0.01221994
16381,0.008472017
16382,0.083722994
16383,0.022570118
16384,0.04065374
16385,0.010749911
16386,0.028715732
16387,0.06774365
16388,0.010939093
16389,0.1716664
16390,0.049732737
16391,0.0521626
16392,0.055377416
16393,0.015458789
16394,0.06378554
16395,0.021284409
16396,0.009539603
16397,0.066591635
16398,0.014567201
16399,0.08149851
16400,0.0076778415
16401,0.1069666
16402,0.016222887
16403,0.028286735
16404,0.028977757
16405,0.024062632
16406,0.0061753187
16407,0.010697613
16408,0.011050524
16409,0.009691107
16410,0.029301569
16411,0.009493641
16412,0.06564066
16413,0.052521493
16414,0.0065007517
16415,0.15377387
16416,0.018478543
16417,0.021121074
16418,0.010893468
16419,0.015225443
16420,0.043135982
16421,0.019108396
16422,0.012467241
16423,0.022235958
16424,0.015865555
16425,0.031593453
16426,0.009871351
16427,0.13184671
16428,0.11640139
16429,0.07631116
16430,0.019434454
16431,0.031321954
16432,0.04843102
16433,0.048955888
16434,0.052141264
16435,0.03497577
16436,0.034866974
16437,0.044254858
16438,0.079050064
16439,0.04597873
16440,0.03489528
16441,0.12340152
16442,0.045943856
16443,0.06849586
16444,0.045112718
16445,0.13437913
16446,0.18592937
16447,0.020285038
16448,0.044174057
16449,0.25979567
16450,0.063190944
16451,0.2479477
16452,0.06899151
16453,0.24836837
16454,0.054436672
16455,0.019620465
16456,0.086500645
16457,0.014192243
16458,0.034992494
16459,0.0141617535
16460,0.12827446
16461,0.028107433
16462,0.48781785
16463,0.2338549
16464,0.1259534
16465,0.040588103
16466,0.030799393
16467,0.014074694
16468,0.038186427
16469,0.09180957
16470,0.14501844
16471,0.30672446
16472,0.39375085
16473,0.023919541
16474,0.11171848
16475,0.12526442
16476,0.020776872
16477,0.05006103
16478,0.039657764
16479,0.059700653
16480,0.013361634
16481,0.084581114
16482,0.387059
16483,0.109873466
16484,0.13110459
16485,0.4162417
16486,0.106064565
16487,0.021658855
16488,0.3915801
16489,0.052079182
16490,0.29349276
16491,0.04662442
16492,0.041519564
16493,0.030165486
16494,0.06192207
16495,0.08029974
16496,0.091303274
16497,0.087219596
16498,0.02877239
16499,0.03477229
16500,0.06685753
16501,0.37443116
16502,0.041433636
16503,0.028721038
16504,0.049885795
16505,0.053063404
16506,0.06780668
16507,0.029003814
16508,0.0662455
16509,0.048290763
16510,0.25066027
16511,0.2613967
16512,0.0470789
16513,0.03610853
16514,0.021840408
16515,0.014701195
16516,0.38858926
16517,0.0990528
16518,0.069683656
16519,0.28544158
16520,0.38788775
16521,0.06514536
16522,0.046019915
16523,0.018319963
16524,0.02186137
16525,0.016178677
16526,0.035337146
16527,0.01134523
16528,0.004485145
16529,0.011877752
16530,0.06730709
16531,0.06372402
16532,0.254809
16533,0.37238327
16534,0.017279608
16535,0.05038974
16536,0.041739695
16537,0.0086284885
16538,0.032644
16539,0.2243138
16540,0.019132148
16541,0.040179566
16542,0.010824718
16543,0.061530717
16544,0.024064861
16545,0.3142327
16546,0.39381573
16547,0.080843166
16548,0.02080461
16549,0.037120495
16550,0.051573798
16551,0.019210512
16552,0.02626304
16553,0.09394779
16554,0.13054322
16555,0.086012185
16556,0.086378284
16557,0.05331627
16558,0.030799393
16559,0.02804223
16560,0.02800528
16561,0.030662958
16562,0.08076973
16563,0.049040973
16564,0.1029073
16565,0.014313594
16566,0.030992346
16567,0.024990402
16568,0.018282363
16569,0.014652045
16570,0.021594271
16571,0.03928293
16572,0.020499213
16573,0.02169992
16574,0.057577074
16575,0.19217093
16576,0.23767103
16577,0.040841755
16578,0.03738548
16579,0.03278093
16580,0.08281448
16581,0.0625014
16582,0.015302939
16583,0.04905333
16584,0.026359605
16585,0.13800527
16586,0.022164157
16587,0.022815945
16588,0.029495355
16589,0.08009867
16590,0.053046323
16591,0.15921742
16592,0.18144111
16593,0.16307627
16594,0.052827828
16595,0.03518369
16596,0.018634021
16597,0.047515187
16598,0.042379558
16599,0.10653728
16600,0.041113213
16601,0.37849772
16602,0.088879466
16603,0.021197071
16604,0.09176692
16605,0.04533985
16606,0.044399068
16607,0.019688342
16608,0.010090587
16609,0.012487657
16610,0.05235547
16611,0.025467288
16612,0.01893031
16613,0.01965133
16614,0.06596878
16615,0.041167516
16616,0.063935645
16617,0.051443104
16618,0.07972175
16619,0.15582305
16620,0.33559427
16621,0.053174775
16622,0.022175197
16623,0.06631472
16624,0.016236817
16625,0.036634266
16626,0.022736898
16627,0.008869446
16628,0.067811064
16629,0.047793854
16630,0.1003374
16631,0.03888777
16632,0.08480884
16633,0.03653813
16634,0.05148084
16635,0.03157934
16636,0.10855289
16637,0.010174071
16638,0.028959189
16639,0.05992363
16640,0.029204102
16641,0.013485279
16642,0.02154483
16643,0.032006618
16644,0.05968187
16645,0.06119287
16646,0.09627639
16647,0.077861555
16648,0.2158282
16649,0.09714393
16650,0.10779633
16651,0.012382688
16652,0.06953014
16653,0.0476805
16654,0.009994748
16655,0.039189316
16656,0.07014797
16657,0.029670622
16658,0.020780984
16659,0.04452106
16660,0.035397988
16661,0.046384748
16662,0.06999328
16663,0.029498104
16664,0.0478873
16665,0.021956727
16666,0.02918128
16667,0.06159703
16668,0.014154826
16669,0.031190587
16670,0.08818007
16671,0.05116923
16672,0.10559448
16673,0.39478263
16674,0.08034476
16675,0.083122276
16676,0.051773563
16677,0.06222102
16678,0.05905934
16679,0.0685064
16680,0.047194254
16681,0.019675601
16682,0.23394294
16683,0.05594394
16684,0.06469646
16685,0.054022327
16686,0.06600408
16687,0.019071985
16688,0.024591481
16689,0.02005823
16690,0.020785522
16691,0.034710564
16692,0.19312276
16693,0.054626837
16694,0.04116499
16695,0.08550389
16696,0.5053831
16697,0.07075669
16698,0.014403651
16699,0.13232523
16700,0.051087033
16701,0.22415842
16702,0.18256126
16703,0.056002427
16704,0.019912185
16705,0.042288553
16706,0.04399558
16707,0.08581691
16708,0.21384768
16709,0.03742687
16710,0.21544866
16711,0.07111787
16712,0.061659504
16713,0.011060502
16714,0.014963678
16715,0.020615613
16716,0.04650989
16717,0.053489614
16718,0.015052489
16719,0.09351479
16720,0.122207455
16721,0.2051647
16722,0.066292025
16723,0.029363083
16724,0.08538187
16725,0.13251522
16726,0.29306883
16727,0.047817074
16728,0.0440401
16729,0.02138948
16730,0.054490447
16731,0.38630077
16732,0.034112204
16733,0.13655575
16734,0.3408268
16735,0.13837261
16736,0.012905306
16737,0.019740438
16738,0.010056957
16739,0.035507254
16740,0.046904244
16741,0.21850073
16742,0.22253405
16743,0.009925229
16744,0.0617613
16745,0.0659031
16746,0.22667427
16747,0.115061045
16748,0.10354288
16749,0.22612177
16750,0.3025019
16751,0.06585199
16752,0.04340609
16753,0.07962172
16754,0.04710191
16755,0.18025784
16756,0.6807611
16757,0.0056194663
16758,0.03950994
16759,0.32341513
16760,0.04209584
16761,0.22996587
16762,0.044524934
16763,0.063811645
16764,0.016340477
16765,0.03770099
16766,0.006194776
16767,0.33900332
16768,0.03560603
16769,0.06283
16770,0.15388222
16771,0.11387658
16772,0.17376347
16773,0.32687706
16774,0.3142684
16775,0.02508093
16776,0.22357386
16777,0.080096245
16778,0.16761674
16779,0.7088175
16780,0.26472864
16781,0.25917652
16782,0.022152472
16783,0.18995944
16784,0.05297471
16785,0.024471786
16786,0.011447731
16787,0.048163082
16788,0.007371988
16789,0.010723943
16790,0.030517252
16791,0.04771043
16792,0.0758526
16793,0.06995372
16794,0.082926996
16795,0.06968808
16796,0.15806355
16797,0.08315151
16798,0.08324883
16799,0.22209476
16800,0.019421816
16801,0.046753146
16802,0.6855454
16803,0.67518157
16804,0.39660653
16805,0.022147553
16806,0.016996436
16807,0.0711686
16808,0.37983143
16809,0.068816416
16810,0.01703949
16811,0.05352369
16812,0.008843769
16813,0.04738304
16814,0.05554713
16815,0.042026673
16816,0.011615749
16817,0.3159089
16818,0.017393034
16819,0.026746022
16820,0.082926996
16821,0.08345532
16822,0.0451908
16823,0.04192648
16824,0.15637073
16825,0.25287932
16826,0.02268131
16827,0.10235065
16828,0.08379989
16829,0.12719098
16830,0.7021984
16831,0.6961225
16832,0.40864006
16833,0.015331429
16834,0.053912703
16835,0.022159843
16836,0.33042863
16837,0.07641979
16838,0.22159334
16839,0.037351325
16840,0.076117046
16841,0.018941633
16842,0.07726148
16843,0.0847183
16844,0.12042437
16845,0.13909571
16846,0.37022534
16847,0.3317009
16848,0.16356333
16849,0.10399724
16850,0.06502346
16851,0.051483512
16852,0.14617902
16853,0.03713159
16854,0.029355971
16855,0.02148182
16856,0.112184145
16857,0.11598212
16858,0.05666282
16859,0.08714136
16860,0.022516586
16861,0.6941561
16862,1.0056009
16863,0.71048546
16864,0.094596416
16865,0.041509703
16866,0.15648256
16867,0.247924
16868,0.023999337
16869,0.016884392
16870,0.016452158
16871,0.029653687
16872,0.07575393
16873,0.04197525
16874,0.30904847
16875,0.621054
16876,0.057512537
16877,0.08059343
16878,0.06892519
16879,0.124325305
16880,0.059924766
16881,0.28625467
16882,0.12812583
16883,0.032006178
16884,0.07896769
16885,0.08424562
16886,0.084104486
16887,0.042075153
16888,0.021170165
16889,0.26717037
16890,0.24982215
16891,0.12333775
16892,0.06344779
16893,0.024799045
16894,0.0785071
16895,0.06042564
16896,0.23369893
16897,0.026488418
16898,0.03628446
16899,0.0388657
16900,0.016157426
16901,0.018945973
16902,0.035746414
16903,0.038046207
16904,0.3031865
16905,0.43698555
16906,0.23845878
16907,0.23147961
16908,0.08878387
16909,0.13890302
16910,0.20338309
16911,0.3771062
16912,0.049517136
16913,0.032180723
16914,0.029501557
16915,0.11701295
16916,0.2311946
16917,0.11519873
16918,0.2722059
16919,0.23514768
16920,0.22445677
16921,0.96452504
16922,0.15450032
16923,0.01901611
16924,0.0966763
16925,0.21882866
16926,0.019917632
16927,0.047335174
16928,0.19437778
16929,0.05097345
16930,0.031620953
16931,0.031504232
16932,0.039951477
16933,0.09436666
16934,0.31703922
16935,0.2420404
16936,0.3612804
16937,0.23779991
16938,0.11966557
16939,0.114041075
16940,0.30949545
16941,0.022409137
16942,0.12231211
16943,0.06339382
16944,0.044364233
16945,0.35149252
16946,0.22882253
16947,0.04800375
16948,0.0145030115
16949,0.40022826
16950,0.30768406
16951,0.06573979
16952,0.07911171
16953,0.06576704
16954,0.045064203
16955,0.011153035
16956,0.025001656
16957,0.047951642
16958,0.07300564
16959,0.06673005
16960,0.09712375
16961,0.3422945
16962,0.5562279
16963,0.33451566
16964,0.3107284
16965,0.38053718
16966,0.07600366
16967,0.06442677
16968,0.062497497
16969,0.15686227
16970,0.16253744
16971,0.05330746
16972,0.024811639
16973,0.052965704
16974,0.11316985
16975,0.019302592
16976,0.040999483
16977,0.0839817
16978,0.020708688
16979,0.033834606
16980,0.019911427
16981,0.011515587
16982,0.028388152
16983,0.05822141
16984,0.047341466
16985,0.06378743
16986,0.22163795
16987,0.22208074
16988,0.27184677
16989,0.4572875
16990,0.41766933
16991,0.24054052
16992,0.08784928
16993,0.039991602
16994,0.020536738
16995,0.044538833
16996,0.08537038
16997,0.015099053
16998,0.009247504
16999,0.029463124
17000,0.59584206
17001,0.042361673
17002,0.01768558
17003,0.04809618
17004,0.044572722
17005,0.08424562
17006,0.034340017
17007,0.042048667
17008,0.016758418
17009,0.040521692
17010,0.014333441
17011,0.014692348
17012,0.024134796
17013,0.0689451
17014,0.08204682
17015,0.37937889
17016,0.33406928
17017,0.16822919
17018,0.6837292
17019,0.34095898
17020,0.3589159
17021,0.18488431
17022,0.035597473
17023,0.029428657
17024,0.031283993
17025,0.04202299
17026,0.039074693
17027,0.030089011
17028,0.058690846
17029,0.3542192
17030,0.1035586
17031,0.3039372
17032,0.026491774
17033,0.08572452
17034,0.091412604
17035,0.10933484
17036,0.13240783
17037,0.039807502
17038,0.026057607
17039,0.008336131
17040,0.036605667
17041,0.11526354
17042,0.57580453
17043,0.30077004
17044,0.38643527
17045,0.21938679
17046,0.3255383
17047,0.124302305
17048,0.0691019
17049,0.036281098
17050,0.013033658
17051,0.021979393
17052,0.026447019
17053,0.10350485
17054,0.10764043
17055,0.06693084
17056,0.23472726
17057,0.06165222
17058,0.011164048
17059,0.30788878
17060,0.036972724
17061,0.009778522
17062,0.08379444
17063,0.19313529
17064,0.026438018
17065,0.0031813493
17066,0.27549514
17067,0.13996042
17068,0.059248075
17069,0.08090309
17070,0.026920367
17071,0.07646985
17072,0.06519527
17073,0.03255744
17074,0.095865026
17075,0.08871356
17076,0.035744946
17077,0.009783097
17078,0.15616934
17079,0.012159164
17080,0.08087982
17081,0.028065676
17082,0.09678173
17083,0.029864144
17084,0.038899332
17085,0.008272976
17086,0.035476934
17087,0.1572189
17088,0.3348554
17089,0.3898577
17090,0.09237251
17091,0.024747204
17092,0.045642562
17093,0.014817908
17094,0.05423796
17095,0.11331346
17096,0.014109705
17097,0.0274135
17098,0.014885376
17099,0.026928201
17100,0.01177268
17101,0.021382662
17102,0.06248794
17103,0.07168935
17104,0.3280585
17105,0.014086478
17106,0.016962653
17107,0.029604707
17108,0.059459396
17109,0.07948119
17110,0.34729707
17111,0.09436188
17112,0.012527287
17113,0.11365518
17114,0.031110922
17115,0.060902346
17116,0.10329383
17117,0.044895396
17118,0.019302703
17119,0.18308273
17120,0.0117332805
17121,0.014754397
17122,0.02266487
17123,0.105398856
17124,0.053261865
17125,0.035400886
17126,0.016923256
17127,0.023939816
17128,0.050206352
17129,0.2497218
17130,0.027336946
17131,0.018311102
17132,0.024625476
17133,0.035852894
17134,0.050787397
17135,0.13752761
17136,0.05232868
17137,0.21865581
17138,0.07884076
17139,0.027131163
17140,0.014606498
17141,0.04217894
17142,0.042723343
17143,0.024828276
17144,0.23332927
17145,0.13268085
17146,0.017303696
17147,0.06719274
17148,0.04358116
17149,0.0113910325
17150,0.33483636
17151,0.4647647
17152,0.18296494
17153,0.07892288
17154,0.013306636
17155,0.07226758
17156,0.041917533
17157,0.06776862
17158,0.06576555
17159,0.084485225
17160,0.9276771
17161,0.019350242
17162,0.06293561
17163,0.06489568
17164,0.06420068
17165,0.017267192
17166,0.03136731
17167,0.119834945
17168,0.3675896
17169,0.06113478
17170,0.11911071
17171,0.022972412
17172,0.06236284
17173,0.022206835
17174,0.06540504
17175,0.025032906
17176,0.021891497
17177,0.0019439586
17178,0.046288885
17179,0.05305272
17180,0.022589251
17181,0.046971865
17182,0.0125954095
17183,0.016669093
17184,0.15382569
17185,0.0318915
17186,0.036992796
17187,0.014856773
17188,0.029228915
17189,0.067715965
17190,0.089329116
17191,0.021222442
17192,0.04696514
17193,0.59688985
17194,0.054434966
17195,0.082985595
17196,0.044388857
17197,0.030932551
17198,0.039379656
17199,0.042140484
17200,0.0128177395
17201,0.015984654
17202,0.25868338
17203,0.02268627
17204,0.0063067563
17205,0.0039284527
17206,0.008040621
17207,0.016263593
17208,0.010015399
17209,0.04159645
17210,0.08447166
17211,0.019781703
17212,0.010044695
17213,0.09184455
17214,0.03743373
17215,0.021761913
17216,0.04226709
17217,0.30930305
17218,0.02488238
17219,0.004573239
17220,0.020243626
17221,0.03943549
17222,0.008516116
17223,0.028388152
17224,0.12825005
17225,0.051319044
17226,0.01536655
17227,0.014853638
17228,0.05455718
17229,0.115647666
17230,0.078976415
17231,0.06210808
17232,0.053151604
17233,0.022749765
17234,0.04660755
17235,0.016776372
17236,0.083310805
17237,0.22711658
17238,0.09411274
17239,0.0065502077
17240,0.011045614
17241,0.02918128
17242,0.013978725
17243,0.012212548
17244,0.016044583
17245,0.010992913
17246,0.019388866
17247,0.015465115
17248,0.015227919
17249,0.009203154
17250,0.021956727
17251,0.04491106
17252,0.04391496
17253,0.08945697
17254,0.00594438
17255,0.10892728
17256,0.009086253
17257,0.16677079
17258,0.010099658
17259,0.022632403
17260,0.011881762
17261,0.009772407
17262,0.017140936
17263,0.018403763
17264,0.013911034
17265,0.02694424
17266,0.013078485
17267,0.009013866
17268,0.050070334
17269,0.024483064
17270,0.039240126
17271,0.041347764
17272,0.014536359
17273,0.012706253
17274,0.008794409
17275,0.083946496
17276,0.02240218
17277,0.04123445
17278,0.004203673
17279,0.010998044
17280,0.029200017
17281,0.06812435
17282,0.0032202138
17283,0.011090555
17284,0.17398813
17285,0.05038765
17286,0.054952215
17287,0.054903865
17288,0.014436946
17289,0.068157956
17290,0.021863373
17291,0.009842906
17292,0.004578688
17293,0.06711211
17294,0.084754914
17295,0.00788851
17296,0.11038952
17297,0.016636383
17298,0.022185016
17299,0.029335551
17300,0.024449443
17301,0.022419842
17302,0.011093043
17303,0.011205283
17304,0.009895331
17305,0.029835772
17306,0.010118269
17307,0.06521917
17308,0.052296396
17309,0.0041648084
17310,0.23041634
17311,0.018822236
17312,0.021955524
17313,0.014839623
17314,0.004072826
17315,0.015303395
17316,0.04362983
17317,0.019716859
17318,0.012430405
17319,0.022785805
17320,0.015901765
17321,0.031227708
17322,0.015728237
17323,0.026317256
17324,0.13608703
17325,0.117436506
17326,0.077015035
17327,0.02022956
17328,0.046249982
17329,0.020344459
17330,0.045150492
17331,0.07518229
17332,0.02838344
17333,0.044605155
17334,0.09046772
17335,0.04391603
17336,0.02454721
17337,0.120021574
17338,0.06814824
17339,0.046444286
17340,0.13289025
17341,0.3023726
17342,0.020040864
17343,0.044537008
17344,0.031367205
17345,0.25857103
17346,0.06377668
17347,0.24916019
17348,0.069620274
17349,0.13136336
17350,0.05547528
17351,0.018978165
17352,0.013632783
17353,0.014536684
17354,0.0112968385
17355,0.32579312
17356,0.029997418
17357,0.5268954
17358,0.23052591
17359,0.043351043
17360,0.23912798
17361,0.02471372
17362,0.04107032
17363,0.03354403
17364,0.016542044
17365,0.014093096
17366,0.0913827
17367,0.23650238
17368,0.40962392
17369,0.4077786
17370,0.10312255
17371,0.22157227
17372,0.050316032
17373,0.04052961
17374,0.06169456
17375,0.0132686375
17376,0.08072595
17377,0.03085741
17378,0.38984245
17379,0.11208137
17380,0.23258683
17381,0.40829968
17382,0.10391248
17383,0.021209316
17384,0.40215605
17385,0.05325242
17386,0.28416485
17387,0.046852376
17388,0.04588485
17389,0.032098345
17390,0.062092606
17391,0.025513276
17392,0.08169924
17393,0.09295521
17394,0.090131655
17395,0.029251542
17396,0.034875646
17397,0.06595531
17398,0.36572078
17399,0.043457963
17400,0.028743861
17401,0.04986908
17402,0.05405612
17403,0.06872531
17404,0.029042233
17405,0.036321145
17406,0.040015988
17407,0.08173107
17408,0.0249392
17409,0.05215085
17410,0.1517628
17411,0.25749522
17412,0.04272286
17413,0.036532313
17414,0.022119543
17415,0.015615797
17416,0.0136952065
17417,0.38318583
17418,0.097026125
17419,0.07043372
17420,0.38792607
17421,0.2824966
17422,0.0097797355
17423,0.0670901
17424,0.04609959
17425,0.018297367
17426,0.021858567
17427,0.016456014
17428,0.0063467966
17429,0.03465599
17430,0.004571929
17431,0.11912575
17432,0.06141682
17433,0.06455154
17434,0.08657754
17435,0.2484409
17436,0.37674725
17437,0.016741041
17438,0.045772333
17439,0.040911842
17440,0.008861545
17441,0.028392773
17442,0.021904197
17443,0.030700026
17444,0.22930202
17445,0.041209925
17446,0.01091099
17447,0.05560819
17448,0.040103905
17449,0.23599409
17450,0.40168196
17451,0.052356612
17452,0.080060765
17453,0.021188643
17454,0.037502963
17455,0.0520576
17456,0.018439466
17457,0.02489458
17458,0.0119714355
17459,0.09617555
17460,0.12845427
17461,0.08359978
17462,0.08794027
17463,0.054902915
17464,0.009661662
17465,0.03259632
17466,0.029736476
17467,0.026800938
17468,0.08463669
17469,0.04851806
17470,0.109551206
17471,0.014307477
17472,0.03268909
17473,0.025092334
17474,0.017556604
17475,0.014467832
17476,0.021907711
17477,0.037587628
17478,0.019983154
17479,0.021381076
17480,0.057968184
17481,0.18796772
17482,0.23453651
17483,0.04106956
17484,0.036963645
17485,0.034051426
17486,0.08024437
17487,0.06148425
17488,0.0144236
17489,0.049835674
17490,0.012470596
17491,0.026861763
17492,0.14523327
17493,0.022494897
17494,0.022186326
17495,0.028767042
17496,0.049614683
17497,0.052676193
17498,0.16065994
17499,0.18218832
17500,0.16755521
17501,0.0525028
17502,0.034942675
17503,0.017484415
17504,0.047745176
17505,0.041625913
17506,0.010893268
17507,0.10387288
17508,0.042130105
17509,0.38817644
17510,0.08817094
17511,0.02102992
17512,0.09575556
17513,0.045385
17514,0.044402994
17515,0.015766261
17516,0.05145527
17517,0.017613975
17518,0.01861875
17519,0.06675076
17520,0.0404523
17521,0.06319897
17522,0.049783777
17523,0.081249714
17524,0.15452714
17525,0.24702322
17526,0.052198824
17527,0.021541266
17528,0.06625818
17529,0.0150097255
17530,0.035401817
17531,0.06774237
17532,0.046900433
17533,0.09573564
17534,0.037474267
17535,0.08630879
17536,0.03654945
17537,0.048506457
17538,0.031678014
17539,0.01833463
17540,0.10769357
17541,0.009652582
17542,0.029326228
17543,0.05992363
17544,0.029954422
17545,0.009838576
17546,0.022058466
17547,0.031043027
17548,0.049097273
17549,0.061709084
17550,0.09675841
17551,0.078274205
17552,0.21495873
17553,0.17044742
17554,0.106323816
17555,0.011922106
17556,0.06970388
17557,0.049774695
17558,0.03881194
17559,0.07041568
17560,0.030093547
17561,0.035206664
17562,0.012504914
17563,0.04571323
17564,0.067893125
17565,0.029196875
17566,0.046896316
17567,0.007945841
17568,0.021890288
17569,0.02889195
17570,0.061286546
17571,0.014127391
17572,0.03117972
17573,0.085504666
17574,0.04898586
17575,0.10439068
17576,0.3194793
17577,0.07969086
17578,0.08831281
17579,0.04996493
17580,0.061947785
17581,0.057140663
17582,0.06784926
17583,0.04686134
17584,0.00960407
17585,0.018765436
17586,0.2420929
17587,0.058591552
17588,0.06594003
17589,0.04960192
17590,0.067227975
17591,0.024474952
17592,0.018926146
17593,0.020149538
17594,0.033361115
17595,0.18623066
17596,0.054799885
17597,0.03911879
17598,0.08180606
17599,0.51087457
17600,0.068317235
17601,0.014434454
17602,0.27887234
17603,0.048834834
17604,0.22393434
17605,0.1848959
17606,0.05539305
17607,0.019256888
17608,0.042931594
17609,0.081056304
17610,0.1220627
17611,0.03684565
17612,0.21585634
17613,0.070247814
17614,0.061675947
17615,0.014053109
17616,0.0143983485
17617,0.019338667
17618,0.044985343
17619,0.05405632
17620,0.01434335
17621,0.09361265
17622,0.119620815
17623,0.11873722
17624,0.064902455
17625,0.028878193
17626,0.08492057
17627,0.22020184
17628,0.31170923
17629,0.047270995
17630,0.043726113
17631,0.021112265
17632,0.009402799
17633,0.054757245
17634,0.38611987
17635,0.14247866
17636,0.33683196
17637,0.22695039
17638,0.012504914
17639,0.009826947
17640,0.00859695
17641,0.03432421
17642,0.04567978
17643,0.21897103
17644,0.22153406
17645,0.061945595
17646,0.06604204
17647,0.12231209
17648,0.11768843
17649,0.10442145
17650,0.16486998
17651,0.31990823
17652,0.06591557
17653,0.04315546
17654,0.08095451
17655,0.046361074
17656,0.24038513
17657,0.6632918
17658,0.03924002
17659,0.33492976
17660,0.04154571
17661,0.23073278
17662,0.014569414
17663,0.044354048
17664,0.06268684
17665,0.015295068
17666,0.03763991
17667,0.00606448
17668,0.3397191
17669,0.03560146
17670,0.06475685
17671,0.22806549
17672,0.111929536
17673,0.18072113
17674,0.33465153
17675,0.32331532
17676,0.13375941
17677,0.117011465
17678,0.1714272
17679,0.6609991
17680,0.26510364
17681,0.33441445
17682,0.02204717
17683,0.18589312
17684,0.05206541
17685,0.024486536
17686,0.019603582
17687,0.010858617
17688,0.047829602
17689,0.010830567
17690,0.029912071
17691,0.046788577
17692,0.075562745
17693,0.0702726
17694,0.08038412
17695,0.06968808
17696,0.16170245
17697,0.13265772
17698,0.088053316
17699,0.30967546
17700,0.017994717
17701,0.043413118
17702,0.6789799
17703,0.6837028
17704,0.4088042
17705,0.00607015
17706,0.02207184
17707,0.016486492
17708,0.07095913
17709,0.37313065
17710,0.069436245
17711,0.016067209
17712,0.052938048
17713,0.008750756
17714,0.046386484
17715,0.054089878
17716,0.042528752
17717,0.011314451
17718,0.32190934
17719,0.016432611
17720,0.026484102
17721,0.12500088
17722,0.08172239
17723,0.04379108
17724,0.041960705
17725,0.15513147
17726,0.25586057
17727,0.022511236
17728,0.10198224
17729,0.082789116
17730,0.080489315
17731,0.72770065
17732,0.6771054
17733,0.39998338
17734,0.014222011
17735,0.053149506
17736,0.022010751
17737,0.24972503
17738,0.07636317
17739,0.22015963
17740,0.07491655
17741,0.018717013
17742,0.07644953
17743,0.08175785
17744,0.119989365
17745,0.14719781
17746,0.3847636
17747,0.348121
17748,0.16291541
17749,0.10334523
17750,0.06644033
17751,0.051382516
17752,0.08857505
17753,0.036519315
17754,0.029921934
17755,0.11089382
17756,0.11472647
17757,0.052212935
17758,0.086687654
17759,0.022493936
17760,0.6801292
17761,1.0095601
17762,0.67640376
17763,0.09339665
17764,0.041003797
17765,0.1564448
17766,0.25169995
17767,0.016168514
17768,0.015532694
17769,0.029400434
17770,0.075642586
17771,0.042208847
17772,0.3196561
17773,0.61444896
17774,0.055938847
17775,0.08044416
17776,0.06791853
17777,0.12463591
17778,0.059545394
17779,0.2783793
17780,0.07927743
17781,0.03163225
17782,0.07848515
17783,0.08312336
17784,0.083804555
17785,0.04190523
17786,0.0210588
17787,0.27244154
17788,0.34844303
17789,0.12348542
17790,0.06411005
17791,0.084998064
17792,0.060640987
17793,0.228908
17794,0.027143773
17795,0.03579442
17796,0.037204918
17797,0.015279002
17798,0.017803341
17799,0.03567727
17800,0.037026513
17801,0.301214
17802,0.54051214
17803,0.23196772
17804,0.22934966
17805,0.088664696
17806,0.13857447
17807,0.11585772
17808,0.38136494
17809,0.04808005
17810,0.024334751
17811,0.031604383
17812,0.029104682
17813,0.11579284
17814,0.13156755
17815,0.11223641
17816,0.37281224
17817,0.23571885
17818,0.22155966
17819,0.95765156
17820,0.109719105
17821,0.01780057
17822,0.0952447
17823,0.2159251
17824,0.01995446
17825,0.042779256
17826,0.21100914
17827,0.049243797
17828,0.029613726
17829,0.03065316
17830,0.039662134
17831,0.15457794
17832,0.31793162
17833,0.23721936
17834,0.3694537
17835,0.3369348
17836,0.11727643
17837,0.11380747
17838,0.23381889
17839,0.022210468
17840,0.122185856
17841,0.061884068
17842,0.04322786
17843,0.35060617
17844,0.22767754
17845,0.046794206
17846,0.013734859
17847,0.38401252
17848,0.31736228
17849,0.06710698
17850,0.087570384
17851,0.066377446
17852,0.044322643
17853,0.010696099
17854,0.023011614
17855,0.046614278
17856,0.073465385
17857,0.067698345
17858,0.095223054
17859,0.34393844
17860,0.5826204
17861,0.34127685
17862,0.31072766
17863,0.38671866
17864,0.07513517
17865,0.063793816
17866,0.06257026
17867,0.10672795
17868,0.1586487
17869,0.05183479
17870,0.024635928
17871,0.052305877
17872,0.108242065
17873,0.017871741
17874,0.04013056
17875,0.08132093
17876,0.019844579
17877,0.01446414
17878,0.019004755
17879,0.011209147
17880,0.028945047
17881,0.057619624
17882,0.047144957
17883,0.06271782
17884,0.21908395
17885,0.13904499
17886,0.27183953
17887,0.44227082
17888,0.4094447
17889,0.2425453
17890,0.08568859
17891,0.03911062
17892,0.019497951
17893,0.0434081
17894,0.0874927
17895,0.014256862
17896,0.00856775
17897,0.029015327
17898,0.590964
17899,0.041271113
17900,0.016583899
17901,0.04913111
17902,0.043891974
17903,0.081646465
17904,0.033561297
17905,0.04101087
17906,0.015896333
17907,0.040927548
17908,0.0138546275
17909,0.013965194
17910,0.024270691
17911,0.06738411
17912,0.08150433
17913,0.3951168
17914,0.32733765
17915,0.16191167
17916,0.70293826
17917,0.34155107
17918,0.36819446
17919,0.1858177
17920,0.035268936
17921,0.029300684
17922,0.031049903
17923,0.040450953
17924,0.03806046
17925,0.030578544
17926,0.05421069
17927,0.36449307
17928,0.10377186
17929,0.31757307
17930,0.026426496
17931,0.08159942
17932,0.093841255
17933,0.10716141
17934,0.13084128
17935,0.039190996
17936,0.026095541
17937,0.036100566
17938,0.11417635
17939,0.584535
17940,0.30014157
17941,0.39838034
17942,0.30042845
17943,0.23692958
17944,0.21744752
17945,0.06572097
17946,0.032675747
17947,0.02182511
17948,0.011770249
17949,0.033176992
17950,0.026109913
17951,0.09739399
17952,0.10338385
17953,0.06789009
17954,0.1721006
17955,0.023795726
17956,0.062079906
17957,0.0108201085
17958,0.3050175
17959,0.035602503
17960,0.009582129
17961,0.010642697
17962,0.08700902
17963,0.19334257
17964,0.02626351
17965,0.0027995973
17966,0.18070278
17967,0.21646923
17968,0.05908292
17969,0.08014854
17970,0.026626538
17971,0.07740291
17972,0.06414157
17973,0.030891733
17974,0.09569
17975,0.082474105
17976,0.03599546
17977,0.021676075
17978,0.08663512
17979,0.07901078
17980,0.028579013
17981,0.09555951
17982,0.029900612
17983,0.037390076
17984,0.007826636
17985,0.033808485
17986,0.15869269
17987,0.34389317
17988,0.38447797
17989,0.08748234
17990,0.017994232
17991,0.024159152
17992,0.04438389
17993,0.014135159
17994,0.054515056
17995,0.118019074
17996,0.013722913
17997,0.025258174
17998,0.014387479
17999,0.017565753
18000,0.011105883
18001,0.021341087
18002,0.06297849
18003,0.07102229
18004,0.33281413
18005,0.013299219
18006,0.0161739
18007,0.06536113
18008,0.059043337
18009,0.07755599
18010,0.34274074
18011,0.09137731
18012,0.012113519
18013,0.11098572
18014,0.030484406
18015,0.061481748
18016,0.10168393
18017,0.018197918
18018,0.18152222
18019,0.022442337
18020,0.09372077
18021,0.05027649
18022,0.03497353
18023,0.016069507
18024,0.023544066
18025,0.0488071
18026,0.2491401
18027,0.026009705
18028,0.018189069
18029,0.02437066
18030,0.036600072
18031,0.048890974
18032,0.14086463
18033,0.05182864
18034,0.22253701
18035,0.077137694
18036,0.026939318
18037,0.014280092
18038,0.04087949
18039,0.04289087
18040,0.024652556
18041,0.23174165
18042,0.13989352
18043,0.01621488
18044,0.06600548
18045,0.042375874
18046,0.008629441
18047,0.010905746
18048,0.33970574
18049,0.45797193
18050,0.17850721
18051,0.07771504
18052,0.07103188
18053,0.040753935
18054,0.038120337
18055,0.07349993
18056,0.06543344
18057,0.0819524
18058,0.9407669
18059,0.06312836
18060,0.016706692
18061,0.06414144
18062,0.064760074
18063,0.016323246
18064,0.03267797
18065,0.11898252
18066,0.38686225
18067,0.059921466
18068,0.2124727
18069,0.023003252
18070,0.06319818
18071,0.0219063
18072,0.064947575
18073,0.025337603
18074,0.022001892
18075,0.0015645238
18076,0.044880327
18077,0.048361175
18078,0.020868117
18079,0.0177204
18080,0.046543326
18081,0.015715396
18082,0.15094402
18083,0.03035117
18084,0.03622701
18085,0.014387479
18086,0.02850396
18087,0.067806646
18088,0.08849485
18089,0.020722272
18090,0.045847747
18091,0.5918225
18092,0.056381226
18093,0.13353643
18094,0.042245377
18095,0.030399282
18096,0.0385333
18097,0.04127156
18098,0.012476585
18099,0.25603995
18100,0.022969369
18101,0.005923084
18102,0.015009194
18103,0.04110689
18104,0.08090582
18105,0.018469302
18106,0.09192453
18107,0.037582345
18108,0.021776028
18109,0.04131917
18110,0.31566378
18111,0.022408444
18112,0.018765489
18113,0.008448705
18114,0.01937546
18115,0.011977701
18116,0.038204923
18117,0.02881851
18118,0.12534271
18119,0.049221396
18120,0.014636636
18121,0.054331142
18122,0.11049352
18123,0.077019215
18124,0.061733004
18125,0.051135257
18126,0.022291461
18127,0.045783192
18128,0.08283541
18129,0.22734444
18130,0.10317672
18131,0.006131908
18132,0.028573172
18133,0.01363393
18134,0.011932623
18135,0.015307976
18136,0.010986274
18137,0.018482193
18138,0.014645178
18139,0.022323402
18140,0.044787925
18141,0.0433859
18142,0.08560317
18143,0.0054961583
18144,0.105686836
18145,0.008495412
18146,0.17056823
18147,0.022411335
18148,0.01175839
18149,0.009661114
18150,0.016012132
18151,0.017366566
18152,0.013612615
18153,0.027515905
18154,0.008412669
18155,0.04712191
18156,0.024572173
18157,0.037879173
18158,0.012589932
18159,0.04029183
18160,0.014100128
18161,0.008509823
18162,0.0078053037
18163,0.008316593
18164,0.079721294
18165,0.02269916
18166,0.04097488
18167,0.0037060708
18168,0.028768111
18169,0.014183301
18170,0.06695068
18171,0.2398435
18172,0.049051974
18173,0.051970877
18174,0.054676536
18175,0.06637612
18176,0.021668755
18177,0.00960062
18178,0.065329514
18179,0.083234586
18180,0.007547093
18181,0.105649196
18182,0.015658023
18183,0.022400353
18184,0.028861284
18185,0.028388577
18186,0.02437635
18187,0.022921532
18188,0.006279025
18189,0.011565386
18190,0.010762556
18191,0.0066204565
18192,0.029585741
18193,0.00953761
18194,0.007433896
18195,0.06444439
18196,0.048708837
18197,0.0063421987
18198,0.003793029
18199,0.23016661
18200,0.017391479
18201,0.021877812
18202,0.014279426
18203,0.02690176
18204,0.0037930266
18205,0.010625268
18206,0.014614193
18207,0.042283904
18208,0.018559942
18209,0.01234859
18210,0.02215854
18211,0.02980295
18212,0.009404442
18213,0.010864139
18214,0.027234055
18215,0.13961615
18216,0.11333819
18217,0.017712902
18218,0.076331146
18219,0.019492596
18220,0.010809366
18221,0.04444231
18222,0.046985954
18223,0.06716646
18224,0.028643232
18225,0.043820467
18226,0.08425797
18227,0.046769444
18228,0.02577772
18229,0.121562086
18230,0.043786712
18231,0.06777316
18232,0.045167267
18233,0.31520894
18234,0.30526447
18235,0.042140625
18236,0.1609879
18237,0.0655395
18238,0.24874994
18239,0.0704652
18240,0.13132915
18241,0.018886214
18242,0.07826305
18243,0.033732247
18244,0.013942446
18245,0.23486789
18246,0.028485078
18247,0.5187381
18248,0.2383579
18249,0.043903243
18250,0.13056912
18251,0.05916209
18252,0.012503922
18253,0.024090715
18254,0.021535486
18255,0.042017505
18256,0.031516243
18257,0.016793415
18258,0.0140294265
18259,0.09252504
18260,0.23612657
18261,0.40119976
18262,0.39944094
18263,0.06419345
18264,0.22027956
18265,0.020189133
18266,0.049371656
18267,0.039424676
18268,0.060711164
18269,0.07949963
18270,0.3812269
18271,0.111629546
18272,0.14230968
18273,0.4049094
18274,0.10451767
18275,0.021849327
18276,0.408603
18277,0.052400764
18278,0.39997366
18279,0.04598647
18280,0.0440991
18281,0.0316722
18282,0.06356055
18283,0.07810016
18284,0.18237592
18285,0.071721524
18286,0.028685253
18287,0.0338998
18288,0.065580234
18289,0.25563887
18290,0.043096785
18291,0.029378692
18292,0.048953414
18293,0.053594533
18294,0.067596205
18295,0.03626572
18296,0.040249474
18297,0.08138796
18298,0.049568374
18299,0.14956023
18300,0.25819513
18301,0.047668926
18302,0.03640072
18303,0.02163208
18304,0.013747825
18305,0.38848272
18306,0.09417311
18307,0.06966415
18308,0.28150767
18309,0.28536692
18310,0.06449105
18311,0.045615893
18312,0.018279107
18313,0.021785127
18314,0.014876178
18315,0.0062733553
18316,0.004075339
18317,0.10540657
18318,0.012469018
18319,0.06611993
18320,0.064013444
18321,0.08279999
18322,0.17704244
18323,0.37979007
18324,0.016481597
18325,0.052313566
18326,0.04057139
18327,0.008494258
18328,0.02869922
18329,0.02189172
18330,0.16159177
18331,0.040246096
18332,0.010781578
18333,0.048785407
18334,0.04006922
18335,0.024343738
18336,0.12677681
18337,0.3946367
18338,0.05133413
18339,0.08022718
18340,0.018946333
18341,0.020876953
18342,0.03765563
18343,0.051234327
18344,0.009539084
18345,0.024721878
18346,0.011755195
18347,0.09323937
18348,0.13237227
18349,0.081679486
18350,0.087963946
18351,0.054744035
18352,0.033176992
18353,0.029227616
18354,0.026163967
18355,0.03075108
18356,0.081455395
18357,0.048026364
18358,0.10886571
18359,0.013948206
18360,0.031210378
18361,0.024149366
18362,0.017522028
18363,0.014282084
18364,0.021376465
18365,0.037247177
18366,0.021751618
18367,0.058540054
18368,0.1920139
18369,0.3181466
18370,0.03964071
18371,0.035529125
18372,0.033619475
18373,0.0788793
18374,0.062164854
18375,0.014058541
18376,0.048490666
18377,0.145689
18378,0.02282677
18379,0.021203099
18380,0.029055778
18381,0.0059813564
18382,0.07883936
18383,0.052783772
18384,0.15334181
18385,0.18351664
18386,0.16237763
18387,0.051874608
18388,0.033671517
18389,0.017248273
18390,0.046319384
18391,0.0412106
18392,0.010567793
18393,0.092591956
18394,0.040757757
18395,0.39539072
18396,0.0890185
18397,0.020666229
18398,0.09482822
18399,0.04490585
18400,0.043774802
18401,0.018713027
18402,0.05055104
18403,0.024909655
18404,0.017332552
18405,0.018545682
18406,0.065083675
18407,0.03999298
18408,0.08996007
18409,0.048903227
18410,0.080025524
18411,0.16018404
18412,0.33243155
18413,0.051686715
18414,0.02176594
18415,0.06575702
18416,0.015005672
18417,0.034887064
18418,0.006529088
18419,0.022636436
18420,0.008169223
18421,0.06741837
18422,0.045838807
18423,0.098969884
18424,0.0368807
18425,0.085880384
18426,0.03546678
18427,0.048540495
18428,0.02935905
18429,0.10616378
18430,0.030034222
18431,0.05929544
18432,0.028722294
18433,0.021571636
18434,0.029111262
18435,0.04859563
18436,0.06079256
18437,0.09564891
18438,0.07521698
18439,0.21423231
18440,0.097451575
18441,0.10723476
18442,0.011875847
18443,0.06834612
18444,0.010912362
18445,0.046527598
18446,0.009262026
18447,0.04021838
18448,0.06900657
18449,0.020411974
18450,0.043559898
18451,0.03390875
18452,0.01232637
18453,0.04556853
18454,0.066846475
18455,0.028377095
18456,0.046268124
18457,0.021160968
18458,0.060934838
18459,0.013649281
18460,0.03028218
18461,0.081615694
18462,0.04919469
18463,0.10503586
18464,0.31816652
18465,0.07724206
18466,0.088763535
18467,0.049311273
18468,0.061802663
18469,0.05754825
18470,0.067149
18471,0.045882694
18472,0.009314523
18473,0.018513454
18474,0.17653264
18475,0.057828896
18476,0.06480494
18477,0.048666105
18478,0.06414985
18479,0.023211055
18480,0.018757794
18481,0.019781739
18482,0.033517025
18483,0.19110498
18484,0.054739658
18485,0.038548443
18486,0.08173084
18487,0.5271669
18488,0.0698548
18489,0.014107578
18490,0.2684523
18491,0.048387285
18492,0.22088681
18493,0.18012658
18494,0.053605147
18495,0.0186828
18496,0.04075722
18497,0.10540657
18498,0.043464642
18499,0.08128142
18500,0.12198074
18501,0.036152788
18502,0.21318102
18503,0.07015308
18504,0.06056468
18505,0.014107079
18506,0.014276054
18507,0.019567002
18508,0.044941623
18509,0.0536084
18510,0.014103543
18511,0.09197251
18512,0.117066786
18513,0.20285721
18514,0.06532069
18515,0.028702116
18516,0.08591719
18517,0.13764454
18518,0.29769826
18519,0.044750992
18520,0.04309792
18521,0.02096833
18522,0.009268179
18523,0.053697094
18524,0.3864571
18525,0.033596054
18526,0.14212662
18527,0.33763683
18528,0.13901581
18529,0.01776865
18530,0.009565907
18531,0.008306103
18532,0.03513156
18533,0.045536686
18534,0.21949218
18535,0.22408454
18536,0.060824838
18537,0.06534948
18538,0.12250458
18539,0.11629232
18540,0.09777132
18541,0.1631907
18542,0.31480634
18543,0.06657111
18544,0.018816074
18545,0.0426066
18546,0.07906515
18547,0.045705475
18548,0.31576002
18549,0.69302076
18550,0.0051427186
18551,0.03875068
18552,0.32376376
18553,0.0410936
18554,0.3172537
18555,0.043021634
18556,0.06271838
18557,0.0152323935
18558,0.036560122
18559,0.33800155
18560,0.034780484
18561,0.06110747
18562,0.22635949
18563,0.112251185
18564,0.22501974
18565,0.3310911
18566,0.32100725
18567,0.024623564
18568,0.22201204
18569,0.121113524
18570,0.096547246
18571,0.67478484
18572,0.26056257
18573,0.33147418
18574,0.022166377
18575,0.1131277
18576,0.049363803
18577,0.024234554
18578,0.019288503
18579,0.006085132
18580,0.010792256
18581,0.04663366
18582,0.0067510065
18583,0.010476001
18584,0.028216155
18585,0.07401246
18586,0.07509317
18587,0.06935718
18588,0.08017046
18589,0.06855763
18590,0.15559392
18591,0.13928063
18592,0.024632145
18593,0.088209905
18594,0.22064666
18595,0.04640509
18596,0.6786121
18597,0.673591
18598,0.3996265
18599,0.02193157
18600,0.0692691
18601,0.37811646
18602,0.0662232
18603,0.015851574
18604,0.052539576
18605,0.008489091
18606,0.045701187
18607,0.05329425
18608,0.040904634
18609,0.010995525
18610,0.31181967
18611,0.016293509
18612,0.027113078
18613,0.07935324
18614,0.08045416
18615,0.043128263
18616,0.040946547
18617,0.15264687
18618,0.2660382
18619,0.022232793
18620,0.10103619
18621,0.08184983
18622,0.12838688
18623,0.7094813
18624,0.71526563
18625,0.41066504
18626,0.014302212
18627,0.04943781
18628,0.021488162
18629,0.24409245
18630,0.07560446
18631,0.22233683
18632,0.07449063
18633,0.018171541
18634,0.07541323
18635,0.079255305
18636,0.11766211
18637,0.14170991
18638,0.36638805
18639,0.33301565
18640,0.16354036
18641,0.104525246
18642,0.06455768
18643,0.047878265
18644,0.08782253
18645,0.035290815
18646,0.028717494
18647,0.11069678
18648,0.11457742
18649,0.053560603
18650,0.08300159
18651,0.022469506
18652,0.66825324
18653,1.0015644
18654,0.71719444
18655,0.104965545
18656,0.040750623
18657,0.10495997
18658,0.33782598
18659,0.023699818
18660,0.015933095
18661,0.01498791
18662,0.029108187
18663,0.07491052
18664,0.04084115
18665,0.3187847
18666,0.6267482
18667,0.055611204
18668,0.080451585
18669,0.06775082
18670,0.12371407
18671,0.058952443
18672,0.27794388
18673,0.13170974
18674,0.030949831
18675,0.07778938
18676,0.083005756
18677,0.08475566
18678,0.04132027
18679,0.020703178
18680,0.26677364
18681,0.24982439
18682,0.12082775
18683,0.0626454
18684,0.024515253
18685,0.08374202
18686,0.059537765
18687,0.23115687
18688,0.02629319
18689,0.035439987
18690,0.03763367
18691,0.015280711
18692,0.017608048
18693,0.036162484
18694,0.03705756
18695,0.30991584
18696,0.4416819
18697,0.23061894
18698,0.15577473
18699,0.0827986
18700,0.13563769
18701,0.117477715
18702,0.37703857
18703,0.0479885
18704,0.024195073
18705,0.032494955
18706,0.028910277
18707,0.11269863
18708,0.13284037
18709,0.11199298
18710,0.3693477
18711,0.23367117
18712,0.21894258
18713,0.97441024
18714,0.10798569
18715,0.017421931
18716,0.095408455
18717,0.21719703
18718,0.019826615
18719,0.045973744
18720,0.38765204
18721,0.051955078
18722,0.029741218
18723,0.029384717
18724,0.039438795
18725,0.15533912
18726,0.31556976
18727,0.32606944
18728,0.3636253
18729,0.32568282
18730,0.11747956
18731,0.11317224
18732,0.31039524
18733,0.12179897
18734,0.06258779
18735,0.043161485
18736,0.351748
18737,0.22678298
18738,0.04684154
18739,0.013706086
18740,0.39394954
18741,0.2309528
18742,0.005239856
18743,0.0665185
18744,0.08524693
18745,0.06600224
18746,0.043069236
18747,0.010679928
18748,0.010641063
18749,0.01361333
18750,0.024987549
18751,0.046342354
18752,0.070766024
18753,0.06742227
18754,0.095177166
18755,0.34015256
18756,0.5492779
18757,0.33443627
18758,0.30469382
18759,0.37434852
18760,0.07476502
18761,0.017587263
18762,0.061799284
18763,0.06083444
18764,0.10280824
18765,0.16012013
18766,0.05208883
18767,0.024342772
18768,0.052349553
18769,0.11043973
18770,0.017885877
18771,0.002216691
18772,0.039956775
18773,0.07921586
18774,0.019904349
18775,0.01402738
18776,0.03343213
18777,0.01874928
18778,0.0112646185
18779,0.028397394
18780,0.057736054
18781,0.046235725
18782,0.06297231
18783,0.29402965
18784,0.13858977
18785,0.26777545
18786,0.4348357
18787,0.41443875
18788,0.24186572
18789,0.08559437
18790,0.03983239
18791,0.019196918
18792,0.043817956
18793,0.08810689
18794,0.014475103
18795,0.008389209
18796,0.028836785
18797,0.5817146
18798,0.041017998
18799,0.016370568
18800,0.048877995
18801,0.0436939
18802,0.08321837
18803,0.033478674
18804,0.040757757
18805,0.040460143
18806,0.013845171
18807,0.014081322
18808,0.02460992
18809,0.06720557
18810,0.07890748
18811,0.38603568
18812,0.32681605
18813,0.16695704
18814,0.6912979
18815,0.33909085
18816,0.35736996
18817,0.18675889
18818,0.008666614
18819,0.03434685
18820,0.028482689
18821,0.031033535
18822,0.040537894
18823,0.037203312
18824,0.0148548875
18825,0.029049352
18826,0.05436121
18827,0.36143914
18828,0.075322084
18829,0.31869003
18830,0.026247954
18831,0.08367155
18832,0.09502575
18833,0.10997626
18834,0.12953474
18835,0.03956295
18836,0.0257499
18837,0.035933755
18838,0.11418669
18839,0.57648337
18840,0.31212425
18841,0.38907695
18842,0.22476523
18843,0.32734147
18844,0.12219632
18845,0.067731455
18846,0.03466226
18847,0.011626336
18848,0.032782555
18849,0.026200015
18850,0.09898673
18851,0.10205627
18852,0.067989476
18853,0.23167454
18854,0.023522027
18855,0.06092404
18856,0.01056064
18857,0.23099983
18858,0.03508048
18859,0.011434985
18860,0.0093795555
18861,0.08669956
18862,0.18601798
18863,0.026282404
18864,0.002725955
18865,0.28787434
18866,0.21468736
18867,0.0580868
18868,0.080032386
18869,0.026307084
18870,0.07660324
18871,0.06318873
18872,0.03222924
18873,0.094484545
18874,0.08518877
18875,0.035638064
18876,0.008963494
18877,0.15556505
18878,0.079674564
18879,0.028989444
18880,0.09605277
18881,0.029355308
18882,0.038042795
18883,0.007693859
18884,0.034397542
18885,0.15353292
18886,0.3436258
18887,0.37969416
18888,0.092466176
18889,0.01767089
18890,0.02420139
18891,0.04538933
18892,0.054135423
18893,0.11106005
18894,0.013469481
18895,0.026732631
18896,0.013956618
18897,0.017389804
18898,0.011237152
18899,0.022771431
18900,0.061896544
18901,0.0707931
18902,0.32821506
18903,0.013376061
18904,0.015649496
18905,0.058412783
18906,0.05864819
18907,0.07595339
18908,0.3442988
18909,0.093279056
18910,0.011915604
18911,0.009181604
18912,0.1535153
18913,0.030424267
18914,0.01427238
18915,0.061702207
18916,0.10306726
18917,0.043415826
18918,0.018061677
18919,0.18107602
18920,0.0141842095
18921,0.02250113
18922,0.10285913
18923,0.052175105
18924,0.034212746
18925,0.023966372
18926,0.048185006
18927,0.24776705
18928,0.026438143
18929,0.017145712
18930,0.024397103
18931,0.035812244
18932,0.04880568
18933,0.14159122
18934,0.051098946
18935,0.22139551
18936,0.076845065
18937,0.026169997
18938,0.013759842
18939,0.04087707
18940,0.041832462
18941,0.025316307
18942,0.2344998
18943,0.13432248
18944,0.015959404
18945,0.0662978
18946,0.04212276
18947,0.010598032
18948,0.33679265
18949,0.46881306
18950,0.094219446
18951,0.077832736
18952,0.013019398
18953,0.07171788
18954,0.041834183
18955,0.036509197
18956,0.07249175
18957,0.064623505
18958,0.08274089
18959,0.9239023
18960,0.06380961
18961,0.014061628
18962,0.06181263
18963,0.06306627
18964,0.016276814
18965,0.1186118
18966,0.31085435
18967,0.059143495
18968,0.118432954
18969,0.062568635
18970,0.0218299
18971,0.06414046
18972,0.025313742
18973,0.021646569
18974,0.001515154
18975,0.044776253
18976,0.04810806
18977,0.022369055
18978,0.017413188
18979,0.04489833
18980,0.015529952
18981,0.14936304
18982,0.036540005
18983,0.029012501
18984,0.06772188
18985,0.08705346
18986,0.020666225
18987,0.04632493
18988,0.5577695
18989,0.052182976
18990,0.0806121
18991,0.042438384
18992,0.030759614
18993,0.03824556
18994,0.04059879
18995,0.012298044
18996,0.014812922
18997,0.3304328
18998,0.022099229
18999,0.005751895
19000,0.0034629053
19001,0.005993384
19002,0.015017623
19003,0.00945672
19004,0.041230198
19005,0.08233847
19006,0.018524066
19007,0.009275903
19008,0.09231967
19009,0.03624586
19010,0.0052432716
19011,0.040720973
19012,0.22921087
19013,0.02455649
19014,0.0042854864
19015,0.019279856
19016,0.012046771
19017,0.037670672
19018,0.007829225
19019,0.027721372
19020,0.004277288
19021,0.123200595
19022,0.049746715
19023,0.0054638693
19024,0.012085029
19025,0.014085676
19026,0.014070551
19027,0.053928986
19028,0.10910502
19029,0.07657156
19030,0.061953165
19031,0.05027012
19032,0.022612486
19033,0.045465462
19034,0.0838725
19035,0.22913748
19036,0.15392792
19037,0.005959508
19038,0.028200844
19039,0.013408555
19040,0.011754082
19041,0.014681326
19042,0.010471643
19043,0.018389916
19044,0.00927644
19045,0.014399543
19046,0.01399967
19047,0.008893285
19048,0.021740448
19049,0.046118975
19050,0.04346494
19051,0.08972551
19052,0.005393708
19053,0.009378487
19054,0.10506892
19055,0.008447483
19056,0.23706838
19057,0.009446619
19058,0.022428596
19059,0.0116627915
19060,0.009652914
19061,0.016006783
19062,0.017434327
19063,0.013776157
19064,0.026568137
19065,0.011710896
19066,0.047359113
19067,0.023806032
19068,0.0370356
19069,0.012298044
19070,0.040038716
19071,0.0140277995
19072,0.012859507
19073,0.008255947
19074,0.08132813
19075,0.022455262
19076,0.040167537
19077,0.028593805
19078,0.0093174605
19079,0.014508554
19080,0.0663726
19081,0.0127746435
19082,0.010556423
19083,0.010452701
19084,0.23928362
19085,0.04818283
19086,0.051717762
19087,0.053391896
19088,0.014190244
19089,0.067349195
19090,0.021529013
19091,0.009415937
19092,0.06647923
19093,0.014364406
19094,0.081713736
19095,0.10767289
19096,0.015911277
19097,0.028743768
19098,0.02839441
19099,0.02408199
19100,0.022739133
19101,0.010631079
19102,0.006446151
19103,0.009359069
19104,0.029213667
19105,0.009490835
19106,0.01068834
19107,0.06427257
19108,0.048564386
19109,0.15033203
19110,0.021544714
19111,0.003614485
19112,0.013884189
19113,0.042085916
19114,0.0183814
19115,0.022263795
19116,0.015063257
19117,0.029166626
19118,0.010685598
19119,0.13885346
19120,0.11325117
19121,0.07565748
19122,0.019419737
19123,0.010534497
19124,0.030215686
19125,0.021476574
19126,0.04473151
19127,0.05017855
19128,0.0279371
19129,0.043695472
19130,0.034455616
19131,0.09035648
19132,0.04287601
19133,0.008295017
19134,0.13017519
19135,0.06625375
19136,0.044693105
19137,0.13399017
19138,0.32143503
19139,0.26069587
19140,0.066047326
19141,0.19484444
19142,0.08399654
19143,0.24627633
19144,0.058926005
19145,0.0897294
19146,0.030275738
19147,0.014017941
19148,0.12223094
19149,0.028391115
19150,0.50998485
19151,0.23164748
19152,0.010761564
19153,0.12939842
19154,0.02465756
19155,0.04184339
19156,0.030608015
19157,0.016251197
19158,0.013782875
19159,0.09027957
19160,0.23499979
19161,0.29284778
19162,0.40895936
19163,0.06296511
19164,0.104767874
19165,0.12958191
19166,0.019965693
19167,0.04934826
19168,0.040089976
19169,0.061888188
19170,0.07991774
19171,0.030126618
19172,0.3749297
19173,0.107976675
19174,0.14361663
19175,0.39460033
19176,0.021551762
19177,0.39609793
19178,0.016390005
19179,0.052414823
19180,0.39603275
19181,0.045551896
19182,0.043845985
19183,0.032435395
19184,0.06287295
19185,0.08150763
19186,0.08819954
19187,0.08621915
19188,0.029073328
19189,0.036098935
19190,0.06660866
19191,0.25761703
19192,0.04098206
19193,0.028677503
19194,0.0496017
19195,0.05330672
19196,0.067559615
19197,0.028764943
19198,0.07953495
19199,0.050600585
19200,0.15473627
19201,0.15463631
19202,0.018101329
19203,0.035745483
19204,0.014031511
19205,0.013401574
19206,0.3995368
19207,0.09567071
19208,0.06851596
19209,0.3880412
19210,0.39193833
19211,0.06657111
19212,0.045524735
19213,0.013155217
19214,0.018119073
19215,0.0146976365
19216,0.0061336784
19217,0.033607956
19218,0.011856851
19219,0.06742294
19220,0.06305461
19221,0.082267225
19222,0.17300469
19223,0.37411347
19224,0.01611175
19225,0.05063503
19226,0.041663233
19227,0.008354582
19228,0.028709646
19229,0.021497533
19230,0.029088216
19231,0.23066124
19232,0.018508937
19233,0.03982411
19234,0.057593707
19235,0.039816104
19236,0.023972325
19237,0.23401487
19238,0.4070383
19239,0.049086977
19240,0.07817058
19241,0.01845182
19242,0.020657884
19243,0.03729669
19244,0.05142941
19245,0.024786694
19246,0.093257256
19247,0.12937288
19248,0.08155175
19249,0.08829441
19250,0.053335972
19251,0.032923877
19252,0.027814412
19253,0.026923703
19254,0.030601928
19255,0.08073429
19256,0.04811818
19257,0.103601106
19258,0.013716803
19259,0.030566601
19260,0.024571056
19261,0.017459303
19262,0.014142408
19263,0.021289283
19264,0.037303183
19265,0.021634165
19266,0.057139426
19267,0.1924007
19268,0.3063594
19269,0.039095234
19270,0.03597635
19271,0.03287683
19272,0.08343313
19273,0.060930632
19274,0.014326299
19275,0.049168352
19276,0.026438363
19277,0.14519906
19278,0.02268019
19279,0.021745034
19280,0.029224517
19281,0.005615614
19282,0.079951085
19283,0.052601486
19284,0.15206583
19285,0.18042453
19286,0.16357513
19287,0.05208526
19288,0.034294806
19289,0.01710376
19290,0.04720141
19291,0.040847544
19292,0.010601032
19293,0.103431605
19294,0.04135543
19295,0.38837355
19296,0.08992017
19297,0.020578358
19298,0.09372696
19299,0.04503931
19300,0.018879317
19301,0.009318614
19302,0.05015499
19303,0.029164981
19304,0.011677845
19305,0.017343486
19306,0.01850545
19307,0.06507253
19308,0.040045477
19309,0.0895809
19310,0.049538027
19311,0.078822844
19312,0.15873112
19313,0.3368771
19314,0.051655184
19315,0.0218299
19316,0.06492708
19317,0.01517635
19318,0.035384454
19319,0.0068270965
19320,0.022296853
19321,0.008354582
19322,0.06780307
19323,0.04627224
19324,0.09947397
19325,0.0368807
19326,0.084090024
19327,0.035432152
19328,0.048855316
19329,0.029093642
19330,0.107341416
19331,0.009442402
19332,0.06018811
19333,0.028801009
19334,0.009518638
19335,0.02180293
19336,0.029582556
19337,0.04912223
19338,0.060941607
19339,0.09651842
19340,0.07636104
19341,0.2136716
19342,0.09640784
19343,0.10639368
19344,0.011956169
19345,0.06955437
19346,0.04632981
19347,0.037408095
19348,0.06939631
19349,0.020626672
19350,0.044051345
19351,0.03310409
19352,0.044975385
19353,0.06717595
19354,0.02890918
19355,0.046681434
19356,0.021538446
19357,0.028622106
19358,0.060109764
19359,0.013470364
19360,0.03288647
19361,0.08906405
19362,0.048926197
19363,0.104132526
19364,0.3203494
19365,0.07792214
19366,0.14957395
19367,0.049634468
19368,0.06181709
19369,0.05845128
19370,0.067268826
19371,0.045785964
19372,0.009380115
19373,0.018751077
19374,0.23865627
19375,0.054582298
19376,0.06370777
19377,0.048297126
19378,0.06471243
19379,0.017701363
19380,0.020051373
19381,0.032884575
19382,0.24039131
19383,0.054375336
19384,0.038678527
19385,0.081461735
19386,0.51276433
19387,0.06850664
19388,0.013779039
19389,0.2723012
19390,0.04870088
19391,0.22117326
19392,0.18793961
19393,0.05476486
19394,0.018906957
19395,0.040722594
19396,0.042322624
19397,0.082194746
19398,0.121750794
19399,0.036875777
19400,0.13651614
19401,0.070055544
19402,0.060739696
19403,0.0142582245
19404,0.01931941
19405,0.044668134
19406,0.053322297
19407,0.014142408
19408,0.09246614
19409,0.11763306
19410,0.11669423
19411,0.06548371
19412,0.028853169
19413,0.084662005
19414,0.13353653
19415,0.30881765
19416,0.046698023
19417,0.0093563255
19418,0.043187674
19419,0.02126037
19420,0.009144674
19421,0.053697094
19422,0.38293964
19423,0.033107147
19424,0.13954583
19425,0.33893195
19426,0.22996043
19427,0.009403537
19428,0.008256092
19429,0.03479704
19430,0.04477749
19431,0.22030525
19432,0.3120981
19433,0.06097316
19434,0.06606927
19435,0.2107497
19436,0.115531884
19437,0.102542266
19438,0.22145176
19439,0.30995324
19440,0.06616727
19441,0.042208955
19442,0.0794453
19443,0.045739163
19444,0.24021967
19445,0.6787339
19446,0.037506215
19447,0.24139452
19448,0.040389378
19449,0.17366232
19450,0.043021634
19451,0.06257407
19452,0.015026774
19453,0.036988392
19454,0.0059614764
19455,0.34611526
19456,0.067598864
19457,0.06282008
19458,0.225697
19459,0.11016743
19460,0.22611919
19461,0.3293436
19462,0.30860984
19463,0.024564853
19464,0.12992002
19465,0.11683477
19466,0.096595004
19467,0.6524782
19468,0.36077335
19469,0.33432183
19470,0.021852171
19471,0.17961642
19472,0.051585186
19473,0.019440057
19474,0.010695511
19475,0.04720141
19476,0.010471763
19477,0.028289676
19478,0.046306856
19479,0.075943336
19480,0.0692558
19481,0.07935324
19482,0.06932847
19483,0.29353735
19484,0.27223012
19485,0.024644548
19486,0.08789243
19487,0.30416954
19488,0.018008787
19489,0.045642328
19490,0.6676889
19491,0.6823027
19492,0.41808507
19493,0.0058030495
19494,0.01577883
19495,0.070272885
19496,0.35902625
19497,0.06536198
19498,0.015996736
19499,0.050538175
19500,0.0077136606
19501,0.0083407555
19502,0.04579198
19503,0.05424322
19504,0.04136867
19505,0.011184196
19506,0.31495342
19507,0.016358629
19508,0.026119597
19509,0.07838766
19510,0.08100494
19511,0.04357372
19512,0.04134218
19513,0.29043278
19514,0.27415735
19515,0.022198165
19516,0.10200066
19517,0.08379078
19518,0.081587575
19519,0.70106745
19520,0.6663123
19521,0.39546907
19522,0.04995094
19523,0.021793397
19524,0.008138052
19525,0.24539591
19526,0.075213924
19527,0.16270813
19528,0.035433657
19529,0.07536474
19530,0.018480988
19531,0.074516855
19532,0.081499286
19533,0.11667301
19534,0.14455453
19535,0.37443978
19536,0.33707705
19537,0.16141146
19538,0.100087516
19539,0.0651918
19540,0.048094884
19541,0.087870285
19542,0.035519265
19543,0.028370138
19544,0.021271773
19545,0.10916976
19546,0.11409486
19547,0.053229358
19548,0.08359543
19549,0.022271655
19550,0.6985291
19551,1.0054488
19552,0.73442113
19553,0.1054217
19554,0.040750623
19555,0.15589094
19556,0.011424851
19557,0.33962005
19558,0.023699818
19559,0.015519808
19560,0.015026774
19561,0.028823793
19562,0.074894905
19563,0.039105132
19564,0.31178448
19565,0.57615006
19566,0.053383406
19567,0.07979062
19568,0.06787731
19569,0.12106871
19570,0.058477517
19571,0.2859365
19572,0.12837075
19573,0.030060481
19574,0.077691846
19575,0.08110419
19576,0.08311906
19577,0.040953115
19578,0.020961499
19579,0.26666796
19580,0.2441701
19581,0.12003298
19582,0.06348185
19583,0.08536248
19584,0.061789162
19585,0.22844781
19586,0.026061289
19587,0.035825144
19588,0.037510276
19589,0.0149742775
19590,0.017524192
19591,0.03464457
19592,0.03761087
19593,0.30606687
19594,0.4406575
19595,0.22901684
19596,0.15553446
19597,0.08762109
19598,0.13683337
19599,0.11680343
19600,0.37667865
19601,0.048485026
19602,0.024037436
19603,0.030287944
19604,0.029068384
19605,0.11570864
19606,0.13044626
19607,0.18902738
19608,0.30721676
19609,0.31407204
19610,0.11671956
19611,0.95333594
19612,0.110075355
19613,0.017382268
19614,0.09689733
19615,0.21020266
19616,0.019737054
19617,0.046427965
19618,0.28107697
19619,0.04849778
19620,0.029995779
19621,0.029605886
19622,0.038887285
19623,0.15830593
19624,0.31799528
19625,0.2369061
19626,0.3564299
19627,0.3285492
19628,0.11590994
19629,0.11206755
19630,0.31613874
19631,0.022045532
19632,0.1206489
19633,0.061928064
19634,0.042940117
19635,0.3538488
19636,0.2273167
19637,0.04684154
19638,0.38168064
19639,0.3146121
19640,0.06633933
19641,0.08567386
19642,0.06525433
19643,0.04303461
19644,0.010517558
19645,0.013705295
19646,0.025067534
19647,0.046342354
19648,0.07116091
19649,0.06711875
19650,0.094938
19651,0.33646217
19652,0.57652044
19653,0.33594495
19654,0.31085834
19655,0.3736226
19656,0.07476012
19657,0.06194015
19658,0.06293121
19659,0.10276048
19660,0.22953324
19661,0.052237872
19662,0.024363307
19663,0.052349553
19664,0.111423336
19665,0.017772721
19666,0.0020889516
19667,0.039510287
19668,0.08074509
19669,0.0197049
19670,0.014082452
19671,0.03355133
19672,0.018759891
19673,0.011255195
19674,0.028674597
19675,0.057599142
19676,0.046807416
19677,0.06360309
19678,0.2181809
19679,0.13469833
19680,0.26120296
19681,0.44293782
19682,0.42195728
19683,0.23932749
19684,0.087801695
19685,0.039718766
19686,0.019443184
19687,0.043154985
19688,0.089241624
19689,0.01409479
19690,0.008408854
19691,0.5827707
19692,0.041239366
19693,0.016502663
19694,0.049326193
19695,0.042569395
19696,0.08347516
19697,0.033212442
19698,0.040792383
19699,0.040460143
19700,0.013456732
19701,0.014171757
19702,0.02463058
19703,0.06551467
19704,0.07919649
19705,0.3709376
19706,0.32637423
19707,0.16692033
19708,0.6755322
19709,0.33570072
19710,0.3645
19711,0.18880941
19712,0.03434685
19713,0.02895644
19714,0.028701076
19715,0.040093973
19716,0.037815776
19717,0.028996855
19718,0.054388616
19719,0.35548493
19720,0.075905085
19721,0.31048253
19722,0.026622547
19723,0.08187202
19724,0.09483196
19725,0.10591691
19726,0.12933221
19727,0.03987849
19728,0.026597794
19729,0.007790313
19730,0.035512384
19731,0.11343859
19732,0.5950221
19733,0.30910295
19734,0.38790488
19735,0.30795354
19736,0.23724788
19737,0.12527049
19738,0.0669482
19739,0.03742824
19740,0.021784741
19741,0.011591708
19742,0.03110497
19743,0.02636761
19744,0.1003849
19745,0.10192775
19746,0.0660911
19747,0.23007895
19748,0.023617184
19749,0.06058115
19750,0.23154703
19751,0.03549636
19752,0.009496489
19753,0.010620193
19754,0.08559386
19755,0.19032711
19756,0.026119597
19757,0.0026580007
19758,0.17586824
19759,0.21654329
19760,0.058334373
19761,0.07882915
19762,0.026778206
19763,0.07589941
19764,0.06410853
19765,0.030761287
19766,0.09667247
19767,0.085375644
19768,0.036415685
19769,0.021226926
19770,0.16001773
19771,0.014085676
19772,0.07805888
19773,0.028838035
19774,0.09623761
19775,0.02974671
19776,0.037477016
19777,0.007716006
19778,0.03536341
19779,0.15753585
19780,0.3322471
19781,0.38236886
19782,0.090591304
19783,0.01732879
19784,0.023984715
19785,0.041534897
19786,0.014068923
19787,0.054626264
19788,0.10718011
19789,0.013330919
19790,0.024924628
19791,0.01378976
19792,0.017464096
19793,0.010915051
19794,0.02286769
19795,0.061761532
19796,0.07068615
19797,0.33336982
19798,0.0135227395
19799,0.015834102
19800,0.028434727
19801,0.058264494
19802,0.07646957
19803,0.33897153
19804,0.09009731
19805,0.111862674
19806,0.030385137
19807,0.06024887
19808,0.10249853
19809,0.045059506
19810,0.018100565
19811,0.009440965
19812,0.23417753
19813,0.01396126
19814,0.021979999
19815,0.1041223
19816,0.052175105
19817,0.034837656
19818,0.015916532
19819,0.023210842
19820,0.048356168
19821,0.24691215
19822,0.026524918
19823,0.018297318
19824,0.024563879
19825,0.03654886
19826,0.04869706
19827,0.1407677
19828,0.050623354
19829,0.2169563
19830,0.07717091
19831,0.02593102
19832,0.039217763
19833,0.04246935
19834,0.024698976
19835,0.2335477
19836,0.13678753
19837,0.015943091
19838,0.06520518
19839,0.04272318
19840,0.0084871445
19841,0.010556754
19842,0.339871
19843,0.47097456
19844,0.18324211
19845,0.07710383
19846,0.069380105
19847,0.041771445
19848,0.038163207
19849,0.073705606
19850,0.06628185
19851,0.08354076
19852,0.93529445
19853,0.018100565
19854,0.06380961
19855,0.014387381
19856,0.064486325
19857,0.06422731
19858,0.016283512
19859,0.03025427
19860,0.11453402
19861,0.30781677
19862,0.06011365
19863,0.11799167
19864,0.022374947
19865,0.06130194
19866,0.010283052
19867,0.021573076
19868,0.06476946
19869,0.023976097
19870,0.021573076
19871,0.0015061762
19872,0.044946417
19873,0.047722947
19874,0.022272004
19875,0.017496295
19876,0.04635407
19877,0.015578985
19878,0.1497003
19879,0.03584687
19880,0.028973637
19881,0.065632105
19882,0.0874927
19883,0.020582594
19884,0.046507787
19885,0.5500889
19886,0.054527357
19887,0.07734168
19888,0.041992262
19889,0.031018801
19890,0.038464207
19891,0.041018445
19892,0.012170049
19893,0.015008264
19894,0.25480995
19895,0.022543406
19896,0.005992231
19897,0.014804638
19898,0.009138798
19899,0.04127343
19900,0.08138904
19901,0.018668136
19902,0.009447331
19903,0.09168751
19904,0.03626613
19905,0.021497533
19906,0.005184182
19907,0.040740892
19908,0.31140938
19909,0.023552846
19910,0.0041575786
19911,0.0193516
19912,0.011833788
19913,0.03786819
19914,0.028593805
19915,0.12388256
19916,0.049252477
19917,0.014033381
19918,0.0140047595
19919,0.053928986
19920,0.1544138
19921,0.07667961
19922,0.061952014
19923,0.051802285
19924,0.022518232
19925,0.045040976
19926,0.015677094
19927,0.08399446
19928,0.15655357
19929,0.28434825
19930,0.005992231
19931,0.010517889
19932,0.013058744
19933,0.011829191
19934,0.0146976365
19935,0.010932603
19936,0.018206405
19937,0.0077868365
19938,0.01444126
19939,0.014052167
19940,0.021583578
19941,0.04593919
19942,0.043155972
19943,0.08965617
19944,0.10691817
19945,0.23560837
19946,0.022396635
19947,0.01141299
19948,0.016067797
19949,0.017479958
19950,0.006840048
19951,0.013486108
19952,0.026834065
19953,0.011630573
19954,0.013601345
19955,0.008264494
19956,0.006892453
19957,0.046837777
19958,0.02408199
19959,0.037573293
19960,0.012298044
19961,0.040360983
19962,0.013705295
19963,0.012365026
19964,0.008300051
19965,0.081860125
19966,0.022263795
19967,0.041716438
19968,0.010513228
19969,0.028639968
19970,0.012570171
19971,0.014171618
19972,0.0669136
19973,0.010443279
19974,0.23929465
19975,0.04849841
19976,0.052727748
19977,0.05360436
19978,0.065816894
19979,0.021734262
19980,0.009670916
19981,0.066488095
19982,0.014642613
19983,0.08351323
19984,0.108687714
19985,0.0153359845
19986,0.02230266
19987,0.028573537
19988,0.028515624
19989,0.023928188
19990,0.012047207
19991,0.0059367954
19992,0.010692651
19993,0.010539717
19994,0.006404347
19995,0.029005395
19996,0.009432562
19997,0.065250546
19998,0.048279013
19999,0.15295306
20000,0.01734764
20001,0.0036201545
20002,0.010266439
20003,0.013923257
20004,0.04203079
20005,0.018226719
20006,0.012381949
20007,0.022418477
20008,0.02889895
20009,0.010568263
20010,0.027236423
20011,0.13417388
20012,0.11251167
20013,0.008276173
20014,0.07627605
20015,0.019098671
20016,0.030096395
20017,0.046810314
20018,0.021631256
20019,0.044626135
20020,0.050321467
20021,0.044857908
20022,0.090930246
20023,0.034381513
20024,0.029206604
20025,0.12031722
20026,0.04739451
20027,0.068180464
20028,0.044693105
20029,0.13990828
20030,0.18592209
20031,0.2605519
20032,0.3530812
20033,0.0849855
20034,0.23834783
20035,0.05792942
20036,0.08064286
20037,0.032089468
20038,0.014250546
20039,0.12632431
20040,0.02811194
20041,0.51070267
20042,0.12895869
20043,0.045484323
20044,0.1295124
20045,0.06020164
20046,0.012290753
20047,0.041729763
20048,0.03158799
20049,0.0163859
20050,0.09166382
20051,0.13847798
20052,0.40654108
20053,0.39802054
20054,0.04397879
20055,0.106852435
20056,0.22114837
20057,0.020169314
20058,0.049091674
20059,0.040185448
20060,0.060832508
20061,0.080503576
20062,0.38967812
20063,0.110433765
20064,0.14502406
20065,0.41331664
20066,0.3829685
20067,0.05262423
20068,0.28231207
20069,0.045146804
20070,0.043069188
20071,0.030210547
20072,0.06203896
20073,0.08270237
20074,0.09432892
20075,0.028738389
20076,0.032508057
20077,0.06705538
20078,0.36814284
20079,0.0442191
20080,0.029146748
20081,0.04936501
20082,0.05330672
20083,0.0678388
20084,0.028527373
20085,0.08206436
20086,0.024793874
20087,0.048443895
20088,0.23230329
20089,0.16451095
20090,0.018349467
20091,0.035812244
20092,0.013552618
20093,0.0145802805
20094,0.013330919
20095,0.38677952
20096,0.098078944
20097,0.06832023
20098,0.2751059
20099,0.38604793
20100,0.005239856
20101,0.06673315
20102,0.045609977
20103,0.013054477
20104,0.018068375
20105,0.014852318
20106,0.03454628
20107,0.011758268
20108,0.06080315
20109,0.06290007
20110,0.08566546
20111,0.24721181
20112,0.37465274
20113,0.045520347
20114,0.04126555
20115,0.008315717
20116,0.021381607
20117,0.029688302
20118,0.22792694
20119,0.04037834
20120,0.056151163
20121,0.044009097
20122,0.23365691
20123,0.31076527
20124,0.04876782
20125,0.08116321
20126,0.01893859
20127,0.02062736
20128,0.036760435
20129,0.05112896
20130,0.024681462
20131,0.094988495
20132,0.13000011
20133,0.08324082
20134,0.08858401
20135,0.053450387
20136,0.031467147
20137,0.02876819
20138,0.026239265
20139,0.03039215
20140,0.07862608
20141,0.04835487
20142,0.108694635
20143,0.01397115
20144,0.0305931
20145,0.024333961
20146,0.017542806
20147,0.0143417325
20148,0.021634165
20149,0.03687585
20150,0.020599356
20151,0.05836151
20152,0.18736851
20153,0.23359968
20154,0.039763343
20155,0.035376795
20156,0.033308182
20157,0.08120549
20158,0.061010633
20159,0.04853196
20160,0.026807437
20161,0.14615093
20162,0.022742482
20163,0.021783898
20164,0.028561221
20165,0.0057099145
20166,0.04872986
20167,0.05220616
20168,0.15813912
20169,0.17980269
20170,0.16142441
20171,0.052428093
20172,0.034373805
20173,0.016994655
20174,0.046747077
20175,0.04117147
20176,0.011239705
20177,0.10095386
20178,0.040757757
20179,0.39438748
20180,0.08829448
20181,0.021091342
20182,0.095022306
20183,0.04548407
20184,0.043774802
20185,0.01882798
20186,0.015013674
20187,0.009306324
20188,0.050989036
20189,0.017304622
20190,0.018505575
20191,0.06425155
20192,0.039858736
20193,0.06363767
20194,0.048903227
20195,0.08064594
20196,0.27832767
20197,0.33143032
20198,0.082551405
20199,0.021753015
20200,0.06602863
20201,0.014836965
20202,0.03544209
20203,0.022574
20204,0.008609562
20205,0.06787293
20206,0.04631137
20207,0.09505014
20208,0.036846075
20209,0.08642973
20210,0.035674635
20211,0.048458137
20212,0.030852435
20213,0.017367618
20214,0.01830966
20215,0.10700807
20216,0.009442402
20217,0.028875649
20218,0.05864434
20219,0.029323906
20220,0.009442207
20221,0.02136398
20222,0.029582556
20223,0.04859563
20224,0.06103681
20225,0.09586327
20226,0.075791925
20227,0.1392344
20228,0.16542223
20229,0.15431552
20230,0.011836982
20231,0.06891249
20232,0.045521334
20233,0.0093555655
20234,0.037408095
20235,0.06930177
20236,0.04305241
20237,0.034236975
20238,0.045515634
20239,0.067260504
20240,0.02890918
20241,0.0459178
20242,0.021199832
20243,0.029105274
20244,0.060109764
20245,0.013875409
20246,0.03309229
20247,0.088985786
20248,0.048933428
20249,0.10508129
20250,0.31871688
20251,0.07912957
20252,0.14978604
20253,0.04924965
20254,0.061784822
20255,0.058353968
20256,0.067268826
20257,0.045586977
20258,0.018751642
20259,0.2368435
20260,0.057005167
20261,0.06496173
20262,0.048666105
20263,0.06431665
20264,0.017099189
20265,0.01865785
20266,0.019611118
20267,0.03358668
20268,0.23903438
20269,0.05361934
20270,0.03847348
20271,0.08221848
20272,0.4963554
20273,0.07009823
20274,0.014143135
20275,0.26473013
20276,0.04850437
20277,0.22399668
20278,0.18137106
20279,0.054199476
20280,0.0056637977
20281,0.018798618
20282,0.040959593
20283,0.04235725
20284,0.07998325
20285,0.12142595
20286,0.03636778
20287,0.21491943
20288,0.06772394
20289,0.0067898706
20290,0.06056468
20291,0.0141381705
20292,0.043432165
20293,0.053043015
20294,0.014083168
20295,0.09492945
20296,0.117003985
20297,0.21021654
20298,0.06452158
20299,0.028317807
20300,0.086869374
20301,0.21810104
20302,0.3064628
20303,0.0468554
20304,0.04369834
20305,0.021807887
20306,0.00927644
20307,0.053697094
20308,0.3785024
20309,0.033423234
20310,0.14341214
20311,0.33636087
20312,0.22631364
20313,0.0094006
20314,0.011759684
20315,0.008127164
20316,0.034575585
20317,0.04496316
20318,0.21531296
20319,0.29138494
20320,0.060844116
20321,0.06575854
20322,0.21849766
20323,0.113421984
20324,0.10194151
20325,0.22141282
20326,0.31925905
20327,0.06431251
20328,0.042484038
20329,0.07971204
20330,0.045533054
20331,0.24192317
20332,0.66357595
20333,0.005122924
20334,0.038667914
20335,0.24067833
20336,0.040943608
20337,0.16853856
20338,0.012312912
20339,0.04361016
20340,0.06149108
20341,0.015061596
20342,0.037383374
20343,0.3377671
20344,0.06386022
20345,0.062401816
20346,0.15630393
20347,0.11349948
20348,0.22591116
20349,0.32026812
20350,0.3133925
20351,0.024239814
20352,0.12980004
20353,0.11635573
20354,0.096223645
20355,0.6864189
20356,0.35598806
20357,0.33624706
20358,0.0057860063
20359,0.021936262
20360,0.18466191
20361,0.050517075
20362,0.024079872
20363,0.018956209
20364,0.046319384
20365,0.0056710504
20366,0.007044847
20367,0.010608563
20368,0.028289676
20369,0.04563743
20370,0.07504382
20371,0.0692558
20372,0.08140445
20373,0.06915223
20374,0.28361893
20375,0.13671504
20376,0.02463058
20377,0.08395353
20378,0.13950773
20379,0.018019376
20380,0.046657972
20381,0.73363966
20382,0.6770709
20383,0.3944301
20384,0.021500451
20385,0.07010013
20386,0.3616757
20387,0.06688386
20388,0.016157107
20389,0.051221415
20390,0.008109973
20391,0.046305027
20392,0.054975852
20393,0.040407334
20394,0.010485038
20395,0.31673303
20396,0.016474321
20397,0.026043946
20398,0.0799718
20399,0.081084654
20400,0.043673556
20401,0.04063907
20402,0.29259956
20403,0.25659084
20404,0.022280818
20405,0.10127381
20406,0.082045555
20407,0.08038516
20408,0.6689399
20409,0.6915696
20410,0.3959173
20411,0.014338582
20412,0.048120517
20413,0.022381337
20414,0.3269312
20415,0.075976506
20416,0.2194228
20417,0.035263855
20418,0.075144134
20419,0.018206405
20420,0.07515559
20421,0.08208334
20422,0.1170118
20423,0.1444064
20424,0.37622762
20425,0.33555886
20426,0.16202025
20427,0.10285256
20428,0.06687086
20429,0.047922973
20430,0.087870285
20431,0.035830885
20432,0.02892614
20433,0.11168726
20434,0.114649154
20435,0.054675106
20436,0.13216987
20437,0.022259254
20438,0.6705962
20439,1.0086809
20440,0.6786881
20441,0.099084586
20442,0.040375605
20443,0.16147779
20444,0.011665201
20445,0.3513477
20446,0.023748063
20447,0.015446256
20448,0.014878805
20449,0.028956776
20450,0.07500583
20451,0.04084115
20452,0.31134385
20453,0.5700472
20454,0.055611204
20455,0.079751015
20456,0.067340136
20457,0.22254243
20458,0.058881328
20459,0.29702762
20460,0.13178462
20461,0.030526755
20462,0.07800517
20463,0.08352633
20464,0.08098123
20465,0.040953115
20466,0.020703178
20467,0.27027902
20468,0.24598788
20469,0.1204729
20470,0.0626454
20471,0.024480624
20472,0.07286639
20473,0.05933246
20474,0.17283908
20475,0.025512805
20476,0.03449056
20477,0.03684297
20478,0.01520964
20479,0.017599765
20480,0.034051243
20481,0.03639411
20482,0.30109435
20483,0.44529116
20484,0.3127388
20485,0.23541857
20486,0.08778299
20487,0.14267707
20488,0.11716795
20489,0.38727129
20490,0.04823319
20491,0.031754572
20492,0.028768249
20493,0.11549108
20494,0.13886395
20495,0.11705866
20496,0.27470216
20497,0.3206512
20498,0.12044991
20499,0.9622292
20500,0.10830574
20501,0.017630482
20502,0.09373473
20503,0.22059627
20504,0.01998051
20505,0.045365036
20506,0.28506628
20507,0.048443526
20508,0.029660985
20509,0.029799046
20510,0.038314544
20511,0.10692212
20512,0.3204469
20513,0.237383
20514,0.36146542
20515,0.24534099
20516,0.11589008
20517,0.11246266
20518,0.31786266
20519,0.21855016
20520,0.061761808
20521,0.043292858
20522,0.35087064
20523,0.17402951
20524,0.04580061
20525,0.42017058
20526,0.23187517
20527,0.0056800926
20528,0.065703474
20529,0.08537561
20530,0.06536594
20531,0.043765076
20532,0.013873069
20533,0.02410637
20534,0.045263078
20535,0.07029036
20536,0.065765455
20537,0.0952857
20538,0.3530812
20539,0.5735321
20540,0.33817434
20541,0.30977175
20542,0.38209915
20543,0.07514522
20544,0.060973313
20545,0.064551726
20546,0.104828455
20547,0.16682686
20548,0.04998522
20549,0.024705164
20550,0.052155435
20551,0.11160908
20552,0.018054912
20553,0.0022641376
20554,0.039113265
20555,0.08062987
20556,0.019716792
20557,0.0339992
20558,0.011310993
20559,0.028714987
20560,0.056666255
20561,0.04549812
20562,0.062312413
20563,0.3038269
20564,0.22653882
20565,0.2839109
20566,0.44835252
20567,0.44076377
20568,0.25158015
20569,0.08586103
20570,0.039740697
20571,0.01898816
20572,0.042329013
20573,0.08719444
20574,0.013840958
20575,0.008550047
20576,0.028092835
20577,0.5884479
20578,0.04181446
20579,0.016521232
20580,0.04759882
20581,0.043370273
20582,0.082748115
20583,0.033527076
20584,0.04228951
20585,0.015761673
20586,0.039588917
20587,0.0137389
20588,0.014060432
20589,0.023879187
20590,0.06601
20591,0.07996623
20592,0.38003078
20593,0.32718003
20594,0.16014013
20595,0.6987791
20596,0.33547187
20597,0.37548608
20598,0.18687479
20599,0.028901592
20600,0.028790696
20601,0.03970155
20602,0.037145555
20603,0.0147819
20604,0.029781183
20605,0.05416992
20606,0.3714013
20607,0.07504972
20608,0.3162917
20609,0.02647497
20610,0.07904324
20611,0.09415567
20612,0.10788393
20613,0.13165255
20614,0.038812496
20615,0.00797439
20616,0.034805704
20617,0.11181671
20618,0.59314895
20619,0.31218433
20620,0.38243815
20621,0.22248146
20622,0.3403792
20623,0.12059266
20624,0.06624269
20625,0.037446238
20626,0.011858755
20627,0.031198094
20628,0.026024252
20629,0.09888738
20630,0.1023375
20631,0.07048944
20632,0.31268418
20633,0.023513258
20634,0.060240183
20635,0.0104425205
20636,0.3082165
20637,0.03557326
20638,0.009538981
20639,0.010529499
20640,0.08735953
20641,0.29001096
20642,0.02633758
20643,0.0026896917
20644,0.17618266
20645,0.22891071
20646,0.05758518
20647,0.07883295
20648,0.026803665
20649,0.07515461
20650,0.06343478
20651,0.031321973
20652,0.095483154
20653,0.084410556
20654,0.035877958
20655,0.02128997
20656,0.008972319
20657,0.087424435
20658,0.01441607
20659,0.0771419
20660,0.005763931
20661,0.030366022
20662,0.09641262
20663,0.029874219
20664,0.03669317
20665,0.0077099856
20666,0.033618208
20667,0.15941255
20668,0.34457383
20669,0.3825689
20670,0.08573321
20671,0.010590566
20672,0.024130628
20673,0.044126086
20674,0.013905037
20675,0.05343597
20676,0.111580946
20677,0.013579014
20678,0.025569523
20679,0.013879379
20680,0.02728001
20681,0.017180746
20682,0.021682201
20683,0.06076054
20684,0.070020065
20685,0.31923094
20686,0.013302084
20687,0.015752748
20688,0.06217355
20689,0.057864346
20690,0.0755679
20691,0.3435482
20692,0.09225599
20693,0.012098043
20694,0.1107764
20695,0.030572364
20696,0.0145451
20697,0.05988722
20698,0.10226035
20699,0.042666607
20700,0.017852565
20701,0.009533846
20702,0.23954654
20703,0.02824445
20704,0.014248943
20705,0.022511357
20706,0.10302558
20707,0.049826562
20708,0.03454912
20709,0.015868032
20710,0.023823153
20711,0.04777014
20712,0.25338262
20713,0.026905883
20714,0.0035059536
20715,0.017729599
20716,0.024589246
20717,0.036147393
20718,0.048021834
20719,0.22186512
20720,0.050798282
20721,0.22832134
20722,0.076614544
20723,0.02582106
20724,0.013699961
20725,0.041105673
20726,0.042040586
20727,0.024514398
20728,0.17206971
20729,0.01635713
20730,0.14162204
20731,0.016163977
20732,0.06520514
20733,0.04209607
20734,0.008534511
20735,0.34067643
20736,0.4527381
20737,0.09242183
20738,0.076522835
20739,0.0132314665
20740,0.06839343
20741,0.040914807
20742,0.037480064
20743,0.07235543
20744,0.06384244
20745,0.08173969
20746,0.94259065
20747,0.018040989
20748,0.063188784
20749,0.06293066
20750,0.06351894
20751,0.016062789
20752,0.030959789
20753,0.11729769
20754,0.38561305
20755,0.059828095
20756,0.117544375
20757,0.02224892
20758,0.06346474
20759,0.009124994
20760,0.021820638
20761,0.06342028
20762,0.024635455
20763,0.021723785
20764,0.043514106
20765,0.047478598
20766,0.02243958
20767,0.04402964
20768,0.0123831825
20769,0.015446926
20770,0.15820545
20771,0.030020408
20772,0.036319666
20773,0.014124392
20774,0.030003985
20775,0.0649943
20776,0.0847993
20777,0.020809803
20778,0.046691656
20779,0.5531213
20780,0.053370897
20781,0.07983389
20782,0.030822067
20783,0.038014542
20784,0.040342797
20785,0.012390925
20786,0.014493625
20787,0.34398392
20788,0.022671672
20789,0.0061223386
20790,0.015156138
20791,0.041355085
20792,0.081522554
20793,0.018399928
20794,0.009364546
20795,0.09239979
20796,0.03678918
20797,0.02291126
20798,0.04063786
20799,0.3073771
20800,0.022206081
20801,0.019153947
20802,0.019286538
20803,0.011849915
20804,0.037459817
20805,0.027863488
20806,0.12690747
20807,0.049675092
20808,0.014558869
20809,0.014222372
20810,0.0061120586
20811,0.05420591
20812,0.1589544
20813,0.077207804
20814,0.061728653
20815,0.05047155
20816,0.022588545
20817,0.045342617
20818,0.015370366
20819,0.08025457
20820,0.22550501
20821,0.28314507
20822,0.00945726
20823,0.013423281
20824,0.011721893
20825,0.010921158
20826,0.018277474
20827,0.007826753
20828,0.009318933
20829,0.014256192
20830,0.015608783
20831,0.008816297
20832,0.021943636
20833,0.044875372
20834,0.043216515
20835,0.08926345
20836,0.012389889
20837,0.10786853
20838,0.008146426
20839,0.23316318
20840,0.009488919
20841,0.009449012
20842,0.022271145
20843,0.011446724
20844,0.016081152
20845,0.017327033
20846,0.013761468
20847,0.026711227
20848,0.04629984
20849,0.024176534
20850,0.037121356
20851,0.04013197
20852,0.013756049
20853,0.0084451465
20854,0.011889886
20855,0.009564589
20856,0.07714818
20857,0.022388043
20858,0.040198166
20859,0.007528483
20860,0.028835658
20861,0.0143997995
20862,0.06737201
20863,0.01073974
20864,0.010579242
20865,0.32634732
20866,0.05285563
20867,0.05439692
20868,0.06649119
20869,0.021759328
20870,0.009542783
20871,0.06605681
20872,0.013814372
20873,0.08060699
20874,0.108487956
20875,0.015558169
20876,0.022545986
20877,0.027694818
20878,0.02926826
20879,0.024053594
20880,0.022636876
20881,0.010642968
20882,0.005914402
20883,0.02921826
20884,0.00944575
20885,0.064566724
20886,0.048406895
20887,0.028640324
20888,0.006010263
20889,0.15101753
20890,0.018177966
20891,0.02143452
20892,0.026667967
20893,0.010524927
20894,0.014273486
20895,0.042484716
20896,0.018628098
20897,0.012399722
20898,0.023580281
20899,0.029207015
20900,0.026856309
20901,0.13715252
20902,0.11780099
20903,0.017574744
20904,0.07642104
20905,0.019484919
20906,0.047558423
20907,0.05306359
20908,0.028868334
20909,0.031983145
20910,0.03463284
20911,0.043776255
20912,0.09325687
20913,0.03423451
20914,0.13136919
20915,0.043793444
20916,0.069129266
20917,0.045068353
20918,0.2218663
20919,0.30586606
20920,0.16744359
20921,0.06260913
20922,0.24794361
20923,0.07800207
20924,0.2483777
20925,0.058009654
20926,0.018790506
20927,0.08148184
20928,0.013412707
20929,0.035077214
20930,0.014142899
20931,0.1277508
20932,0.028362753
20933,0.5319941
20934,0.12661962
20935,0.13483611
20936,0.061485536
20937,0.012367468
20938,0.024449987
20939,0.041684806
20940,0.031342097
20941,0.037749466
20942,0.093906164
20943,0.14042723
20944,0.39215523
20945,0.3886031
20946,0.042771656
20947,0.0643821
20948,0.11299192
20949,0.3015289
20950,0.049233656
20951,0.040465243
20952,0.061092917
20953,0.030313069
20954,0.3741032
20955,0.11300268
20956,0.14675985
20957,0.39491358
20958,0.10234977
20959,0.3942066
20960,0.05267763
20961,0.37955233
20962,0.045137554
20963,0.045410607
20964,0.032572493
20965,0.062198922
20966,0.08467495
20967,0.095857754
20968,0.08438159
20969,0.02921661
20970,0.06716268
20971,0.3591882
20972,0.042191774
20973,0.028539
20974,0.04835724
20975,0.054592595
20976,0.06844281
20977,0.028610207
20978,0.039671272
20979,0.07005747
20980,0.025017116
20981,0.05078704
20982,0.23956631
20983,0.0557085
20984,0.16558397
20985,0.018615631
20986,0.046792988
20987,0.037321053
20988,0.013989611
20989,0.37537414
20990,0.09708596
20991,0.06975723
20992,0.1616199
20993,0.38615632
20994,0.066949554
20995,0.046162423
20996,0.013137308
20997,0.018028717
20998,0.0149967605
20999,0.00587307
21000,0.034584925
21001,0.009399537
21002,0.065277785
21003,0.064043805
21004,0.085074626
21005,0.17661473
21006,0.26660526
21007,0.047084592
21008,0.04174644
21009,0.02818476
21010,0.021506567
21011,0.02970169
21012,0.23013368
21013,0.018675422
21014,0.040699568
21015,0.05524359
21016,0.044260394
21017,0.024674078
21018,0.1362407
21019,0.38928068
21020,0.05463881
21021,0.08086849
21022,0.018870978
21023,0.020907002
21024,0.036538213
21025,0.05122578
21026,0.025115166
21027,0.0113405725
21028,0.094561264
21029,0.13146302
21030,0.08313645
21031,0.086935334
21032,0.05481821
21033,0.00930644
21034,0.031222805
21035,0.028244365
21036,0.0272046
21037,0.031479526
21038,0.08010969
21039,0.048246868
21040,0.10717145
21041,0.0141967805
21042,0.031532697
21043,0.024713984
21044,0.017509947
21045,0.014395242
21046,0.021777427
21047,0.037463143
21048,0.021716999
21049,0.058389474
21050,0.18833855
21051,0.30768886
21052,0.039017465
21053,0.035828397
21054,0.033955943
21055,0.0820335
21056,0.060931794
21057,0.014118257
21058,0.049544193
21059,0.026917348
21060,0.1480621
21061,0.02299273
21062,0.021968942
21063,0.02896007
21064,0.00587581
21065,0.07914483
21066,0.052754987
21067,0.15702371
21068,0.18772571
21069,0.28457206
21070,0.050125472
21071,0.034896936
21072,0.0173834
21073,0.04688524
21074,0.040974926
21075,0.0088245105
21076,0.102519974
21077,0.041139085
21078,0.3857478
21079,0.088371195
21080,0.021216301
21081,0.09579255
21082,0.04477565
21083,0.04444151
21084,0.019036746
21085,0.015126431
21086,0.009086258
21087,0.011975286
21088,0.050866406
21089,0.01760902
21090,0.018350096
21091,0.06631636
21092,0.040549435
21093,0.06328713
21094,0.04984047
21095,0.08129378
21096,0.15509216
21097,0.32992575
21098,0.052187447
21099,0.021752857
21100,0.06493497
21101,0.014895753
21102,0.03568999
21103,0.022446582
21104,0.00836333
21105,0.06739001
21106,0.04688628
21107,0.0984581
21108,0.037596226
21109,0.08480702
21110,0.035496384
21111,0.046795316
21112,0.030365644
21113,0.017547758
21114,0.018348416
21115,0.15417829
21116,0.009455004
21117,0.028380357
21118,0.05892954
21119,0.028785922
21120,0.021849057
21121,0.030594043
21122,0.04893571
21123,0.06104359
21124,0.09741116
21125,0.07536812
21126,0.21968417
21127,0.16781886
21128,0.10667382
21129,0.011970515
21130,0.06957974
21131,0.0457219
21132,0.0092371665
21133,0.037932433
21134,0.06917403
21135,0.020683939
21136,0.04286742
21137,0.034516647
21138,0.045909483
21139,0.0662573
21140,0.02911493
21141,0.046589866
21142,0.022133658
21143,0.017343238
21144,0.06112635
21145,0.013903184
21146,0.035229985
21147,0.0890851
21148,0.049411982
21149,0.10713523
21150,0.39457455
21151,0.07959523
21152,0.08821267
21153,0.04925461
21154,0.06152849
21155,0.05821167
21156,0.06596946
21157,0.045283925
21158,0.018894102
21159,0.18464912
21160,0.056827765
21161,0.065875165
21162,0.054446943
21163,0.06597179
21164,0.017182022
21165,0.024448879
21166,0.01879586
21167,0.019953033
21168,0.03281189
21169,0.23988119
21170,0.054293264
21171,0.038877383
21172,0.08336125
21173,0.5110128
21174,0.06835329
21175,0.0138461245
21176,0.26720598
21177,0.049092744
21178,0.22146259
21179,0.23491597
21180,0.05431702
21181,0.04169363
21182,0.043040197
21183,0.0814236
21184,0.1230489
21185,0.036602747
21186,0.22175398
21187,0.06920394
21188,0.060453292
21189,0.014363802
21190,0.019318616
21191,0.044942595
21192,0.05315439
21193,0.014225239
21194,0.0926443
21195,0.11821836
21196,0.11736612
21197,0.06615148
21198,0.028442767
21199,0.086207345
21200,0.13949382
21201,0.30612192
21202,0.047055747
21203,0.009475389
21204,0.044439755
21205,0.021038832
21206,0.00912207
21207,0.053411864
21208,0.3812364
21209,0.033709433
21210,0.13887288
21211,0.3394585
21212,0.22208326
21213,0.0123270545
21214,0.008144428
21215,0.034662258
21216,0.045195494
21217,0.21159407
21218,0.2999309
21219,0.00953101
21220,0.061294038
21221,0.06619567
21222,0.2209791
21223,0.11433056
21224,0.10534744
21225,0.1633213
21226,0.3105297
21227,0.065946154
21228,0.042277947
21229,0.07884471
21230,0.04456859
21231,0.24049337
21232,0.6859848
21233,0.005251879
21234,0.03755079
21235,0.32905352
21236,0.014160868
21237,0.040864106
21238,0.17467298
21239,0.043268338
21240,0.06227849
21241,0.014982416
21242,0.036418315
21243,0.0067259036
21244,0.34237555
21245,0.06737411
21246,0.063887134
21247,0.22195637
21248,0.11207619
21249,0.22708751
21250,0.32435453
21251,0.31518298
21252,0.024416694
21253,0.13276985
21254,0.12215142
21255,0.094555445
21256,0.6860925
21257,0.34341043
21258,0.33203906
21259,0.00575315
21260,0.021466468
21261,0.1821293
21262,0.05124297
21263,0.019421378
21264,0.010539978
21265,0.046833627
21266,0.0068809986
21267,0.010398964
21268,0.028921816
21269,0.046480104
21270,0.074983664
21271,0.07009704
21272,0.079781346
21273,0.0695795
21274,0.28871515
21275,0.13900824
21276,0.024861952
21277,0.08843405
21278,0.21850461
21279,0.01769753
21280,0.04712567
21281,0.7104247
21282,0.67753506
21283,0.38844427
21284,0.022134677
21285,0.015323802
21286,0.07092955
21287,0.3687171
21288,0.06657938
21289,0.016094867
21290,0.05225249
21291,0.00827409
21292,0.045351453
21293,0.055590797
21294,0.041577574
21295,0.010922498
21296,0.3131362
21297,0.016473781
21298,0.026005851
21299,0.12933181
21300,0.08113148
21301,0.043056715
21302,0.041227996
21303,0.28801495
21304,0.25345296
21305,0.021958338
21306,0.10218176
21307,0.08415887
21308,0.0797489
21309,0.68667835
21310,0.6888719
21311,0.39802054
21312,0.014177621
21313,0.051325105
21314,0.02166855
21315,0.325037
21316,0.07501951
21317,0.30197826
21318,0.035547808
21319,0.0753247
21320,0.018551156
21321,0.07539419
21322,0.083332755
21323,0.11927942
21324,0.14834304
21325,0.3724838
21326,0.32496336
21327,0.17197062
21328,0.10344294
21329,0.06563181
21330,0.049062286
21331,0.08682462
21332,0.03574602
21333,0.067195
21334,0.16022602
21335,0.1150143
21336,0.055302292
21337,0.08262547
21338,0.021992493
21339,0.688307
21340,0.9980151
21341,0.6903763
21342,0.10958961
21343,0.040959526
21344,0.15724245
21345,0.34006837
21346,0.015402252
21347,0.0293929
21348,0.075284585
21349,0.041170456
21350,0.31353426
21351,0.565346
21352,0.057541616
21353,0.0794066
21354,0.06706885
21355,0.122451395
21356,0.059451923
21357,0.28789374
21358,0.12982863
21359,0.032668658
21360,0.0776371
21361,0.08435641
21362,0.08290824
21363,0.04126228
21364,0.020789787
21365,0.2681244
21366,0.24625984
21367,0.12209972
21368,0.06250431
21369,0.08610435
21370,0.060367193
21371,0.22939384
21372,0.026508935
21373,0.03572985
21374,0.037108503
21375,0.017315945
21376,0.03537503
21377,0.03700793
21378,0.30393133
21379,0.4269103
21380,0.31127545
21381,0.22736263
21382,0.0891388
21383,0.14076288
21384,0.11706959
21385,0.37427637
21386,0.04889528
21387,0.0321829
21388,0.029708296
21389,0.116706185
21390,0.13304326
21391,0.11688686
21392,0.26836854
21393,0.23310702
21394,0.22144067
21395,0.96627355
21396,0.15967523
21397,0.01766256
21398,0.096242085
21399,0.21688698
21400,0.019465853
21401,0.045500115
21402,0.38208848
21403,0.049324527
21404,0.030056065
21405,0.029669158
21406,0.03933323
21407,0.10528932
21408,0.31302398
21409,0.32812542
21410,0.35698408
21411,0.23853226
21412,0.11862648
21413,0.11514558
21414,0.19465707
21415,0.022189248
21416,0.21694581
21417,0.061569404
21418,0.04327932
21419,0.34002763
21420,0.22643453
21421,0.044589154
21422,0.38010824
21423,0.2300897
21424,0.0059196996
21425,0.06748581
21426,0.08850466
21427,0.065875165
21428,0.010617575
21429,0.014082572
21430,0.025052847
21431,0.046875138
21432,0.071876034
21433,0.067118734
21434,0.09598019
21435,0.33387753
21436,0.5619813
21437,0.34549436
21438,0.30728477
21439,0.37405014
21440,0.07523277
21441,0.01756242
21442,0.062102955
21443,0.061043344
21444,0.10328671
21445,0.22446881
21446,0.051848855
21447,0.02407961
21448,0.051197417
21449,0.10891367
21450,0.002299523
21451,0.039994173
21452,0.08234808
21453,0.019941552
21454,0.014616041
21455,0.03312653
21456,0.01902892
21457,0.011314246
21458,0.029073525
21459,0.05884607
21460,0.04676851
21461,0.06474528
21462,0.31177604
21463,0.13892657
21464,0.26895928
21465,0.41743252
21466,0.39702854
21467,0.33002186
21468,0.086851835
21469,0.03991302
21470,0.019279752
21471,0.043118063
21472,0.08623038
21473,0.014166885
21474,0.008277546
21475,0.02817741
21476,0.61264277
21477,0.041399326
21478,0.016465444
21479,0.049471073
21480,0.044104617
21481,0.13723674
21482,0.041619748
21483,0.015955247
21484,0.040041722
21485,0.01375468
21486,0.013580403
21487,0.024628248
21488,0.06618277
21489,0.08043135
21490,0.38035703
21491,0.32494614
21492,0.16595402
21493,0.6811048
21494,0.34196508
21495,0.36648804
21496,0.18689662
21497,0.033922046
21498,0.029625524
21499,0.041018784
21500,0.038123537
21501,0.031055182
21502,0.053917143
21503,0.359939
21504,0.10471445
21505,0.31005818
21506,0.026477091
21507,0.08287702
21508,0.09525651
21509,0.10743943
21510,0.1337941
21511,0.039500177
21512,0.026394416
21513,0.0077486653
21514,0.03679187
21515,0.11610928
21516,0.57178587
21517,0.316358
21518,0.38365522
21519,0.21829428
21520,0.23506147
21521,0.213411
21522,0.06806365
21523,0.038160823
21524,0.012284749
21525,0.0315355
21526,0.026658038
21527,0.10005858
21528,0.10400644
21529,0.068101674
21530,0.22829825
21531,0.024028748
21532,0.061281983
21533,0.010398964
21534,0.31186414
21535,0.033768572
21536,0.009446793
21537,0.010398447
21538,0.08618239
21539,0.1863132
21540,0.026103795
21541,0.0027038879
21542,0.18456121
21543,0.13899781
21544,0.059213202
21545,0.07816173
21546,0.02687129
21547,0.074810304
21548,0.062971584
21549,0.03198464
21550,0.10008362
21551,0.08542574
21552,0.035818342
21553,0.021580366
21554,0.08803354
21555,0.011622446
21556,0.014412299
21557,0.07830925
21558,0.02903029
21559,0.09609541
21560,0.030742029
21561,0.03754135
21562,0.0077445633
21563,0.034460902
21564,0.21918121
21565,0.34293827
21566,0.376885
21567,0.09411047
21568,0.043879382
21569,0.054400787
21570,0.116258055
21571,0.013604208
21572,0.024095068
21573,0.0140783135
21574,0.026146274
21575,0.062160358
21576,0.071400784
21577,0.3280782
21578,0.013670475
21579,0.016675483
21580,0.061444335
21581,0.05897035
21582,0.07651328
21583,0.3342172
21584,0.09320167
21585,0.011571192
21586,0.112945184
21587,0.031100014
21588,0.014397337
21589,0.058244873
21590,0.10218471
21591,0.043690287
21592,0.011175381
21593,0.01814451
21594,0.009279293
21595,0.23908485
21596,0.014322662
21597,0.022420121
21598,0.10391937
21599,0.05154114
21600,0.034172423
21601,0.015861247
21602,0.023978982
21603,0.04934022
21604,0.2456189
21605,0.02748351
21606,0.018205913
21607,0.0250659
21608,0.03611681
21609,0.048678033
21610,0.21481831
21611,0.050780013
21612,0.14664184
21613,0.07653334
21614,0.025677795
21615,0.040549338
21616,0.042888515
21617,0.025111528
21618,0.23286153
21619,0.018063346
21620,0.13952734
21621,0.016239045
21622,0.064392984
21623,0.0427833
21624,0.00840105
21625,0.010555623
21626,0.3411507
21627,0.4689856
21628,0.18244901
21629,0.07660105
21630,0.013102229
21631,0.070180565
21632,0.04099234
21633,0.037557594
21634,0.074028745
21635,0.06606642
21636,0.084189594
21637,0.945623
21638,0.06264503
21639,0.014504249
21640,0.064755134
21641,0.064375125
21642,0.016301226
21643,0.031932812
21644,0.1222442
21645,0.37955767
21646,0.060457695
21647,0.12026342
21648,0.06275374
21649,0.009163679
21650,0.06470585
21651,0.024997251
21652,0.02186717
21653,0.044708226
21654,0.048644733
21655,0.020582015
21656,0.046786092
21657,0.015601179
21658,0.15121041
21659,0.030120865
21660,0.035968944
21661,0.014216876
21662,0.02903029
21663,0.06756994
21664,0.08665048
21665,0.020005511
21666,0.021887345
21667,0.045722757
21668,0.5594235
21669,0.055305745
21670,0.13912229
21671,0.043358058
21672,0.03153678
21673,0.03858204
21674,0.040547755
21675,0.01241974
21676,0.0149303805
21677,0.25455174
21678,0.022543587
21679,0.0058108266
21680,0.014758801
21681,0.009239622
21682,0.041024107
21683,0.14029178
21684,0.018596288
21685,0.009211174
21686,0.09380843
21687,0.036608685
21688,0.02161923
21689,0.040712062
21690,0.29497984
21691,0.024266804
21692,0.019284284
21693,0.03744977
21694,0.028695377
21695,0.12691756
21696,0.049607426
21697,0.014582976
21698,0.014293314
21699,0.005895395
21700,0.05463233
21701,0.11031154
21702,0.076975524
21703,0.06297461
21704,0.051229928
21705,0.022765938
21706,0.045055803
21707,0.015852747
21708,0.08380621
21709,0.1573387
21710,0.15861318
21711,0.009368337
21712,0.028676638
21713,0.013579691
21714,0.011790137
21715,0.01502808
21716,0.010481779
21717,0.018240742
21718,0.014484765
21719,0.014378791
21720,0.021605322
21721,0.044701915
21722,0.04357252
21723,0.08821485
21724,0.012333063
21725,0.009195609
21726,0.10501829
21727,0.31593743
21728,0.009936883
21729,0.009362104
21730,0.018718561
21731,0.009492327
21732,0.022363652
21733,0.009275836
21734,0.015887223
21735,0.017446974
21736,0.0066707097
21737,0.013897479
21738,0.026895188
21739,0.011823826
21740,0.0131027475
21741,0.047817007
21742,0.0242437
21743,0.040343292
21744,0.013814344
21745,0.008315651
21746,0.012181529
21747,0.008060694
21748,0.08132493
21749,0.022304645
21750,0.040809825
21751,0.007794434
21752,0.028747065
21753,0.014469085
21754,0.067557365
21755,0.013060621
21756,0.01183143
21757,0.010611153
21758,0.3186838
21759,0.04928332
21760,0.052294616
21761,0.054753706
21762,0.06571554
21763,0.02174194
21764,0.06690116
21765,0.014380901
21766,0.08427482
21767,0.007284162
21768,0.10790042
21769,0.015601179
21770,0.022220775
21771,0.028889902
21772,0.028278345
21773,0.022775404
21774,0.005949824
21775,0.010437646
21776,0.010802813
21777,0.028898485
21778,0.009441143
21779,0.010433499
21780,0.065395966
21781,0.048016552
21782,0.005930761
21783,0.1544058
21784,0.017627932
21785,0.021763265
21786,0.026994482
21787,0.010271824
21788,0.014495487
21789,0.042245876
21790,0.018393183
21791,0.012622479
21792,0.022407718
21793,0.030142954
21794,0.009274961
21795,0.02714375
21796,0.14114773
21797,0.11189527
21798,0.07669181
21799,0.0077386294
21800,0.018539868
21801,0.04472533
21802,0.042254828
21803,0.050653733
21804,0.043973327
21805,0.041156862
21806,0.0850834
21807,0.046839733
21808,0.03494857
21809,0.024947219
21810,0.028683791
21811,0.12807234
21812,0.04608095
21813,0.06829266
21814,0.2216923
21815,0.30469492
21816,0.019861905
21817,0.044092596
21818,0.3450105
21819,0.06339664
21820,0.24701287
21821,0.075494386
21822,0.25143993
21823,0.018827312
21824,0.08670266
21825,0.03319653
21826,0.014193362
21827,0.24086511
21828,0.02905943
21829,0.51232404
21830,0.12606141
21831,0.13336708
21832,0.06045267
21833,0.024596293
21834,0.09266681
21835,0.14265285
21836,0.38462046
21837,0.40475732
21838,0.04454724
21839,0.06064436
21840,0.11128284
21841,0.13720785
21842,0.049301066
21843,0.039324023
21844,0.061140243
21845,0.078630306
21846,0.029632721
21847,0.40128508
21848,0.11457153
21849,0.23517027
21850,0.3876087
21851,0.10366444
21852,0.37993428
21853,0.0526385
21854,0.28726658
21855,0.04363198
21856,0.04379437
21857,0.03156432
21858,0.0614849
21859,0.14352009
21860,0.096179634
21861,0.028711027
21862,0.034882113
21863,0.06619494
21864,0.36088598
21865,0.042229798
21866,0.048533157
21867,0.05491479
21868,0.0677739
21869,0.02855968
21870,0.046790708
21871,0.07237344
21872,0.024914337
21873,0.049061995
21874,0.23907436
21875,0.05608841
21876,0.16527495
21877,0.019362269
21878,0.03606405
21879,0.021984985
21880,0.014118975
21881,0.27869076
21882,0.09581963
21883,0.011918065
21884,0.06872226
21885,0.2715783
21886,0.38239875
21887,0.066412605
21888,0.04607792
21889,0.013220096
21890,0.018309152
21891,0.014454541
21892,0.0059965733
21893,0.034307294
21894,0.06083421
21895,0.06446152
21896,0.08376315
21897,0.24802825
21898,0.2653753
21899,0.01074995
21900,0.22461696
21901,0.04043611
21902,0.008241562
21903,0.0290236
21904,0.021834157
21905,0.029341655
21906,0.22745565
21907,0.018393917
21908,0.040526368
21909,0.05524359
21910,0.044218
21911,0.024559464
21912,0.13501434
21913,0.39280662
21914,0.065247834
21915,0.080800645
21916,0.01902892
21917,0.021058358
21918,0.037414525
21919,0.050735336
21920,0.024294216
21921,0.09477272
21922,0.13304316
21923,0.08534125
21924,0.08754821
21925,0.05340134
21926,0.03163905
21927,0.028664215
21928,0.02741222
21929,0.031479526
21930,0.0811667
21931,0.048633978
21932,0.10855129
21933,0.014266965
21934,0.030948622
21935,0.024346758
21936,0.018293932
21937,0.014163828
21938,0.0219097
21939,0.03736469
21940,0.022070676
21941,0.058714658
21942,0.18738775
21943,0.23172714
21944,0.03905209
21945,0.035702918
21946,0.033478912
21947,0.08247937
21948,0.061255928
21949,0.014628683
21950,0.049649816
21951,0.02690176
21952,0.22448371
21953,0.02254504
21954,0.021827867
21955,0.028232075
21956,0.005714285
21957,0.08159416
21958,0.05270689
21959,0.28159484
21960,0.1855176
21961,0.28114945
21962,0.052190483
21963,0.034524318
21964,0.01820456
21965,0.046917263
21966,0.04091106
21967,0.008692744
21968,0.10406657
21969,0.04109696
21970,0.3902047
21971,0.08983205
21972,0.02082337
21973,0.09552101
21974,0.045138184
21975,0.04438647
21976,0.018879492
21977,0.014701029
21978,0.05144531
21979,0.017799664
21980,0.01867064
21981,0.065826885
21982,0.03998407
21983,0.09700358
21984,0.04963568
21985,0.082960494
21986,0.2794558
21987,0.33402824
21988,0.051188428
21989,0.021716999
21990,0.06386134
21991,0.035394274
21992,0.06762874
21993,0.046147894
21994,0.09980519
21995,0.03696391
21996,0.08638346
21997,0.03536167
21998,0.048724305
21999,0.030537082
22000,0.10521432
22001,0.058883417
22002,0.028713929
22003,0.009532886
22004,0.021753438
22005,0.030056065
22006,0.04911181
22007,0.061905447
22008,0.09707508
22009,0.076516874
22010,0.21572083
22011,0.17221949
22012,0.15527323
22013,0.011706179
22014,0.0695119
22015,0.011091025
22016,0.045745216
22017,0.06957288
22018,0.029256636
22019,0.021474255
22020,0.04298086
22021,0.035174735
22022,0.012290937
22023,0.045909483
22024,0.065528505
22025,0.029125849
22026,0.046955895
22027,0.021605322
22028,0.028963858
22029,0.061094504
22030,0.031825848
22031,0.087994255
22032,0.049545955
22033,0.10467525
22034,0.39042702
22035,0.078857906
22036,0.08783464
22037,0.04972098
22038,0.0596229
22039,0.058698446
22040,0.067823574
22041,0.046326507
22042,0.01854111
22043,0.18004957
22044,0.057635807
22045,0.06588625
22046,0.04842282
22047,0.064777896
22048,0.024228819
22049,0.019853638
22050,0.03395187
22051,0.18706661
22052,0.05408547
22053,0.039250977
22054,0.082948044
22055,0.5070737
22056,0.068521805
22057,0.014130002
22058,0.26506537
22059,0.04910538
22060,0.16379493
22061,0.23599657
22062,0.053125493
22063,0.0053634504
22064,0.01946425
22065,0.04128435
22066,0.043437574
22067,0.080381624
22068,0.12491628
22069,0.035972204
22070,0.21438473
22071,0.0705655
22072,0.061151356
22073,0.014564292
22074,0.014383182
22075,0.01936338
22076,0.045126684
22077,0.052768294
22078,0.014424563
22079,0.09294917
22080,0.11927942
22081,0.11873407
22082,0.065591805
22083,0.02875117
22084,0.08684853
22085,0.13830614
22086,0.2998399
22087,0.0465935
22088,0.009277185
22089,0.043039374
22090,0.009064378
22091,0.054546025
22092,0.3769865
22093,0.03287882
22094,0.14323735
22095,0.3391109
22096,0.22501339
22097,0.012041136
22098,0.03448415
22099,0.04530991
22100,0.2149278
22101,0.29737106
22102,0.00942074
22103,0.06408448
22104,0.066158764
22105,0.12006889
22106,0.11411144
22107,0.10421181
22108,0.16246532
22109,0.31182367
22110,0.066438384
22111,0.04205658
22112,0.07697415
22113,0.04598713
22114,0.23475489
22115,0.70079523
22116,0.0070507945
22117,0.037592914
22118,0.32593822
22119,0.014290168
22120,0.040507212
22121,0.22649987
22122,0.04290796
22123,0.061803225
22124,0.015070741
22125,0.03721181
22126,0.0058535486
22127,0.3234779
22128,0.23509108
22129,0.06306904
22130,0.22107351
22131,0.11028608
22132,0.17228046
22133,0.32737035
22134,0.31587428
22135,0.025223684
22136,0.13089958
22137,0.11431339
22138,0.098398134
22139,0.69230705
22140,0.25894463
22141,0.33839983
22142,0.0056796577
22143,0.02187802
22144,0.115118496
22145,0.05178763
22146,0.019279752
22147,0.010657339
22148,0.04620571
22149,0.0058476944
22150,0.0068363375
22151,0.010488604
22152,0.028398694
22153,0.075048484
22154,0.07607155
22155,0.06970574
22156,0.081900395
22157,0.06997061
22158,0.2948188
22159,0.13900824
22160,0.08577251
22161,0.21621488
22162,0.018170344
22163,0.046786092
22164,0.69953245
22165,0.6954695
22166,0.39681187
22167,0.01623717
22168,0.07020089
22169,0.35859248
22170,0.06714384
22171,0.016436532
22172,0.052784145
22173,0.04603697
22174,0.054724768
22175,0.04024122
22176,0.01090629
22177,0.31046847
22178,0.016357832
22179,0.026354313
22180,0.1353576
22181,0.082634896
22182,0.043460045
22183,0.04141839
22184,0.29370397
22185,0.100255705
22186,0.021919474
22187,0.102164865
22188,0.084307924
22189,0.07827399
22190,0.6965902
22191,0.7019595
22192,0.39457753
22193,0.014138756
22194,0.05055968
22195,0.00810282
22196,0.32644597
22197,0.07574422
22198,0.22141556
22199,0.035674747
22200,0.07446028
22201,0.018551156
22202,0.07478246
22203,0.082445346
22204,0.11921158
22205,0.14772475
22206,0.36899522
22207,0.33386114
22208,0.17197062
22209,0.104323
22210,0.06728393
22211,0.049248707
22212,0.088683836
22213,0.037946865
22214,0.028505469
22215,0.02144304
22216,0.10955055
22217,0.11690161
22218,0.054292805
22219,0.085355334
22220,0.68253016
22221,1.0019699
22222,0.68759376
22223,0.09256703
22224,0.042567287
22225,0.15752287
22226,0.013205554
22227,0.3440092
22228,0.015411184
22229,0.029433995
22230,0.075227164
22231,0.041740615
22232,0.31212616
22233,0.5925376
22234,0.05793249
22235,0.07961325
22236,0.06769793
22237,0.12332175
22238,0.0588573
22239,0.28799757
22240,0.1352694
22241,0.030429909
22242,0.076950565
22243,0.08423672
22244,0.08434832
22245,0.041018452
22246,0.021143442
22247,0.36097047
22248,0.34416932
22249,0.21271972
22250,0.062896684
22251,0.024949756
22252,0.08578384
22253,0.06125987
22254,0.1716982
22255,0.026374206
22256,0.036149696
22257,0.037111763
22258,0.03628032
22259,0.03742659
22260,0.30281743
22261,0.43422738
22262,0.22994071
22263,0.22451028
22264,0.08612186
22265,0.14062029
22266,0.20354065
22267,0.38197222
22268,0.048937406
22269,0.03041219
22270,0.029204976
22271,0.114229344
22272,0.13218017
22273,0.114510745
22274,0.27004477
22275,0.23463042
22276,0.118828356
22277,0.9678067
22278,0.108132206
22279,0.017830668
22280,0.097290665
22281,0.13302666
22282,0.019565636
22283,0.045722757
22284,0.28362027
22285,0.04912554
22286,0.030015083
22287,0.02970169
22288,0.03908187
22289,0.104956
22290,0.31614137
22291,0.23641218
22292,0.35698408
22293,0.23539418
22294,0.121136926
22295,0.11391646
22296,0.3128515
22297,0.013356212
22298,0.022119133
22299,0.21548598
22300,0.06279669
22301,0.043436628
22302,0.3487803
22303,0.22432613
22304,0.04680413
22305,0.3857536
22306,0.3090048
22307,0.067561716
22308,0.08627167
22309,0.06532921
22310,0.047172606
22311,0.010602891
22312,0.0137881255
22313,0.025270807
22314,0.0470453
22315,0.071084894
22316,0.066368006
22317,0.1038925
22318,0.33256915
22319,0.59268063
22320,0.3372849
22321,0.30857772
22322,0.36798838
22323,0.07442151
22324,0.062191177
22325,0.06212033
22326,0.10548817
22327,0.22470291
22328,0.05205734
22329,0.024237553
22330,0.052363824
22331,0.10963455
22332,0.039670248
22333,0.08228023
22334,0.019787734
22335,0.0147739835
22336,0.033087663
22337,0.018954609
22338,0.11133684
22339,0.011164637
22340,0.028453311
22341,0.058688354
22342,0.046257544
22343,0.06482715
22344,0.221301
22345,0.22004415
22346,0.27352136
22347,0.44243488
22348,0.4157089
22349,0.24325597
22350,0.085557036
22351,0.019711547
22352,0.043075938
22353,0.08895241
22354,0.01445726
22355,0.0295748
22356,0.5822866
22357,0.0413572
22358,0.016453402
22359,0.04932033
22360,0.043889888
22361,0.08383377
22362,0.032872442
22363,0.041540682
22364,0.040083848
22365,0.013897479
22366,0.013340921
22367,0.024346758
22368,0.06704595
22369,0.07988632
22370,0.37899372
22371,0.32353145
22372,0.17099114
22373,0.6756724
22374,0.24258223
22375,0.3799942
22376,0.18365991
22377,0.03450355
22378,0.0295748
22379,0.029192178
22380,0.040246435
22381,0.037471086
22382,0.031193597
22383,0.05444336
22384,0.35312137
22385,0.07593978
22386,0.312668
22387,0.026537191
22388,0.08546876
22389,0.09439986
22390,0.10771618
22391,0.22633503
22392,0.039055716
22393,0.025752863
22394,0.035631403
22395,0.11537434
22396,0.6084663
22397,0.31428772
22398,0.3760396
22399,0.22568619
22400,0.23587579
22401,0.1228551
22402,0.06717512
22403,0.037565295
22404,0.01224686
22405,0.021852717
22406,0.032013938
22407,0.029781433
22408,0.09942643
22409,0.10412523
22410,0.06709106
22411,0.23093715
22412,0.023556592
22413,0.061240707
22414,0.2302707
22415,0.036228914
22416,0.08726421
22417,0.18884419
22418,0.026462495
22419,0.18571691
22420,0.13910824
22421,0.059255328
22422,0.079977535
22423,0.026856555
22424,0.076302305
22425,0.06240177
22426,0.0977704
22427,0.08463781
22428,0.03654241
22429,0.008955598
22430,0.16406567
22431,0.011751589
22432,0.07956171
22433,0.036261085
22434,0.028911242
22435,0.096127
22436,0.030014342
22437,0.03769922
22438,0.03428256
22439,0.15702486
22440,0.34079844
22441,0.37601024
22442,0.092634656
22443,0.012250122
22444,0.018207828
22445,0.024397267
22446,0.046231
22447,0.0544143
22448,0.117752604
22449,0.013192873
22450,0.025640788
22451,0.013934815
22452,0.026846921
22453,0.017747026
22454,0.011056915
22455,0.06278297
22456,0.07140685
22457,0.3235733
22458,0.013256006
22459,0.015867937
22460,0.064275846
22461,0.05987525
22462,0.07671839
22463,0.34386176
22464,0.09495853
22465,0.011790346
22466,0.15453249
22467,0.012320299
22468,0.02961674
22469,0.01445033
22470,0.060814906
22471,0.10302659
22472,0.044224683
22473,0.018022375
22474,0.009330303
22475,0.23670955
22476,0.028404584
22477,0.014210136
22478,0.022543436
22479,0.103275836
22480,0.052377548
22481,0.034523316
22482,0.016063543
22483,0.023940118
22484,0.049522154
22485,0.24598728
22486,0.027142566
22487,0.018232169
22488,0.024371954
22489,0.036172565
22490,0.0492382
22491,0.2175213
22492,0.05128083
22493,0.22040014
22494,0.07702496
22495,0.02680583
22496,0.040549338
22497,0.043142375
22498,0.02526482
22499,0.2303451
22500,0.016511703
22501,0.13952734
22502,0.016948719
22503,0.06628576
22504,0.046135005
22505,0.010656178
22506,0.32805836
22507,0.44916335
22508,0.18698156
22509,0.07727951
22510,0.012899082
22511,0.06975055
22512,0.042124342
22513,0.0367181
22514,0.07352537
22515,0.06591487
22516,0.08487687
22517,0.9393273
22518,0.064415246
22519,0.014564292
22520,0.064265974
22521,0.06408071
22522,0.01623717
22523,0.031560313
22524,0.12046415
22525,0.3136138
22526,0.06049982
22527,0.120488144
22528,0.022315627
22529,0.063137464
22530,0.06427403
22531,0.02494963
22532,0.021787185
22533,0.04535462
22534,0.048550393
22535,0.020456906
22536,0.01763414
22537,0.044521827
22538,0.015724743
22539,0.1511842
22540,0.031342912
22541,0.035907626
22542,0.013525014
22543,0.028610164
22544,0.06756994
22545,0.08896902
22546,0.020902896
22547,0.021770524
22548,0.046134915
22549,0.6023149
22550,0.055712193
22551,0.08285581
22552,0.04262617
22553,0.031851918
22554,0.039028198
22555,0.040471192
22556,0.012622479
22557,0.015001154
22558,0.25565538
22559,0.022565812
22560,0.015055584
22561,0.040497
22562,0.08173451
22563,0.018579975
22564,0.009298191
22565,0.09399012
22566,0.036650185
22567,0.021585766
22568,0.042028192
22569,0.30725095
22570,0.022333968
22571,0.01867923
22572,0.01929826
22573,0.011668357
22574,0.037811883
22575,0.02584157
22576,0.0043294537
22577,0.12605445
22578,0.049159106
22579,0.014296499
22580,0.0059465477
22581,0.05450584
22582,0.11330829
22583,0.07693945
22584,0.06173091
22585,0.051020823
22586,0.022486607
22587,0.015676297
22588,0.08203758
22589,0.22779968
22590,0.15974347
22591,0.009318013
22592,0.010555623
22593,0.02862367
22594,0.013658098
22595,0.011537074
22596,0.014780467
22597,0.010809128
22598,0.018204346
22599,0.01444601
22600,0.008952336
22601,0.015225465
22602,0.008941046
22603,0.02177772
22604,0.046484504
22605,0.042762548
22606,0.09053998
22607,0.10853055
22608,0.17265701
22609,0.009378886
22610,0.009452666
22611,0.022242134
22612,0.011752247
22613,0.009318793
22614,0.015891911
22615,0.017446974
22616,0.013967663
22617,0.026483461
22618,0.011827243
22619,0.013975843
22620,0.007828892
22621,0.048727684
22622,0.02431996
22623,0.03763778
22624,0.012454367
22625,0.040535595
22626,0.01411747
22627,0.0083706025
22628,0.012255021
22629,0.0080916835
22630,0.08136356
22631,0.040219873
22632,0.0076953666
22633,0.027804205
22634,0.014520569
22635,0.06723247
22636,0.0105142305
22637,0.32118168
22638,0.048979793
22639,0.05225249
22640,0.05471158
22641,0.00966434
22642,0.065801434
22643,0.021601476
22644,0.06511814
22645,0.08262784
22646,0.0074494705
22647,0.107208766
22648,0.015580823
22649,0.028858563
22650,0.02893958
22651,0.0060048355
22652,0.0108640455
22653,0.010590235
22654,0.029053926
22655,0.009456083
22656,0.010517734
22657,0.06460334
22658,0.048449736
22659,0.0037049837
22660,0.15478224
22661,0.018020863
22662,0.02148561
22663,0.014315459
22664,0.026994482
22665,0.010404319
22666,0.014383182
22667,0.042148624
22668,0.01846337
22669,0.012506907
22670,0.022543436
22671,0.029352268
22672,0.009205012
22673,0.010602891
22674,0.014745625
22675,0.025334867
22676,0.14128427
22677,0.11608984
22678,0.01765932
22679,0.07646686
22680,0.019576281
22681,0.02996599
22682,0.04760929
22683,0.042955488
22684,0.052400198
22685,0.09277769
22686,0.028822973
22687,0.12927651
22688,0.04608095
22689,0.06734628
22690,0.04263915
22691,0.23322368
22692,0.3113908
22693,0.046518795
22694,0.17006105
22695,0.24694616
22696,0.08730134
22697,0.13269636
22698,0.019504847
22699,0.08593137
22700,0.013596005
22701,0.03441102
22702,0.013900567
22703,0.24092431
22704,0.027099416
22705,0.49531722
22706,0.24303806
22707,0.049432497
22708,0.13478461
22709,0.062912084
22710,0.04164268
22711,0.031033384
22712,0.013994129
22713,0.038262837
22714,0.09608443
22715,0.23536916
22716,0.4072084
22717,0.39151424
22718,0.04272953
22719,0.064194955
22720,0.10529945
22721,0.227372
22722,0.020083955
22723,0.04752633
22724,0.040303282
22725,0.062139217
22726,0.029328432
22727,0.3833349
22728,0.11442473
22729,0.14657173
22730,0.38814357
22731,0.10315084
22732,0.37956938
22733,0.052826673
22734,0.28109103
22735,0.045829497
22736,0.031916015
22737,0.06389479
22738,0.08498449
22739,0.093704835
22740,0.027636098
22741,0.03360033
22742,0.06639395
22743,0.25433058
22744,0.03957806
22745,0.029338976
22746,0.048533157
22747,0.054773483
22748,0.06768878
22749,0.029067058
22750,0.0368038
22751,0.0868784
22752,0.050548363
22753,0.15519986
22754,0.055065986
22755,0.15847275
22756,0.039151102
22757,0.021714114
22758,0.28032753
22759,0.095759034
22760,0.069928445
22761,0.2724757
22762,0.2734469
22763,0.009402796
22764,0.005247867
22765,0.06590874
22766,0.046292923
22767,0.012973712
22768,0.014780467
22769,0.034275524
22770,0.06403302
22771,0.08262582
22772,0.17521445
22773,0.26452896
22774,0.010510753
22775,0.016501581
22776,0.053259026
22777,0.040866777
22778,0.008525847
22779,0.028171128
22780,0.021838263
22781,0.031055182
22782,0.22942173
22783,0.018552907
22784,0.039941944
22785,0.055827882
22786,0.04075311
22787,0.13505484
22788,0.39913005
22789,0.054783106
22790,0.08086849
22791,0.018905606
22792,0.020906312
22793,0.036825772
22794,0.0513344
22795,0.018993935
22796,0.025221538
22797,0.09783876
22798,0.13327615
22799,0.08251823
22800,0.088656016
22801,0.05444319
22802,0.009500547
22803,0.031737782
22804,0.028717183
22805,0.026549632
22806,0.030814074
22807,0.0041579586
22808,0.0795837
22809,0.0477161
22810,0.11049658
22811,0.014222094
22812,0.031608276
22813,0.024805292
22814,0.014157176
22815,0.02131962
22816,0.03791474
22817,0.021694774
22818,0.058714658
22819,0.18619852
22820,0.31118587
22821,0.039017465
22822,0.034882877
22823,0.033545308
22824,0.08385944
22825,0.061248153
22826,0.014266509
22827,0.04826347
22828,0.014703799
22829,0.026513195
22830,0.22675185
22831,0.022340596
22832,0.02187228
22833,0.02535704
22834,0.005718522
22835,0.076781005
22836,0.052768875
22837,0.15600541
22838,0.28400984
22839,0.2873382
22840,0.05197226
22841,0.034524318
22842,0.01747321
22843,0.046541
22844,0.04096538
22845,0.1035385
22846,0.041585572
22847,0.38973328
22848,0.088952385
22849,0.020494808
22850,0.09679946
22851,0.044989143
22852,0.044108916
22853,0.018995184
22854,0.009273092
22855,0.05144531
22856,0.018883165
22857,0.01742632
22858,0.018465893
22859,0.065484665
22860,0.03985876
22861,0.0907658
22862,0.049000878
22863,0.080755085
22864,0.29756325
22865,0.33887413
22866,0.05212126
22867,0.02155605
22868,0.06538022
22869,0.014895753
22870,0.035539445
22871,0.06739001
22872,0.04543634
22873,0.09848387
22874,0.037002776
22875,0.085183926
22876,0.0352946
22877,0.04834997
22878,0.031904615
22879,0.106341586
22880,0.009503552
22881,0.059425507
22882,0.028452752
22883,0.009406974
22884,0.022104522
22885,0.030676035
22886,0.04930832
22887,0.060815707
22888,0.09619595
22889,0.076097675
22890,0.21968417
22891,0.09783088
22892,0.15449633
22893,0.011687412
22894,0.06928616
22895,0.011178125
22896,0.04613171
22897,0.037599422
22898,0.06926854
22899,0.02997844
22900,0.020661192
22901,0.042325787
22902,0.034158662
22903,0.04597028
22904,0.06688065
22905,0.02888746
22906,0.04650046
22907,0.021681072
22908,0.028132264
22909,0.060915895
22910,0.013936344
22911,0.031512003
22912,0.08831676
22913,0.04916084
22914,0.10588084
22915,0.32153696
22916,0.077860326
22917,0.089092195
22918,0.049678855
22919,0.06205369
22920,0.05821167
22921,0.06720185
22922,0.04523762
22923,0.00953101
22924,0.3131045
22925,0.0568397
22926,0.06605328
22927,0.048436902
22928,0.0639166
22929,0.023919778
22930,0.018791625
22931,0.020057144
22932,0.032759394
22933,0.19095767
22934,0.05401385
22935,0.03860843
22936,0.082191296
22937,0.512413
22938,0.06828544
22939,0.014234554
22940,0.27736256
22941,0.04833353
22942,0.16323198
22943,0.18678646
22944,0.054239172
22945,0.01872677
22946,0.04168953
22947,0.043964617
22948,0.08037284
22949,0.12456557
22950,0.03599708
22951,0.1406683
22952,0.07056868
22953,0.06091367
22954,0.019109132
22955,0.04438941
22956,0.053540647
22957,0.014198434
22958,0.0938647
22959,0.11927942
22960,0.20268682
22961,0.06486039
22962,0.029278137
22963,0.08507251
22964,0.13800386
22965,0.30313852
22966,0.047087736
22967,0.043526955
22968,0.054331496
22969,0.38183597
22970,0.033478912
22971,0.1449607
22972,0.32960162
22973,0.14116685
22974,0.01224686
22975,0.01797284
22976,0.008108444
22977,0.033888426
22978,0.043908197
22979,0.21669644
22980,0.21706569
22981,0.009368337
22982,0.061182063
22983,0.066158764
22984,0.12233581
22985,0.11410072
22986,0.10263853
22987,0.16246362
22988,0.30945545
22989,0.0669607
22990,0.042864375
22991,0.07917903
22992,0.04562549
22993,0.1858544
22994,0.67518836
22995,0.0051555624
22996,0.03629577
22997,0.32098222
22998,0.0143735325
22999,0.04094154
23000,0.22754945
23001,0.014367484
23002,0.012431988
23003,0.042984713
23004,0.06174211
23005,0.015202853
23006,0.03712121
23007,0.005734086
23008,0.34213212
23009,0.068056434
23010,0.06383801
23011,0.22160506
23012,0.11166814
23013,0.17259668
23014,0.3261609
23015,0.30710578
23016,0.13323565
23017,0.08203406
23018,0.17079648
23019,0.69737387
23020,0.26014337
23021,0.25828156
23022,0.02187802
23023,0.18856262
23024,0.052405998
23025,0.024355017
23026,0.019630373
23027,0.04627926
23028,0.006705337
23029,0.010258972
23030,0.028950406
23031,0.04685909
23032,0.07543143
23033,0.06967605
23034,0.080998726
23035,0.07011491
23036,0.16223212
23037,0.27878094
23038,0.024825664
23039,0.088773824
23040,0.21628508
23041,0.01837264
23042,0.044643868
23043,0.72984225
23044,0.6857256
23045,0.38877088
23046,0.0054057306
23047,0.022050263
23048,0.070367165
23049,0.3676583
23050,0.066940166
23051,0.016482038
23052,0.0526334
23053,0.023436401
23054,0.0077445633
23055,0.045994844
23056,0.055497456
23057,0.040658362
23058,0.01090629
23059,0.3091839
23060,0.01622248
23061,0.026354313
23062,0.12996425
23063,0.08113148
23064,0.04356882
23065,0.041543115
23066,0.2917922
23067,0.0980387
23068,0.022438942
23069,0.101289324
23070,0.083144166
23071,0.081498995
23072,0.68672335
23073,0.7159807
23074,0.39366084
23075,0.014630583
23076,0.051216487
23077,0.022155954
23078,0.32427633
23079,0.076759845
23080,0.2176889
23081,0.035674747
23082,0.075566545
23083,0.018551156
23084,0.07702258
23085,0.08389043
23086,0.11228594
23087,0.14601304
23088,0.3742431
23089,0.34466273
23090,0.16779235
23091,0.107325055
23092,0.0653762
23093,0.0488094
23094,0.08877095
23095,0.036788378
23096,0.06301312
23097,0.11279137
23098,0.11469186
23099,0.05430462
23100,0.08712697
23101,0.02250003
23102,0.65102357
23103,0.98473585
23104,0.68843275
23105,0.09358141
23106,0.042601913
23107,0.16110231
23108,0.33855173
23109,0.023849193
23110,0.029390281
23111,0.075213775
23112,0.041170456
23113,0.31020582
23114,0.6232857
23115,0.05663185
23116,0.07901606
23117,0.06728399
23118,0.122566305
23119,0.060150944
23120,0.29189444
23121,0.13293546
23122,0.03143898
23123,0.07811487
23124,0.083933
23125,0.08392755
23126,0.04140381
23127,0.020815138
23128,0.26666135
23129,0.2484018
23130,0.12220677
23131,0.06293881
23132,0.024738494
23133,0.082749575
23134,0.060464866
23135,0.17196816
23136,0.026410004
23137,0.03641
23138,0.037332393
23139,0.015148504
23140,0.017607026
23141,0.03554253
23142,0.03655354
23143,0.30502024
23144,0.4256379
23145,0.23013552
23146,0.22451028
23147,0.08626547
23148,0.14076288
23149,0.11911185
23150,0.3834485
23151,0.048433557
23152,0.030667743
23153,0.029207151
23154,0.114124544
23155,0.13364945
23156,0.11494805
23157,0.27254152
23158,0.23556039
23159,0.12225705
23160,0.96305573
23161,0.10813913
23162,0.01717066
23163,0.09675586
23164,0.22424047
23165,0.020021524
23166,0.045791432
23167,0.28470525
23168,0.04903914
23169,0.030072493
23170,0.030565418
23171,0.039039746
23172,0.10277947
23173,0.31222916
23174,0.18753316
23175,0.36284503
23176,0.23142178
23177,0.11801398
23178,0.11436825
23179,0.23112385
23180,0.022303402
23181,0.12334297
23182,0.06161153
23183,0.047130786
23184,0.35722357
23185,0.22634883
23186,0.04680413
23187,0.3811001
23188,0.23229678
23189,0.005718522
23190,0.06577753
23191,0.08646419
23192,0.0648653
23193,0.044037722
23194,0.010727689
23195,0.013800185
23196,0.024937844
23197,0.046616815
23198,0.071249895
23199,0.06761277
23200,0.09590988
23201,0.34398815
23202,0.56726
23203,0.3225193
23204,0.30573177
23205,0.37582073
23206,0.07349778
23207,0.017258735
23208,0.062293567
23209,0.061628234
23210,0.16301084
23211,0.22475119
23212,0.05250566
23213,0.024040746
23214,0.05259412
23215,0.11014073
23216,0.01797284
23217,0.040116403
23218,0.08218086
23219,0.0201418
23220,0.0341247
23221,0.018905606
23222,0.11627509
23223,0.011314246
23224,0.028191531
23225,0.058045194
23226,0.04676851
23227,0.06454603
23228,0.21486074
23229,0.21877372
23230,0.28000733
23231,0.42725548
23232,0.41930735
23233,0.24131747
23234,0.15553732
23235,0.039545864
23236,0.04173874
23237,0.08681157
23238,0.0143402405
23239,0.029459575
23240,0.61213636
23241,0.041720256
23242,0.016514447
23243,0.049510203
23244,0.043889888
23245,0.084643945
23246,0.033461194
23247,0.041506242
23248,0.015596943
23249,0.040083848
23250,0.013878104
23251,0.0142129455
23252,0.024918076
23253,0.06740884
23254,0.08073281
23255,0.37491
23256,0.32397112
23257,0.16595402
23258,0.6920711
23259,0.24365796
23260,0.35901543
23261,0.19035232
23262,0.034914184
23263,0.02904677
23264,0.029300919
23265,0.041101884
23266,0.03788664
23267,0.029864103
23268,0.05460624
23269,0.3633835
23270,0.1090412
23271,0.2317345
23272,0.026463699
23273,0.082674526
23274,0.096543446
23275,0.10737158
23276,0.21886392
23277,0.039601788
23278,0.0034410944
23279,0.026824255
23280,0.008232531
23281,0.036753003
23282,0.115373746
23283,0.5880915
23284,0.3100338
23285,0.39409888
23286,0.2201115
23287,0.23514046
23288,0.12585112
23289,0.10030344
23290,0.033839308
23291,0.012032938
23292,0.021712894
23293,0.011585637
23294,0.026810152
23295,0.10227133
23296,0.10366892
23297,0.06819378
23298,0.17148052
23299,0.023739336
23300,0.06136854
23301,0.010372403
23302,0.30596843
23303,0.035306837
23304,0.08824039
23305,0.18258356
23306,0.026427867
23307,0.1811397
23308,0.1390404
23309,0.058385774
23310,0.07883258
23311,0.026663741
23312,0.07659482
23313,0.06441426
23314,0.031212902
23315,0.0995084
23316,0.08528789
23317,0.035798024
23318,0.021796012
23319,0.08778093
23320,0.011461853
23321,0.011319017
23322,0.014538105
23323,0.07814298
23324,0.02904265
23325,0.0964308
23326,0.030955296
23327,0.038123425
23328,0.007627203
23329,0.034350146
23330,0.15670207
23331,0.24192639
23332,0.3877087
23333,0.1031702
23334,0.04544749
23335,0.013911456
23336,0.05435866
23337,0.11699878
23338,0.013491904
23339,0.024750374
23340,0.014039448
23341,0.026146274
23342,0.017285438
23343,0.011176103
23344,0.022126818
23345,0.06278297
23346,0.0710493
23347,0.32550976
23348,0.012979998
23349,0.015642801
23350,0.028064547
23351,0.05959565
23352,0.07582384
23353,0.33008072
23354,0.09454669
23355,0.16119091
23356,0.031472515
23357,0.01420053
23358,0.061437532
23359,0.10581348
23360,0.044256315
23361,0.011212559
23362,0.0180124
23363,0.009368931
23364,0.23714426
23365,0.028351964
23366,0.011009162
23367,0.013914199
23368,0.02268451
23369,0.10619728
23370,0.051947333
23371,0.034264185
23372,0.015563632
23373,0.02400714
23374,0.04795725
23375,0.3396516
23376,0.027037682
23377,0.019499555
23378,0.024719607
23379,0.036895283
23380,0.048600007
23381,0.2175213
23382,0.05158473
23383,0.14672753
23384,0.07890296
23385,0.026268067
23386,0.014245702
23387,0.04072858
23388,0.042118117
23389,0.024731884
23390,0.32178718
23391,0.2272413
23392,0.016081102
23393,0.066529386
23394,0.043039877
23395,0.008274608
23396,0.010472364
23397,0.33750963
23398,0.46002522
23399,0.18273139
23400,0.07800841
23401,0.06965301
23402,0.041234083
23403,0.038974334
23404,0.07335137
23405,0.06569663
23406,0.08231129
23407,0.92741233
23408,0.063419975
23409,0.014529563
23410,0.06515921
23411,0.06339453
23412,0.016230471
23413,0.032082424
23414,0.12037046
23415,0.39700174
23416,0.059955686
23417,0.12052162
23418,0.022324787
23419,0.0614619
23420,0.06518253
23421,0.024416694
23422,0.0215814
23423,0.044901673
23424,0.048746902
23425,0.020306008
23426,0.01763483
23427,0.043496042
23428,0.015651649
23429,0.15029842
23430,0.030752834
23431,0.036736105
23432,0.014202647
23433,0.028670218
23434,0.068084195
23435,0.08908001
23436,0.021019494
23437,0.045749307
23438,0.5902012
23439,0.054292805
23440,0.08311065
23441,0.04218685
23442,0.032344613
23443,0.038363393
23444,0.04113628
23445,0.012256142
23446,0.015095075
23447,0.19767652
23448,0.02270153
23449,0.015157906
23450,0.041546896
23451,0.08034307
23452,0.018596288
23453,0.09381612
23454,0.03656982
23455,0.021641456
23456,0.04140588
23457,0.31036514
23458,0.018827723
23459,0.019318616
23460,0.037788507
23461,0.028747065
23462,0.12593564
23463,0.04913403
23464,0.014308559
23465,0.0059539014
23466,0.05448924
23467,0.110550426
23468,0.076312885
23469,0.06222091
23470,0.051791888
23471,0.022727074
23472,0.04477826
23473,0.015879033
23474,0.086520016
23475,0.15813799
23476,0.15971667
23477,0.009291597
23478,0.03012633
23479,0.013416492
23480,0.011665068
23481,0.0149967605
23482,0.018328063
23483,0.0077110995
23484,0.014484765
23485,0.009106505
23486,0.015249929
23487,0.01438001
23488,0.021566458
23489,0.045119118
23490,0.04368932
23491,0.08935317
23492,0.009392558
23493,0.1624526
23494,0.1736195
23495,0.009365366
23496,0.009572619
23497,0.022242134
23498,0.0116929645
23499,0.009444404
23500,0.01740811
23501,0.013670214
23502,0.027307581
23503,0.011418779
23504,0.013818967
23505,0.008223061
23506,0.0064506643
23507,0.04793537
23508,0.024332363
23509,0.03718806
23510,0.012423001
23511,0.013965553
23512,0.008195875
23513,0.08259707
23514,0.022010336
23515,0.0407665
23516,0.00793323
23517,0.010486012
23518,0.028444963
23519,0.06768835
23520,0.013276913
23521,0.010669814
23522,0.32806924
23523,0.04934877
23524,0.05225249
23525,0.055240482
23526,0.014268242
23527,0.00901525
23528,0.06597685
23529,0.021882055
23530,0.066043854
23531,0.084342666
23532,0.106490225
23533,0.015703943
23534,0.022010336
23535,0.028417395
23536,0.029216295
23537,0.0059089954
23538,0.01067486
23539,0.010896007
23540,0.029250339
23541,0.009320901
23542,0.010772713
23543,0.0652905
23544,0.04891565
23545,0.22762841
23546,0.012995377
23547,0.017498067
23548,0.021566458
23549,0.010327565
23550,0.014383182
23551,0.04273357
23552,0.018254375
23553,0.012454367
23554,0.022272116
23555,0.030158412
23556,0.009233498
23557,0.010443403
23558,0.014255238
23559,0.026930522
23560,0.14463791
23561,0.112756565
23562,0.017314544
23563,0.076993264
23564,0.019396199
23565,0.031926658
23566,0.045896836
23567,0.04714848
23568,0.052442323
23569,0.028777257
23570,0.035328835
23571,0.037223842
23572,0.0850834
23573,0.046858806
23574,0.034569893
23575,0.028735375
23576,0.12955889
23577,0.046473607
23578,0.06578608
23579,0.23421109
23580,0.19034563
23581,0.046939086
23582,0.16600022
23583,0.06552092
23584,0.35660928
23585,0.08715114
23586,0.13247775
23587,0.05894895
23588,0.08396375
23589,0.033664856
23590,0.0112624
23591,0.12799753
23592,0.028950326
23593,0.5092852
23594,0.12522237
23595,0.0456926
23596,0.04619152
23597,0.13458537
23598,0.0623284
23599,0.024557428
23600,0.041899536
23601,0.036373515
23602,0.09165243
23603,0.23683634
23604,0.39638186
23605,0.39311358
23606,0.060188532
23607,0.10697876
23608,0.22925006
23609,0.01993271
23610,0.04976936
23611,0.04035578
23612,0.06115003
23613,0.080853574
23614,0.03047904
23615,0.377295
23616,0.11546382
23617,0.14674003
23618,0.405271
23619,0.10315084
23620,0.37918526
23621,0.016511703
23622,0.052340757
23623,0.28011864
23624,0.046678074
23625,0.04549799
23626,0.031198805
23627,0.062056962
23628,0.08443586
23629,0.09987922
23630,0.07743987
23631,0.029400196
23632,0.065060556
23633,0.17106317
23634,0.04179784
23635,0.028833859
23636,0.049595837
23637,0.054887924
23638,0.06792751
23639,0.028841808
23640,0.036306128
23641,0.04424113
23642,0.067934066
23643,0.024972912
23644,0.04962401
23645,0.15519986
23646,0.05530341
23647,0.25422978
23648,0.018651463
23649,0.049105242
23650,0.03592723
23651,0.014225433
23652,0.39170566
23653,0.09636866
23654,0.069913015
23655,0.27206984
23656,0.39616704
23657,0.009360139
23658,0.0051555624
23659,0.06728393
23660,0.045194846
23661,0.013140569
23662,0.011799151
23663,0.061951987
23664,0.08235001
23665,0.1757665
23666,0.267162
23667,0.016583938
23668,0.2276341
23669,0.041788567
23670,0.028693093
23671,0.03056029
23672,0.30005246
23673,0.01833028
23674,0.039941944
23675,0.056821708
23676,0.044548612
23677,0.13343318
23678,0.3902861
23679,0.05522681
23680,0.0811021
23681,0.020873843
23682,0.037572857
23683,0.051631853
23684,0.00935793
23685,0.018309152
23686,0.024629045
23687,0.011407962
23688,0.0963359
23689,0.13117915
23690,0.08494556
23691,0.08720185
23692,0.055526238
23693,0.009451148
23694,0.031705823
23695,0.02855903
23696,0.027227737
23697,0.030827807
23698,0.004153554
23699,0.080402486
23700,0.047623698
23701,0.11110589
23702,0.013980488
23703,0.03133629
23704,0.024884345
23705,0.017660169
23706,0.013833583
23707,0.021852717
23708,0.037721172
23709,0.020601016
23710,0.021967331
23711,0.05841168
23712,0.18833855
23713,0.30725533
23714,0.039009966
23715,0.036561843
23716,0.033478912
23717,0.08300242
23718,0.061314885
23719,0.049950264
23720,0.012134585
23721,0.027192814
23722,0.21989225
23723,0.022960415
23724,0.022059303
23725,0.02855903
23726,0.005833684
23727,0.07984586
23728,0.05271286
23729,0.15315555
23730,0.1844227
23731,0.2929693
23732,0.052086674
23733,0.034457922
23734,0.017241774
23735,0.046506114
23736,0.04252247
23737,0.103343226
23738,0.041543446
23739,0.38317788
23740,0.089608274
23741,0.095618546
23742,0.045216847
23743,0.0149943195
23744,0.0092205955
23745,0.011971033
23746,0.05112267
23747,0.024970718
23748,0.018874966
23749,0.01766789
23750,0.018546904
23751,0.067517295
23752,0.03828757
23753,0.060708657
23754,0.049043003
23755,0.08037225
23756,0.28731295
23757,0.3308174
23758,0.05219342
23759,0.021333253
23760,0.06666066
23761,0.014856888
23762,0.03621643
23763,0.022062832
23764,0.0083706025
23765,0.06666103
23766,0.0465467
23767,0.09786936
23768,0.037596494
23769,0.08522559
23770,0.03584411
23771,0.048690904
23772,0.030302437
23773,0.017627932
23774,0.10934904
23775,0.009281528
23776,0.059030503
23777,0.02926634
23778,0.009530477
23779,0.021735318
23780,0.031575736
23781,0.04924863
23782,0.06077358
23783,0.09649389
23784,0.07656268
23785,0.21423309
23786,0.16788946
23787,0.10589946
23788,0.012012642
23789,0.06928114
23790,0.010930759
23791,0.045968913
23792,0.037448764
23793,0.06896858
23794,0.028978525
23795,0.020645075
23796,0.04286742
23797,0.034232154
23798,0.012362425
23799,0.045800865
23800,0.06757211
23801,0.028987778
23802,0.046655446
23803,0.021765485
23804,0.028799556
23805,0.017343238
23806,0.013989611
23807,0.06082639
23808,0.013971901
23809,0.03216372
23810,0.087256216
23811,0.049369857
23812,0.10555521
23813,0.32100415
23814,0.07841584
23815,0.09046558
23816,0.049582124
23817,0.061570615
23818,0.05802071
23819,0.06746787
23820,0.045283925
23821,0.009273092
23822,0.018452218
23823,0.18814027
23824,0.05623911
23825,0.06635079
23826,0.049135137
23827,0.06478578
23828,0.01788818
23829,0.024113126
23830,0.018953804
23831,0.019864572
23832,0.03364236
23833,0.24067226
23834,0.055130634
23835,0.03860843
23836,0.08301086
23837,0.50275296
23838,0.06825575
23839,0.01413217
23840,0.26745483
23841,0.047682583
23842,0.16246362
23843,0.23448652
23844,0.054865133
23845,0.019394064
23846,0.04181752
23847,0.043712266
23848,0.079135835
23849,0.12357589
23850,0.035958216
23851,0.14103292
23852,0.07141749
23853,0.061298784
23854,0.014237299
23855,0.019347608
23856,0.04485521
23857,0.0533472
23858,0.014221001
23859,0.09270778
23860,0.12187804
23861,0.21059863
23862,0.06588761
23863,0.028912103
23864,0.087798804
23865,0.13714497
23866,0.3050704
23867,0.046506114
23868,0.0092371665
23869,0.04348483
23870,0.022087527
23871,0.0091961445
23872,0.054396983
23873,0.38475835
23874,0.033545308
23875,0.14298664
23876,0.3339482
23877,0.13920628
23878,0.018055778
23879,0.03463049
23880,0.04519654
23881,0.22097282
23882,0.21934709
23883,0.009510976
23884,0.061508656
23885,0.06711675
23886,0.12199427
23887,0.18650897
23888,0.10179252
23889,0.16349888
23890,0.30755067
23891,0.06580555
23892,0.018905606
23893,0.04188671
23894,0.07900388
23895,0.0455918
23896,0.18458036
23897,0.7185552
23898,0.037715472
23899,0.3222321
23900,0.01420021
23901,0.041061442
23902,0.2276468
23903,0.0143225845
23904,0.043171454
23905,0.06230967
23906,0.015340551
23907,0.03701596
23908,0.005718522
23909,0.33946282
23910,0.0649214
23911,0.062436625
23912,0.22160506
23913,0.11015279
23914,0.17112227
23915,0.32553837
23916,0.3094687
23917,0.22796066
23918,0.11814329
23919,0.0969594
23920,0.6969377
23921,0.26215437
23922,0.33159697
23923,0.005718522
23924,0.021999538
23925,0.1141875
23926,0.05208442
23927,0.024513576
23928,0.019109132
23929,0.045298688
23930,0.006864396
23931,0.010395703
23932,0.029386297
23933,0.046581317
23934,0.07556274
23935,0.0699901
23936,0.080998726
23937,0.06950272
23938,0.16481887
23939,0.2700914
23940,0.024549706
23941,0.08666966
23942,0.2219662
23943,0.018225525
23944,0.046786092
23945,0.6923447
23946,0.6954285
23947,0.39407316
23948,0.022127116
23949,0.07090038
23950,0.36070165
23951,0.06654207
23952,0.016366346
23953,0.05278115
23954,0.007654346
23955,0.04602088
23956,0.055497456
23957,0.040616237
23958,0.01124238
23959,0.3161349
23960,0.0163606
23961,0.026476974
23962,0.07974506
23963,0.082575284
23964,0.042926885
23965,0.041543115
23966,0.29982302
23967,0.25326335
23968,0.022303224
23969,0.10136933
23970,0.083144166
23971,0.08104715
23972,0.68482524
23973,0.68250716
23974,0.38898686
23975,0.014138756
23976,0.07849815
23977,0.022639208
23978,0.3237414
23979,0.076362036
23980,0.2208813
23981,0.035677675
23982,0.075588696
23983,0.018589301
23984,0.07556188
23985,0.08276221
23986,0.11821836
23987,0.14810453
23988,0.36840156
23989,0.33855394
23990,0.28533578
23991,0.104323
23992,0.06464989
23993,0.048299693
23994,0.09247065
23995,0.03570709
23996,0.028839191
23997,0.11081418
23998,0.11558833
23999,0.05470995
24000,0.08676224
24001,0.022342088
24002,0.67137474
24003,0.9924617
24004,0.6965242
24005,0.09587231
24006,0.0422713
24007,0.15747614
24008,0.33156684
24009,0.023638416
24010,0.008689483
24011,0.015209549
24012,0.029040234
24013,0.074633904
24014,0.041405093
24015,0.30844367
24016,0.6231649
24017,0.057156503
24018,0.08036059
24019,0.06740313
24020,0.12615146
24021,0.05901224
24022,0.29678613
24023,0.13293546
24024,0.03143898
24025,0.0781704
24026,0.082893044
24027,0.0830569
24028,0.041113075
24029,0.02100561
24030,0.2700235
24031,0.32850912
24032,0.2185248
24033,0.06110292
24034,0.08603158
24035,0.011170363
24036,0.06026135
24037,0.17222913
24038,0.025880741
24039,0.03685172
24040,0.037371717
24041,0.017462512
24042,0.03518584
24043,0.03738744
24044,0.2954337
24045,0.44100708
24046,0.22828457
24047,0.22975118
24048,0.08605401
24049,0.13925949
24050,0.20043688
24051,0.37480038
24052,0.04899506
24053,0.024371954
24054,0.030199768
24055,0.028565522
24056,0.11413128
24057,0.13195242
24058,0.18589714
24059,0.37340668
24060,0.23306568
24061,0.1188962
24062,0.97505116
24063,0.10773238
24064,0.017627932
24065,0.17257193
24066,0.21884996
24067,0.0196045
24068,0.046747763
24069,0.40176347
24070,0.048329838
24071,0.030072493
24072,0.029669158
24073,0.03970662
24074,0.10308173
24075,0.30859864
24076,0.23747323
24077,0.3632275
24078,0.23853226
24079,0.118909314
24080,0.1137036
24081,0.23185918
24082,0.022430826
24083,0.12301213
24084,0.062136967
24085,0.043100078
24086,0.33898133
24087,0.2278797
24088,0.0447421
24089,0.38578734
24090,0.23003493
24091,0.005714285
24092,0.06694251
24093,0.087438956
24094,0.066258855
24095,0.010491691
24096,0.02542875
24097,0.046882637
24098,0.07107346
24099,0.067544244
24100,0.097867236
24101,0.3318525
24102,0.5766055
24103,0.3222462
24104,0.31048223
24105,0.3781403
24106,0.07627981
24107,0.062173128
24108,0.06166256
24109,0.10328671
24110,0.158164
24111,0.05262356
24112,0.024237553
24113,0.051023033
24114,0.11030022
24115,0.017720852
24116,0.0022262
24117,0.0394539
24118,0.08234808
24119,0.019787734
24120,0.014341625
24121,0.033641636
24122,0.0188158
24123,0.0118154185
24124,0.027855359
24125,0.05803864
24126,0.04672616
24127,0.06357237
24128,0.22113535
24129,0.14080009
24130,0.2816239
24131,0.43109968
24132,0.41653216
24133,0.23672007
24134,0.15553732
24135,0.043154754
24136,0.08942401
24137,0.014255775
24138,0.008235419
24139,0.58729935
24140,0.04187999
24141,0.016572446
24142,0.04932033
24143,0.0427783
24144,0.083933
24145,0.03352632
24146,0.04109696
24147,0.015457108
24148,0.040234026
24149,0.005288124
24150,0.01375468
24151,0.014176181
24152,0.024687538
24153,0.06798524
24154,0.082521886
24155,0.3795309
24156,0.3242753
24157,0.16595402
24158,0.69992095
24159,0.33132413
24160,0.36437026
24161,0.18831253
24162,0.034454037
24163,0.0299897
24164,0.041102216
24165,0.037321147
24166,0.015132512
24167,0.029887242
24168,0.054366607
24169,0.3662368
24170,0.106012166
24171,0.312668
24172,0.026129972
24173,0.08408356
24174,0.096543446
24175,0.108442724
24176,0.2202066
24177,0.03946007
24178,0.0363962
24179,0.1161171
24180,0.6148959
24181,0.31599376
24182,0.391112
24183,0.21843861
24184,0.23527272
24185,0.12281225
24186,0.06717512
24187,0.036116507
24188,0.02165591
24189,0.026343768
24190,0.100920096
24191,0.10418356
24192,0.06627114
24193,0.17113246
24194,0.023460487
24195,0.061281983
24196,0.0103114685
24197,0.23205765
24198,0.035681386
24199,0.011156925
24200,0.086184286
24201,0.19195895
24202,0.026766706
24203,0.18459482
24204,0.14119852
24205,0.060947504
24206,0.079977535
24207,0.027009157
24208,0.07617052
24209,0.06331904
24210,0.030859698
24211,0.09671847
24212,0.088277064
24213,0.035825554
24214,0.009104399
24215,0.0887098
24216,0.011574157
24217,0.11890847
24218,0.0059465626
24219,0.029298684
24220,0.09626915
24221,0.030826587
24222,0.037632607
24223,0.03464914
24224,0.15633558
24225,0.33166084
24226,0.38638753
24227,0.08861437
24228,0.012254656
24229,0.017476743
24230,0.024289077
24231,0.04556369
24232,0.053961705
24233,0.11552417
24234,0.01341375
24235,0.025834568
24236,0.014156468
24237,0.026913242
24238,0.017285438
24239,0.01116922
24240,0.021002488
24241,0.0061042
24242,0.061353434
24243,0.07096801
24244,0.3251847
24245,0.013600291
24246,0.015981633
24247,0.028640479
24248,0.059119392
24249,0.076643944
24250,0.33981404
24251,0.091663234
24252,0.014751641
24253,0.009319112
24254,0.15340218
24255,0.012322571
24256,0.031100014
24257,0.014703799
24258,0.060792264
24259,0.1673308
24260,0.044182558
24261,0.019350143
24262,0.009411057
24263,0.23549631
24264,0.028236214
24265,0.014232227
24266,0.022543436
24267,0.10378608
24268,0.05195733
24269,0.034291714
24270,0.015861247
24271,0.023978982
24272,0.049173743
24273,0.33938608
24274,0.027026173
24275,0.017761678
24276,0.024371954
24277,0.03613044
24278,0.049156945
24279,0.22015806
24280,0.051090736
24281,0.21778148
24282,0.07866935
24283,0.026300713
24284,0.04082521
24285,0.04298043
24286,0.024731884
24287,0.23150834
24288,0.13651039
24289,0.015987061
24290,0.06536791
24291,0.04290719
24292,0.010520996
24293,0.3298896
24294,0.48055315
24295,0.18698156
24296,0.077909626
24297,0.012974236
24298,0.06975055
24299,0.042082217
24300,0.038647152
24301,0.07488986
24302,0.066056825
24303,0.08487006
24304,0.94093627
24305,0.01810221
24306,0.06251492
24307,0.014068603
24308,0.06504122
24309,0.063908465
24310,0.016282715
24311,0.03063407
24312,0.120572925
24313,0.31031725
24314,0.06008858
24315,0.21108253
24316,0.022242134
24317,0.06268647
24318,0.065207995
24319,0.024934465
24320,0.0219097
24321,0.044859547
24322,0.04788226
24323,0.02225276
24324,0.017630724
24325,0.04526386
24326,0.015546
24327,0.15108988
24328,0.029826595
24329,0.035968944
24330,0.028911242
24331,0.067830265
24332,0.086592704
24333,0.020907002
24334,0.045718268
24335,0.6252644
24336,0.05541091
24337,0.08227683
24338,0.042110097
24339,0.031023517
24340,0.038241986
24341,0.040547755
24342,0.012463817
24343,0.19734342
24344,0.022102863
24345,0.014706304
24346,0.04099153
24347,0.14070718
24348,0.018428756
24349,0.009322373
24350,0.18375306
24351,0.03607243
24352,0.040858727
24353,0.30725685
24354,0.022545189
24355,0.018943105
24356,0.0042404104
24357,0.019476559
24358,0.012012642
24359,0.037788507
24360,0.02820382
24361,0.1269449
24362,0.04920123
24363,0.0057331743
24364,0.05450584
24365,0.113333635
24366,0.07786379
24367,0.061893925
24368,0.051746503
24369,0.04550083
24370,0.015582253
24371,0.08269789
24372,0.15819637
24373,0.16402364
24374,0.0092371665
24375,0.028676638
24376,0.01344271
24377,0.011742001
24378,0.014977275
24379,0.010867594
24380,0.01829324
24381,0.014668209
24382,0.009051071
24383,0.014554399
24384,0.014629603
24385,0.008693898
24386,0.02187788
24387,0.045371342
24388,0.043652624
24389,0.09081259
24390,0.005321987
24391,0.105959855
24392,0.00835552
24393,0.23353128
24394,0.018274741
24395,0.022242134
24396,0.011783566
24397,0.017578749
24398,0.026880452
24399,0.011710707
24400,0.003654659
24401,0.013099486
24402,0.013897688
24403,0.0081758415
24404,0.0067474637
24405,0.048277944
24406,0.023729939
24407,0.03840615
24408,0.012559344
24409,0.040787015
24410,0.014004418
24411,0.008548109
24412,0.012220394
24413,0.007953063
24414,0.08195868
24415,0.022461243
24416,0.040319998
24417,0.0077978508
24418,0.010353595
24419,0.028695377
24420,0.011272638
24421,0.014284398
24422,0.06768996
24423,0.013060621
24424,0.011734124
24425,0.010560765
24426,0.010361142
24427,0.322421
24428,0.04663735
24429,0.052294616
24430,0.054717004
24431,0.003132004
24432,0.06594339
24433,0.021662865
24434,0.06507525
24435,0.08135671
24436,0.10727661
24437,0.015615051
24438,0.02238122
24439,0.028571343
24440,0.028605618
24441,0.02425887
24442,0.022379251
24443,0.010802813
24444,0.031711407
24445,0.009317639
24446,0.010381002
24447,0.06429057
24448,0.04937751
24449,0.027895566
24450,0.15449986
24451,0.012992116
24452,0.026818221
24453,0.010245905
24454,0.0144339865
24455,0.042548753
24456,0.012454367
24457,0.022062832
24458,0.029631484
24459,0.009370296
24460,0.027483577
24461,0.22821754
24462,0.113371305
24463,0.017733008
24464,0.07642027
24465,0.019181505
24466,0.030374594
24467,0.047572896
24468,0.043065447
24469,0.051913664
24470,0.047142558
24471,0.008131636
24472,0.12640257
24473,0.046490338
24474,0.06724772
24475,0.14371797
24476,0.19645049
24477,0.043504167
24478,0.013988077
24479,0.25724033
24480,0.06774564
24481,0.24798466
24482,0.092474565
24483,0.13496363
24484,0.025615621
24485,0.01887848
24486,0.09845057
24487,0.013477508
24488,0.03144644
24489,0.014145858
24490,0.12867562
24491,0.027987946
24492,0.5234255
24493,0.23917535
24494,0.046816364
24495,0.1338233
24496,0.06235107
24497,0.04091627
24498,0.016734447
24499,0.013753282
24500,0.03704587
24501,0.09431317
24502,0.36317685
24503,0.410307
24504,0.38761595
24505,0.04245974
24506,0.06419684
24507,0.11388627
24508,0.14020425
24509,0.008754284
24510,0.01921498
24511,0.04908417
24512,0.04103847
24513,0.06095132
24514,0.08112379
24515,0.030514851
24516,0.3663238
24517,0.12142083
24518,0.32406092
24519,0.39078814
24520,0.10560966
24521,0.022035161
24522,0.37587056
24523,0.016692197
24524,0.05179261
24525,0.2839334
24526,0.046700746
24527,0.044053372
24528,0.03226845
24529,0.062058836
24530,0.07994471
24531,0.095814325
24532,0.086631946
24533,0.028816035
24534,0.0302739
24535,0.06481558
24536,0.17080396
24537,0.042507306
24538,0.029063117
24539,0.049389143
24540,0.056741547
24541,0.06619918
24542,0.029025057
24543,0.03642619
24544,0.03973607
24545,0.088009596
24546,0.025066746
24547,0.047543425
24548,0.15507016
24549,0.056970652
24550,0.2594338
24551,0.04659086
24552,0.037636586
24553,0.022173138
24554,0.013936486
24555,0.013439686
24556,0.015075587
24557,0.38306087
24558,0.09756081
24559,0.06997365
24560,0.15665522
24561,0.19822077
24562,0.065538
24563,0.046293713
24564,0.03449116
24565,0.0594108
24566,0.061299413
24567,0.17487027
24568,0.26272836
24569,0.01655963
24570,0.23555993
24571,0.04106219
24572,0.008339086
24573,0.030402776
24574,0.22925681
24575,0.018076612
24576,0.041001633
24577,0.010682376
24578,0.05730454
24579,0.040134966
24580,0.024954792
24581,0.1343565
24582,0.3893514
24583,0.055822838
24584,0.07939154
24585,0.01924754
24586,0.02080552
24587,0.03717647
24588,0.051467407
24589,0.009263672
24590,0.024923144
24591,0.01176135
24592,0.09503611
24593,0.13101894
24594,0.08211007
24595,0.08778813
24596,0.05550748
24597,0.009519211
24598,0.031825874
24599,0.02874312
24600,0.027354661
24601,0.03161823
24602,0.07860902
24603,0.048430912
24604,0.2616301
24605,0.014274615
24606,0.0320439
24607,0.024851602
24608,0.01749112
24609,0.014123183
24610,0.021917518
24611,0.037542526
24612,0.020341383
24613,0.021917518
24614,0.058412146
24615,0.24926293
24616,0.3111854
24617,0.040845536
24618,0.035651203
24619,0.033702772
24620,0.08374584
24621,0.061961427
24622,0.049345315
24623,0.0142663745
24624,0.0120164
24625,0.02696656
24626,0.22726852
24627,0.023004064
24628,0.021849552
24629,0.027962048
24630,0.0059183496
24631,0.0773178
24632,0.05242206
24633,0.2892221
24634,0.28308985
24635,0.28576234
24636,0.05223126
24637,0.034104884
24638,0.017965313
24639,0.04861514
24640,0.04097
24641,0.10361788
24642,0.041817673
24643,0.38443688
24644,0.089423895
24645,0.021281103
24646,0.093923524
24647,0.04595803
24648,0.044628095
24649,0.015114299
24650,0.009479276
24651,0.01189297
24652,0.051445767
24653,0.02503552
24654,0.01927653
24655,0.011838576
24656,0.017397076
24657,0.01849183
24658,0.06588518
24659,0.040846
24660,0.06122474
24661,0.04946724
24662,0.07996201
24663,0.29220742
24664,0.3295247
24665,0.052082177
24666,0.021829206
24667,0.06472729
24668,0.015118498
24669,0.035284884
24670,0.02247252
24671,0.06728132
24672,0.045588426
24673,0.100059174
24674,0.03780174
24675,0.08464045
24676,0.037028912
24677,0.048499193
24678,0.030811444
24679,0.017692734
24680,0.10580648
24681,0.029111572
24682,0.059667133
24683,0.028780632
24684,0.009553152
24685,0.021582909
24686,0.030194772
24687,0.04904567
24688,0.062044904
24689,0.09890603
24690,0.07540185
24691,0.29694447
24692,0.1714722
24693,0.15360665
24694,0.011895712
24695,0.06867147
24696,0.011160064
24697,0.045918267
24698,0.03801864
24699,0.06849258
24700,0.029619917
24701,0.02073023
24702,0.0436979
24703,0.03441602
24704,0.011719497
24705,0.045729548
24706,0.06710923
24707,0.030008353
24708,0.04692156
24709,0.028811866
24710,0.014054412
24711,0.06181904
24712,0.013867796
24713,0.032963336
24714,0.089519985
24715,0.04998409
24716,0.10553117
24717,0.32390732
24718,0.07800768
24719,0.088905655
24720,0.048941232
24721,0.092783116
24722,0.057988737
24723,0.06730861
24724,0.04550969
24725,0.009443415
24726,0.009109121
24727,0.01866109
24728,0.2352975
24729,0.057045568
24730,0.064844556
24731,0.049049858
24732,0.06339984
24733,0.017991006
24734,0.024177928
24735,0.020865887
24736,0.03305953
24737,0.23993248
24738,0.054799322
24739,0.03739642
24740,0.08267055
24741,0.5185134
24742,0.06839601
24743,0.013949791
24744,0.27289486
24745,0.048693653
24746,0.21843567
24747,0.23609772
24748,0.054349132
24749,0.04159988
24750,0.044645313
24751,0.08072964
24752,0.12309816
24753,0.036312614
24754,0.14028749
24755,0.07001304
24756,0.00673551
24757,0.061541874
24758,0.019537231
24759,0.044699445
24760,0.05300992
24761,0.01433412
24762,0.093707345
24763,0.11894276
24764,0.20508966
24765,0.06455081
24766,0.028388793
24767,0.08594969
24768,0.13973714
24769,0.30332553
24770,0.047980785
24771,0.009301968
24772,0.042769685
24773,0.021292187
24774,0.00912918
24775,0.054506943
24776,0.40652573
24777,0.03439295
24778,0.14362903
24779,0.32919717
24780,0.14178489
24781,0.017924462
24782,0.01172861
24783,0.03402713
24784,0.045293298
24785,0.21450032
24786,0.31559956
24787,0.009301968
24788,0.0912784
24789,0.06580022
24790,0.21583031
24791,0.17985189
24792,0.10446579
24793,0.16244756
24794,0.31554985
24795,0.06586249
24796,0.04261912
24797,0.08072158
24798,0.04573545
24799,0.23733051
24800,0.70155495
24801,0.005312668
24802,0.037898984
24803,0.33321822
24804,0.014100092
24805,0.040733203
24806,0.17552911
24807,0.012419729
24808,0.043317597
24809,0.061702434
24810,0.015422152
24811,0.03682847
24812,0.005928032
24813,0.34678546
24814,0.24825369
24815,0.062225714
24816,0.22716363
24817,0.11393171
24818,0.22877057
24819,0.3290527
24820,0.23033562
24821,0.024877612
24822,0.22164097
24823,0.117910534
24824,0.10070831
24825,0.7081563
24826,0.258869
24827,0.25639367
24828,0.0059183496
24829,0.021900838
24830,0.18067323
24831,0.050200462
24832,0.026976999
24833,0.019695174
24834,0.011350026
24835,0.04717498
24836,0.006783777
24837,0.010418396
24838,0.02909193
24839,0.07699526
24840,0.073957704
24841,0.06911875
24842,0.080151334
24843,0.0689609
24844,0.2952624
24845,0.1427507
24846,0.025062863
24847,0.089913785
24848,0.21637036
24849,0.018331703
24850,0.046961226
24851,0.699086
24852,0.68422925
24853,0.3927735
24854,0.022254242
24855,0.015359609
24856,0.07002599
24857,0.3693632
24858,0.067162134
24859,0.052983645
24860,0.045886245
24861,0.055115793
24862,0.042655453
24863,0.011057517
24864,0.3107966
24865,0.016229283
24866,0.026623994
24867,0.07936623
24868,0.08063052
24869,0.0432013
24870,0.041775547
24871,0.2969924
24872,0.2610997
24873,0.02240689
24874,0.10292457
24875,0.08204531
24876,0.082602784
24877,0.69754153
24878,0.6847004
24879,0.38362837
24880,0.08017192
24881,0.022202658
24882,0.008287863
24883,0.32231042
24884,0.07512464
24885,0.22084318
24886,0.03605712
24887,0.074052125
24888,0.01860579
24889,0.07612946
24890,0.08357853
24891,0.11896289
24892,0.14818089
24893,0.37352875
24894,0.33287725
24895,0.29827678
24896,0.10481529
24897,0.06491995
24898,0.04900001
24899,0.087705135
24900,0.035737813
24901,0.028530063
24902,0.020988373
24903,0.11051488
24904,0.11399512
24905,0.05525244
24906,0.08719787
24907,0.022368025
24908,0.67506266
24909,0.9910559
24910,0.6955119
24911,0.1056573
24912,0.04295957
24913,0.15863894
24914,0.34177405
24915,0.023959951
24916,0.008757546
24917,0.016104963
24918,0.015174407
24919,0.029370269
24920,0.07467478
24921,0.040815707
24922,0.3134034
24923,0.6110452
24924,0.057421137
24925,0.077765
24926,0.067523286
24927,0.12269068
24928,0.0591222
24929,0.2955686
24930,0.08049744
24931,0.031337515
24932,0.07635456
24933,0.082448706
24934,0.08394016
24935,0.040537592
24936,0.020954452
24937,0.2686
24938,0.24540424
24939,0.122289695
24940,0.060871594
24941,0.024803296
24942,0.08384408
24943,0.06019062
24944,0.2304768
24945,0.026761321
24946,0.035815816
24947,0.037456658
24948,0.017724121
24949,0.03490111
24950,0.038013957
24951,0.30110586
24952,0.43189535
24953,0.31341818
24954,0.1572145
24955,0.08672771
24956,0.13894296
24957,0.11976059
24958,0.3775508
24959,0.049236685
24960,0.031652883
24961,0.029278541
24962,0.18552113
24963,0.13251361
24964,0.30378324
24965,0.36394948
24966,0.31098893
24967,0.22054252
24968,0.97517264
24969,0.107579485
24970,0.01750421
24971,0.17108734
24972,0.21834259
24973,0.019774748
24974,0.04698939
24975,0.282963
24976,0.049623754
24977,0.030211201
24978,0.030838478
24979,0.039188985
24980,0.10316227
24981,0.3171461
24982,0.23785898
24983,0.3633505
24984,0.2376862
24985,0.118483976
24986,0.11338361
24987,0.31287014
24988,0.022429293
24989,0.12338463
24990,0.062565364
24991,0.043957908
24992,0.35407418
24993,0.2252961
24994,0.046689816
24995,0.38052204
24996,0.2324319
24997,0.0054719257
24998,0.066935696
24999,0.086358845
25000,0.06425652
25001,0.010633828
25002,0.010795907
25003,0.007899189
25004,0.025117649
25005,0.046357796
25006,0.0707219
25007,0.06721738
25008,0.09711873
25009,0.34758964
25010,0.58937746
25011,0.33775824
25012,0.30776727
25013,0.38290277
25014,0.0755691
25015,0.062104356
25016,0.060930446
25017,0.10665184
25018,0.16157229
25019,0.052775644
25020,0.025131762
25021,0.0037276587
25022,0.0517907
25023,0.10790824
25024,0.018056149
25025,0.039283592
25026,0.081573136
25027,0.014102748
25028,0.033995267
25029,0.019050732
25030,0.020175777
25031,0.011180698
25032,0.028710438
25033,0.058795277
25034,0.046729427
25035,0.0635127
25036,0.30450946
25037,0.2246024
25038,0.28170916
25039,0.43466833
25040,0.40958178
25041,0.33613944
25042,0.15757248
25043,0.039432358
25044,0.019695174
25045,0.043228023
25046,0.08658077
25047,0.014370414
25048,0.02949589
25049,0.6232921
25050,0.041939057
25051,0.016534481
25052,0.049561955
25053,0.042931326
25054,0.08470162
25055,0.03324047
25056,0.041629724
25057,0.015610801
25058,0.04032027
25059,0.013823719
25060,0.014194803
25061,0.024359062
25062,0.06485515
25063,0.08032465
25064,0.38277265
25065,0.32813329
25066,0.17122197
25067,0.68601274
25068,0.3237579
25069,0.3657749
25070,0.18932348
25071,0.03590599
25072,0.028903993
25073,0.040395673
25074,0.037427846
25075,0.030077638
25076,0.054687265
25077,0.3623448
25078,0.10903101
25079,0.31093875
25080,0.02650482
25081,0.08343332
25082,0.09532131
25083,0.109806076
25084,0.22695184
25085,0.07099225
25086,0.026492668
25087,0.03592025
25088,0.116314866
25089,0.6128139
25090,0.3169743
25091,0.38529983
25092,0.3032459
25093,0.23558076
25094,0.12276842
25095,0.1014254
25096,0.03822562
25097,0.021318855
25098,0.011827866
25099,0.012314923
25100,0.031041382
25101,0.02581422
25102,0.102069214
25103,0.10427205
25104,0.069520175
25105,0.23001076
25106,0.02374244
25107,0.06178419
25108,0.01037627
25109,0.30818662
25110,0.036895595
25111,0.011217489
25112,0.08728321
25113,0.19099794
25114,0.025984406
25115,0.0027702444
25116,0.18580219
25117,0.14066386
25118,0.061043043
25119,0.07806646
25120,0.026844235
25121,0.076286145
25122,0.0641586
25123,0.033792254
25124,0.09671414
25125,0.08487973
25126,0.036891177
25127,0.021645168
25128,0.0093030725
25129,0.16297859
25130,0.011648306
25131,0.07961282
25132,0.036035147
25133,0.028794684
25134,0.097986124
25135,0.030505424
25136,0.037721667
25137,0.007682601
25138,0.034041233
25139,0.15694898
25140,0.33311832
25141,0.39427105
25142,0.09180037
25143,0.012394448
25144,0.017994648
25145,0.017654724
25146,0.024542054
25147,0.04508497
25148,0.014320542
25149,0.054213703
25150,0.18622796
25151,0.013311693
25152,0.02588242
25153,0.01410425
25154,0.017734898
25155,0.012741823
25156,0.021286946
25157,0.061474547
25158,0.07049201
25159,0.3299544
25160,0.013531744
25161,0.015943673
25162,0.028818626
25163,0.059650853
25164,0.07597986
25165,0.3379415
25166,0.09487203
25167,0.011649423
25168,0.16180232
25169,0.012091262
25170,0.03128388
25171,0.060602047
25172,0.10367992
25173,0.04400763
25174,0.011239961
25175,0.017818596
25176,0.009378722
25177,0.23982118
25178,0.028311552
25179,0.014345821
25180,0.022298053
25181,0.10647054
25182,0.052574072
25183,0.034469284
25184,0.016178032
25185,0.024298374
25186,0.048619594
25187,0.3371763
25188,0.027207669
25189,0.01835497
25190,0.02464869
25191,0.036784183
25192,0.049289953
25193,0.21777485
25194,0.051145013
25195,0.22061896
25196,0.076850414
25197,0.02687063
25198,0.0415669
25199,0.043296292
25200,0.025291476
25201,0.22315894
25202,0.016520804
25203,0.14258008
25204,0.016345227
25205,0.06580511
25206,0.042661462
25207,0.010675436
25208,0.346811
25209,0.4623975
25210,0.09205838
25211,0.07841489
25212,0.07035901
25213,0.041176204
25214,0.038806576
25215,0.10193742
25216,0.066301435
25217,0.08264674
25218,0.95086694
25219,0.018308833
25220,0.06201176
25221,0.014391623
25222,0.06492156
25223,0.06389605
25224,0.016350973
25225,0.031648405
25226,0.120587595
25227,0.37616217
25228,0.05958261
25229,0.21753931
25230,0.022503743
25231,0.063990995
25232,0.021345558
25233,0.062241606
25234,0.025503503
25235,0.021620851
25236,0.044981256
25237,0.048844233
25238,0.022384819
25239,0.017854188
25240,0.047130384
25241,0.015610801
25242,0.15102294
25243,0.030902075
25244,0.03642619
25245,0.014143115
25246,0.028588718
25247,0.068169355
25248,0.08850992
25249,0.02104199
25250,0.04508856
25251,0.6131042
25252,0.05547879
25253,0.08233777
25254,0.042370714
25255,0.03163086
25256,0.038581885
25257,0.04073162
25258,0.012320943
25259,0.014905375
25260,0.25764197
25261,0.022246864
25262,0.005783323
25263,0.040702913
25264,0.0808506
25265,0.019250827
25266,0.009356727
25267,0.09431024
25268,0.036126982
25269,0.021978175
25270,0.04156318
25271,0.30967835
25272,0.022703772
25273,0.018892525
25274,0.0044825184
25275,0.008214539
25276,0.0111469645
25277,0.037972372
25278,0.0078125745
25279,0.029418517
25280,0.22891693
25281,0.049316145
25282,0.012185886
25283,0.014739719
25284,0.0558656
25285,0.109858975
25286,0.07626503
25287,0.061708882
25288,0.052691113
25289,0.022934085
25290,0.043284964
25291,0.015499085
25292,0.055494335
25293,0.22780836
25294,0.1605355
25295,0.00943397
25296,0.029015768
25297,0.013520159
25298,0.011843217
25299,0.014918761
25300,0.010621735
25301,0.018171208
25302,0.007811538
25303,0.013965425
25304,0.00912918
25305,0.014519928
25306,0.014456871
25307,0.00888672
25308,0.021731213
25309,0.046651967
25310,0.042946413
25311,0.085144676
25312,0.0053867884
25313,0.00937882
25314,0.106989086
25315,0.31613755
25316,0.022380428
25317,0.012819706
25318,0.009082795
25319,0.017428149
25320,0.0068245525
25321,0.02716668
25322,0.0117755085
25323,0.013373034
25324,0.008083784
25325,0.047274336
25326,0.024515139
25327,0.040880054
25328,0.0118992245
25329,0.04122407
25330,0.013633573
25331,0.008339086
25332,0.012400761
25333,0.008131636
25334,0.080057465
25335,0.02208877
25336,0.04104636
25337,0.007764468
25338,0.01037627
25339,0.028989796
25340,0.009475859
25341,0.01431925
25342,0.06682431
25343,0.01058727
25344,0.31729367
25345,0.04975918
25346,0.052426707
25347,0.055439983
25348,0.06674339
25349,0.021718774
25350,0.009523943
25351,0.0043852786
25352,0.0658496
25353,0.014376738
25354,0.082892835
25355,0.10573773
25356,0.015780931
25357,0.028975433
25358,0.028924026
25359,0.024581568
25360,0.023046173
25361,0.010822047
25362,0.028934091
25363,0.009417068
25364,0.010672844
25365,0.0075142714
25366,0.06476494
25367,0.04976343
25368,0.028702576
25369,0.15345745
25370,0.017647188
25371,0.02667363
25372,0.0038009826
25373,0.010557996
25374,0.014031821
25375,0.04232491
25376,0.018171208
25377,0.012570745
25378,0.022075137
25379,0.02977608
25380,0.009387175
25381,0.01448222
25382,0.02714603
25383,0.23927504
25384,0.1897803
25385,0.017736308
25386,0.105762064
25387,0.01957487
25388,0.048605848
25389,0.04899682
25390,0.053422645
25391,0.013929996
25392,0.03516202
25393,0.034518708
25394,0.044092055
25395,0.09450867
25396,0.044631705
25397,0.034776013
25398,0.028361268
25399,0.13206978
25400,0.04396849
25401,0.07145718
25402,0.04512647
25403,0.1417184
25404,0.19064482
25405,0.118602395
25406,0.044373423
25407,0.26076597
25408,0.061751537
25409,0.34848818
25410,0.076898806
25411,0.23836435
25412,0.056677733
25413,0.025879258
25414,0.01987303
25415,0.088714324
25416,0.011295882
25417,0.24088825
25418,0.52430445
25419,0.12785432
25420,0.050609816
25421,0.1341272
25422,0.060475342
25423,0.025134914
25424,0.038029194
25425,0.031864394
25426,0.016685445
25427,0.038929965
25428,0.16454694
25429,0.36726648
25430,0.40186355
25431,0.385211
25432,0.045817036
25433,0.05874105
25434,0.10651489
25435,0.13976493
25436,0.008856868
25437,0.049676847
25438,0.04067131
25439,0.061733518
25440,0.07505932
25441,0.029748429
25442,0.3766225
25443,0.11439576
25444,0.23226734
25445,0.39659587
25446,0.10729405
25447,0.021996144
25448,0.3836501
25449,0.05140767
25450,0.28705034
25451,0.0437389
25452,0.04569436
25453,0.031530324
25454,0.08705667
25455,0.09553488
25456,0.08971929
25457,0.029328775
25458,0.034206606
25459,0.06660779
25460,0.2548458
25461,0.04208765
25462,0.028728135
25463,0.049270418
25464,0.054431405
25465,0.06728062
25466,0.03642293
25467,0.044479676
25468,0.024919739
25469,0.050747864
25470,0.15018894
25471,0.15751334
25472,0.036416024
25473,0.013478551
25474,0.015253016
25475,0.38692698
25476,0.10019109
25477,0.07004149
25478,0.2697505
25479,0.28233552
25480,0.06586249
25481,0.04635772
25482,0.018683257
25483,0.02134267
25484,0.0343025
25485,0.061601426
25486,0.083742976
25487,0.24392809
25488,0.37227216
25489,0.016607944
25490,0.2298755
25491,0.041688547
25492,0.02888626
25493,0.021847375
25494,0.030991275
25495,0.22843476
25496,0.018605521
25497,0.04052097
25498,0.010544188
25499,0.054738715
25500,0.044911362
25501,0.02445344
25502,0.13444178
25503,0.30764112
25504,0.05413007
25505,0.08200387
25506,0.018949652
25507,0.02073023
25508,0.037125908
25509,0.05018881
25510,0.025084924
25511,0.09544987
25512,0.13354175
25513,0.08349016
25514,0.15463924
25515,0.055767864
25516,0.03178122
25517,0.028585574
25518,0.027131606
25519,0.031743567
25520,0.0042178226
25521,0.080882706
25522,0.048947763
25523,0.26435867
25524,0.014241836
25525,0.031087324
25526,0.02519045
25527,0.017535884
25528,0.01433412
25529,0.021817658
25530,0.036808353
25531,0.021777695
25532,0.057091482
25533,0.24944645
25534,0.30707097
25535,0.04009043
25536,0.03557771
25537,0.083451286
25538,0.06124646
25539,0.014191257
25540,0.050234016
25541,0.014610658
25542,0.027007278
25543,0.22446251
25544,0.023192415
25545,0.022077681
25546,0.028870273
25547,0.0060383007
25548,0.076781005
25549,0.051930934
25550,0.29890907
25551,0.2963665
25552,0.27735782
25553,0.05187611
25554,0.03532734
25555,0.017582905
25556,0.04631567
25557,0.040962502
25558,0.10346987
25559,0.041094083
25560,0.3879626
25561,0.08810665
25562,0.09432563
25563,0.04566124
25564,0.043771088
25565,0.019098131
25566,0.051510107
25567,0.017535884
25568,0.018537393
25569,0.06688906
25570,0.040478844
25571,0.06191728
25572,0.049444593
25573,0.08005639
25574,0.279851
25575,0.345232
25576,0.052273344
25577,0.021759575
25578,0.065937415
25579,0.015004631
25580,0.036355134
25581,0.065952614
25582,0.04679637
25583,0.10292239
25584,0.037353735
25585,0.083734676
25586,0.035447236
25587,0.04861301
25588,0.031147987
25589,0.15873145
25590,0.009620593
25591,0.029076157
25592,0.060329825
25593,0.028553918
25594,0.009592017
25595,0.022015046
25596,0.02968327
25597,0.048822597
25598,0.06168326
25599,0.09874012
25600,0.07556951
25601,0.28449655
25602,0.17382178
25603,0.15594953
25604,0.011937839
25605,0.06909272
25606,0.046401985
25607,0.037515648
25608,0.06990337
25609,0.042831652
25610,0.034326654
25611,0.04587586
25612,0.0666145
25613,0.028888745
25614,0.044693854
25615,0.029809684
25616,0.062049415
25617,0.013698726
25618,0.03166221
25619,0.08933213
25620,0.048922986
25621,0.16437414
25622,0.38859358
25623,0.07841087
25624,0.15536639
25625,0.04902066
25626,0.061634503
25627,0.05663797
25628,0.066917025
25629,0.04552708
25630,0.018740615
25631,0.1865061
25632,0.057464637
25633,0.06488853
25634,0.049333207
25635,0.064234935
25636,0.02433587
25637,0.019253593
25638,0.033783138
25639,0.23993248
25640,0.054364413
25641,0.03949546
25642,0.08062544
25643,0.50169295
25644,0.06797096
25645,0.01415731
25646,0.27368167
25647,0.04788666
25648,0.22118862
25649,0.2354881
25650,0.055021077
25651,0.018830435
25652,0.041045617
25653,0.08054179
25654,0.12317032
25655,0.03623834
25656,0.21443607
25657,0.07107639
25658,0.061299488
25659,0.014629093
25660,0.014524918
25661,0.044511594
25662,0.053060196
25663,0.014402347
25664,0.09204829
25665,0.11903074
25666,0.21047962
25667,0.06484194
25668,0.029162943
25669,0.08510864
25670,0.13961682
25671,0.18305564
25672,0.04651077
25673,0.04299611
25674,0.021292187
25675,0.08162894
25676,0.3794348
25677,0.033502456
25678,0.1432249
25679,0.34372643
25680,0.13862836
25681,0.017924462
25682,0.011818415
25683,0.033839278
25684,0.045321837
25685,0.30281928
25686,0.29840332
25687,0.009467597
25688,0.089893624
25689,0.06614821
25690,0.21835911
25691,0.115283236
25692,0.10591586
25693,0.1638687
25694,0.3129628
25695,0.065350145
25696,0.042841733
25697,0.079164565
25698,0.04546272
25699,0.2375129
25700,0.68889064
25701,0.038540635
25702,0.31775993
25703,0.040537853
25704,0.22701916
25705,0.046442103
25706,0.060870994
25707,0.016028356
25708,0.037218366
25709,0.0058626756
25710,0.33238062
25711,0.069433056
25712,0.060790144
25713,0.2222985
25714,0.1099041
25715,0.22751863
25716,0.3267151
25717,0.30743065
25718,0.025309812
25719,0.22817948
25720,0.11456477
25721,0.10058831
25722,0.70124424
25723,0.3564708
25724,0.34140852
25725,0.0058679613
25726,0.021659026
25727,0.114892304
25728,0.051443025
25729,0.023908684
25730,0.019737484
25731,0.011271327
25732,0.010718879
25733,0.046169944
25734,0.0057865847
25735,0.006798164
25736,0.01058727
25737,0.028475596
25738,0.07549544
25739,0.07496673
25740,0.0689309
25741,0.08052169
25742,0.09967351
25743,0.29490405
25744,0.13793254
25745,0.02539891
25746,0.087035865
25747,0.21669963
25748,0.018290326
25749,0.04666739
25750,0.7390558
25751,0.6708206
25752,0.3944306
25753,0.022083104
25754,0.016224353
25755,0.0697886
25756,0.36574626
25757,0.06654192
25758,0.016285853
25759,0.051462393
25760,0.02457364
25761,0.007844921
25762,0.008383956
25763,0.045698393
25764,0.0547789
25765,0.04036787
25766,0.011163325
25767,0.31430268
25768,0.016145652
25769,0.026573736
25770,0.08031465
25771,0.08155442
25772,0.042978823
25773,0.040871605
25774,0.15472637
25775,0.25974897
25776,0.101434134
25777,0.08248031
25778,0.08271815
25779,0.7010928
25780,0.7040885
25781,0.39448506
25782,0.014586707
25783,0.051460136
25784,0.02200045
25785,0.007974586
25786,0.32657135
25787,0.07541224
25788,0.2209946
25789,0.035869267
25790,0.07438712
25791,0.07575894
25792,0.083638415
25793,0.119460985
25794,0.14789629
25795,0.3742103
25796,0.3248614
25797,0.1704455
25798,0.10532576
25799,0.06596666
25800,0.04880885
25801,0.08808783
25802,0.03851885
25803,0.028551579
25804,0.110368535
25805,0.114314064
25806,0.055910263
25807,0.084654525
25808,0.022522582
25809,0.6818849
25810,1.0154878
25811,0.685894
25812,0.093538284
25813,0.04095554
25814,0.30504054
25815,0.011727192
25816,0.33377016
25817,0.008715419
25818,0.016122855
25819,0.015392063
25820,0.029403476
25821,0.07489538
25822,0.041928187
25823,0.3160394
25824,0.6375273
25825,0.05637475
25826,0.07775425
25827,0.06734793
25828,0.12367001
25829,0.06020472
25830,0.28654
25831,0.1328329
25832,0.03102086
25833,0.07730355
25834,0.082385525
25835,0.08291183
25836,0.040384367
25837,0.02098908
25838,0.26822704
25839,0.24783598
25840,0.12154877
25841,0.06191231
25842,0.024706442
25843,0.084509596
25844,0.061313644
25845,0.2319804
25846,0.026038561
25847,0.035704717
25848,0.036942124
25849,0.017704986
25850,0.0350133
25851,0.036749825
25852,0.29687005
25853,0.42748675
25854,0.23080845
25855,0.15794994
25856,0.08641326
25857,0.14113902
25858,0.119232826
25859,0.3761896
25860,0.08007783
25861,0.03144022
25862,0.028835434
25863,0.1142233
25864,0.13638729
25865,0.18666685
25866,0.37441227
25867,0.23348416
25868,0.2174789
25869,0.9713177
25870,0.107733965
25871,0.017495275
25872,0.17228034
25873,0.2251946
25874,0.01974588
25875,0.045644864
25876,0.27823716
25877,0.0041683447
25878,0.04951716
25879,0.030212788
25880,0.029390821
25881,0.03903576
25882,0.10251598
25883,0.3044666
25884,0.23609744
25885,0.3643347
25886,0.2348619
25887,0.11896289
25888,0.11429773
25889,0.31227094
25890,0.013350829
25891,0.022056336
25892,0.12223115
25893,0.061490916
25894,0.043449394
25895,0.33900273
25896,0.22643347
25897,0.046857905
25898,0.3897755
25899,0.22981834
25900,0.0053355256
25901,0.06576959
25902,0.088739716
25903,0.064656705
25904,0.010664431
25905,0.010590802
25906,0.025178738
25907,0.046925418
25908,0.07141409
25909,0.066948235
25910,0.0982148
25911,0.33398727
25912,0.5800718
25913,0.33751395
25914,0.31176844
25915,0.37978318
25916,0.07380336
25917,0.017734898
25918,0.061039135
25919,0.06124682
25920,0.10728574
25921,0.2248508
25922,0.051320583
25923,0.024485191
25924,0.05159053
25925,0.10973759
25926,0.017785653
25927,0.0022754495
25928,0.04012296
25929,0.080362186
25930,0.019852536
25931,0.03327116
25932,0.018896915
25933,0.019916696
25934,0.011141833
25935,0.02862215
25936,0.057712134
25937,0.046764642
25938,0.06382182
25939,0.2156405
25940,0.13678543
25941,0.267361
25942,0.44232258
25943,0.42839387
25944,0.2423845
25945,0.15767393
25946,0.039578922
25947,0.019934291
25948,0.04117804
25949,0.08842424
25950,0.014735046
25951,0.028001865
25952,0.6269244
25953,0.041173972
25954,0.016479304
25955,0.07765218
25956,0.042671245
25957,0.1415979
25958,0.04091373
25959,0.038971353
25960,0.014112411
25961,0.024851602
25962,0.06718609
25963,0.0801368
25964,0.37586576
25965,0.33159375
25966,0.16610684
25967,0.68854535
25968,0.34483367
25969,0.36436033
25970,0.11507539
25971,0.033942968
25972,0.02879657
25973,0.029374665
25974,0.041107334
25975,0.037397604
25976,0.030959625
25977,0.0541743
25978,0.35655382
25979,0.10513815
25980,0.31336293
25981,0.02637455
25982,0.08479979
25983,0.09513346
25984,0.109788604
25985,0.1319123
25986,0.039927226
25987,0.026541775
25988,0.0077755786
25989,0.03578341
25990,0.11663351
25991,0.6043266
25992,0.31446472
25993,0.38702482
25994,0.30363047
25995,0.23599829
25996,0.122840255
25997,0.10199088
25998,0.021917518
25999,0.031663183
26000,0.02708345
26001,0.103087135
26002,0.10249041
26003,0.06987859
26004,0.23090735
26005,0.023939855
26006,0.061328832
26007,0.0104372045
26008,0.30889076
26009,0.03674661
26010,0.086600356
26011,0.18412204
26012,0.026574159
26013,0.0027891004
26014,0.18617764
26015,0.14159381
26016,0.058533117
26017,0.07840285
26018,0.075031206
26019,0.062729135
26020,0.03246827
26021,0.09606065
26022,0.085400686
26023,0.021689432
26024,0.009171306
26025,0.15910406
26026,0.011742945
26027,0.01437336
26028,0.07792855
26029,0.006061374
26030,0.029093077
26031,0.0983674
26032,0.030679883
26033,0.03772253
26034,0.0075882995
26035,0.03297047
26036,0.15629663
26037,0.33034363
26038,0.38066646
26039,0.09436294
26040,0.018430572
26041,0.017769527
26042,0.024419818
26043,0.04423006
26044,0.014937919
26045,0.05449815
26046,0.17843735
26047,0.013617113
26048,0.0254607
26049,0.013976257
26050,0.027000012
26051,0.011118455
26052,0.021286946
26053,0.061472457
26054,0.07027741
26055,0.33020058
26056,0.013626227
26057,0.015993265
26058,0.0292809
26059,0.059607297
26060,0.076428965
26061,0.3325622
26062,0.094684176
26063,0.012057886
26064,0.009257471
26065,0.16180232
26066,0.012352745
26067,0.03146853
26068,0.060791124
26069,0.10281516
26070,0.043369945
26071,0.011355887
26072,0.018156422
26073,0.009356398
26074,0.17761332
26075,0.028123703
26076,0.011227771
26077,0.014323285
26078,0.02241143
26079,0.10605635
26080,0.051552787
26081,0.034441188
26082,0.01604802
26083,0.023530252
26084,0.049424026
26085,0.3325658
26086,0.027053116
26087,0.018292865
26088,0.024670254
26089,0.04924985
26090,0.14447841
26091,0.051440228
26092,0.21819603
26093,0.07741556
26094,0.026211565
26095,0.014071756
26096,0.039912056
26097,0.042868227
26098,0.025161438
26099,0.17339222
26100,0.018327128
26101,0.016527502
26102,0.23062184
26103,0.015854282
26104,0.06513943
26105,0.04232636
26106,0.010706039
26107,0.2464369
26108,0.48503757
26109,0.0930052
26110,0.07839783
26111,0.013288683
26112,0.06995352
26113,0.042320997
26114,0.036714114
26115,0.106672585
26116,0.066113584
26117,0.08151212
26118,0.955456
26119,0.0624915
26120,0.014435702
26121,0.06465016
26122,0.06356385
26123,0.016212165
26124,0.03123171
26125,0.12023505
26126,0.31402832
26127,0.05939476
26128,0.21400174
26129,0.022538371
26130,0.016734447
26131,0.06042981
26132,0.021384422
26133,0.06399495
26134,0.024999266
26135,0.005312668
26136,0.021720711
26137,0.04482378
26138,0.04826118
26139,0.02235019
26140,0.04530014
26141,0.1514498
26142,0.031086726
26143,0.036300246
26144,0.01410425
26145,0.02843462
26146,0.067318745
26147,0.0837309
26148,0.020628659
26149,0.045749076
26150,0.61964434
26151,0.055356067
26152,0.082270436
26153,0.042182863
26154,0.031768143
26155,0.03914953
26156,0.040260077
26157,0.012655465
26158,0.014921689
26159,0.256568
26160,0.022766331
26161,0.0058762236
26162,0.00935966
26163,0.005934932
26164,0.015562315
26165,0.0093620485
26166,0.04163464
26167,0.08021688
26168,0.018699953
26169,0.009295038
26170,0.09177338
26171,0.03655527
26172,0.021598864
26173,0.03897978
26174,0.3142992
26175,0.02497327
26176,0.008287863
26177,0.019344553
26178,0.037995625
26179,0.007980612
26180,0.028989796
26181,0.12641075
26182,0.049703326
26183,0.012182624
26184,0.014602906
26185,0.05458514
26186,0.10983718
26187,0.07674864
26188,0.061695084
26189,0.051453393
26190,0.024387293
26191,0.0452307
26192,0.015702235
26193,0.054778595
26194,0.15899484
26195,0.16273831
26196,0.005715954
26197,0.028841766
26198,0.013628413
26199,0.011771996
26200,0.015022697
26201,0.010863777
26202,0.01857116
26203,0.00777884
26204,0.0093064895
26205,0.014622238
26206,0.008792173
26207,0.02163065
26208,0.046188544
26209,0.04275856
26210,0.087551
26211,0.10601422
26212,0.008342347
26213,0.23445074
26214,0.018108107
26215,0.009509206
26216,0.022477075
26217,0.011760231
26218,0.009343576
26219,0.0067416513
26220,0.013823719
26221,0.026899757
26222,0.011650438
26223,0.013125422
26224,0.0139782205
26225,0.008291124
26226,0.0069458
26227,0.047664568
26228,0.024406325
26229,0.037871305
26230,0.012484541
26231,0.040959254
26232,0.013982006
26233,0.008389266
26234,0.012285195
26235,0.00816436
26236,0.08192585
26237,0.022450294
26238,0.040358193
26239,0.0037857308
26240,0.010498393
26241,0.028811866
26242,0.009378722
26243,0.014358115
26244,0.06564639
26245,0.013125422
26246,0.01054707
26247,0.010563089
26248,0.24107254
26249,0.049294967
26250,0.052174598
26251,0.054407712
26252,0.00372954
26253,0.06602402
26254,0.021692587
26255,0.065718256
26256,0.014259718
26257,0.08134018
26258,0.10597215
26259,0.015620776
26260,0.011719519
26261,0.029194688
26262,0.02447715
26263,0.005977058
26264,0.010548666
26265,0.010748554
26266,0.009610935
26267,0.029215578
26268,0.009423806
26269,0.063651256
26270,0.048993956
26271,0.029138237
26272,0.15473925
26273,0.016821282
26274,0.021731213
26275,0.0037737966
26276,0.010392366
26277,0.014363482
26278,0.04224189
26279,0.018462814
26280,0.022038741
26281,0.030002953
26282,0.009221545
26283,0.010594893
26284,0.014973236
26285,0.026974207
26286,0.22989108
26287,0.11613275
26288,0.008339047
26289,0.076397255
26290,0.012613857
26291,0.019716786
26292,0.046981122
26293,0.027414083
26294,0.039708275
26295,0.034607943
26296,0.04542855
26297,0.04419992
26298,0.09184485
26299,0.008167622
26300,0.035050463
26301,0.028173419
26302,0.1289773
26303,0.046166506
26304,0.065446585
26305,0.14380325
26306,0.30545345
26307,0.019930812
26308,0.046115473
26309,0.028851738
26310,0.25528798
26311,0.067032374
26312,0.19803175
26313,0.067288764
26314,0.13027918
26315,0.056563966
26316,0.027136154
26317,0.093329646
26318,0.005906826
26319,0.037490986
26320,0.014184723
26321,0.13028817
26322,0.028404245
26323,0.5287001
26324,0.1287696
26325,0.0457885
26326,0.047767997
26327,0.13419504
26328,0.06278904
26329,0.012492348
26330,0.024899023
26331,0.040306818
26332,0.016398832
26333,0.09267447
26334,0.23475812
26335,0.40492776
26336,0.3820211
26337,0.06205693
26338,0.108335815
26339,0.14433879
26340,0.049187638
26341,0.04048346
26342,0.062150866
26343,0.078529626
26344,0.39228827
26345,0.11343565
26346,0.14683732
26347,0.40665552
26348,0.10283431
26349,0.021703633
26350,0.3793857
26351,0.016685445
26352,0.052583657
26353,0.274653
26354,0.045867506
26355,0.044133622
26356,0.03075943
26357,0.06319887
26358,0.083793424
26359,0.09578453
26360,0.087249294
26361,0.029093562
26362,0.034970928
26363,0.06627798
26364,0.25272903
26365,0.041061282
26366,0.029169388
26367,0.049251232
26368,0.055707134
26369,0.06732439
26370,0.03954822
26371,0.025081918
26372,0.050560012
26373,0.15145162
26374,0.16493861
26375,0.048573546
26376,0.036002845
26377,0.022076285
26378,0.014066652
26379,0.0028735884
26380,0.013681292
26381,0.38569504
26382,0.09603796
26383,0.070139155
26384,0.16218671
26385,0.28329045
26386,0.06520954
26387,0.045997243
26388,0.018112026
26389,0.02167971
26390,0.015007705
26391,0.035026487
26392,0.06783594
26393,0.06351039
26394,0.08405836
26395,0.24552426
26396,0.36840102
26397,0.016220521
26398,0.048321012
26399,0.04155319
26400,0.008480535
26401,0.029346852
26402,0.030803425
26403,0.22967136
26404,0.018260745
26405,0.04085624
26406,0.057416227
26407,0.03998924
26408,0.024705937
26409,0.13235547
26410,0.3958672
26411,0.056909587
26412,0.08096921
26413,0.020888172
26414,0.037372
26415,0.05000096
26416,0.025125984
26417,0.011764611
26418,0.09655798
26419,0.12617107
26420,0.08191691
26421,0.08814266
26422,0.054740317
26423,0.009403606
26424,0.031161066
26425,0.029459061
26426,0.027186204
26427,0.03086147
26428,0.08023396
26429,0.048556086
26430,0.2600246
26431,0.014124816
26432,0.03148355
26433,0.024890466
26434,0.017509628
26435,0.014251175
26436,0.021398054
26437,0.037048593
26438,0.006759752
26439,0.022135478
26440,0.05927153
26441,0.19121236
26442,0.30837193
26443,0.040502265
26444,0.035270568
26445,0.036776673
26446,0.08381259
26447,0.061340872
26448,0.014152392
26449,0.04910549
26450,0.014394366
26451,0.026872858
26452,0.22556643
26453,0.023004064
26454,0.021892669
26455,0.0057894643
26456,0.07895698
26457,0.05241377
26458,0.2893029
26459,0.28003737
26460,0.2779957
26461,0.05228936
26462,0.034488562
26463,0.017251395
26464,0.047183637
26465,0.041202523
26466,0.01066115
26467,0.104614556
26468,0.04144636
26469,0.38346636
26470,0.08785095
26471,0.02073023
26472,0.09385344
26473,0.04499653
26474,0.042789
26475,0.015045489
26476,0.009340833
26477,0.011888732
26478,0.050743353
26479,0.025074383
26480,0.01749112
26481,0.01892407
26482,0.06490776
26483,0.040336978
26484,0.061970443
26485,0.05014072
26486,0.08172319
26487,0.28600928
26488,0.3289418
26489,0.05228932
26490,0.021594862
26491,0.06472957
26492,0.035685785
26493,0.06719505
26494,0.04659748
26495,0.09977379
26496,0.038210355
26497,0.084697425
26498,0.035253458
26499,0.04897858
26500,0.017692734
26501,0.01837889
26502,0.15447277
26503,0.009426906
26504,0.029023735
26505,0.059196565
26506,0.028814118
26507,0.009266552
26508,0.009471775
26509,0.021635406
26510,0.030236218
26511,0.04940422
26512,0.060912833
26513,0.09644301
26514,0.0754632
26515,0.3076276
26516,0.16895178
26517,0.15565176
26518,0.011703272
26519,0.06933846
26520,0.045730416
26521,0.03832701
26522,0.068304725
26523,0.029044649
26524,0.03419354
26525,0.012346289
26526,0.045239482
26527,0.06509732
26528,0.028992826
26529,0.04667009
26530,0.029177379
26531,0.060982395
26532,0.031462856
26533,0.090316586
26534,0.048922986
26535,0.16329972
26536,0.38745078
26537,0.077678524
26538,0.088852935
26539,0.04880757
26540,0.0624385
26541,0.05775876
26542,0.06673403
26543,0.0451176
26544,0.009340833
26545,0.01880272
26546,0.31460458
26547,0.056857716
26548,0.06531657
26549,0.04864262
26550,0.06453991
26551,0.01814895
26552,0.023794182
26553,0.018937595
26554,0.01971169
26555,0.033674773
26556,0.24187098
26557,0.05421537
26558,0.038736112
26559,0.08139215
26560,0.50636953
26561,0.067802444
26562,0.013729315
26563,0.2807168
26564,0.048526075
26565,0.22303462
26566,0.23699269
26567,0.054697655
26568,0.018931443
26569,0.040775303
26570,0.044550657
26571,0.08077522
26572,0.12366312
26573,0.03596496
26574,0.13893522
26575,0.069852546
26576,0.05992101
26577,0.010514711
26578,0.014912908
26579,0.04462601
26580,0.053227182
26581,0.014695595
26582,0.09283997
26583,0.11907928
26584,0.20394273
26585,0.06585522
26586,0.028507568
26587,0.085701495
26588,0.13961682
26589,0.30434906
26590,0.047026258
26591,0.043080147
26592,0.02168509
26593,0.054497883
26594,0.3752984
26595,0.14315705
26596,0.33714512
26597,0.14017281
26598,0.012434109
26599,0.017879698
26600,0.012003341
26601,0.0347949
26602,0.04495362
26603,0.30166888
26604,0.29565707
26605,0.009340833
26606,0.060083766
26607,0.06574437
26608,0.120912835
26609,0.17985189
26610,0.106374934
26611,0.16399525
26612,0.31467935
26613,0.06707518
26614,0.042405628
26615,0.07859556
26616,0.045652814
26617,0.18432085
26618,0.6734061
26619,0.037588928
26620,0.3282501
26621,0.040503226
26622,0.22620858
26623,0.0422389
26624,0.061614472
26625,0.015174407
26626,0.036635105
26627,0.005727887
26628,0.34150526
26629,0.07107693
26630,0.06207999
26631,0.22201613
26632,0.110180855
26633,0.17215352
26634,0.32720253
26635,0.31360283
26636,0.024865245
26637,0.13095318
26638,0.11456477
26639,0.098090254
26640,0.69242936
26641,0.35702646
26642,0.34041634
26643,0.022016315
26644,0.11414954
26645,0.051841404
26646,0.024457963
26647,0.011232462
26648,0.018279498
26649,0.005783645
26650,0.046496797
26651,0.005636828
26652,0.00673551
26653,0.010479331
26654,0.029275574
26655,0.047028117
26656,0.074628405
26657,0.069326244
26658,0.08022117
26659,0.09827565
26660,0.16220447
26661,0.13896497
26662,0.024569502
26663,0.087035865
26664,0.22150059
26665,0.018177146
26666,0.04703515
26667,0.675535
26668,0.6986492
26669,0.3942976
26670,0.0057894643
26671,0.022141526
26672,0.016382145
26673,0.07017237
26674,0.36238307
26675,0.06623275
26676,0.052238856
26677,0.008001646
26678,0.045515537
26679,0.05516279
26680,0.04027186
26681,0.011121199
26682,0.31062937
26683,0.01631496
26684,0.026400143
26685,0.07932279
26686,0.07988861
26687,0.04237651
26688,0.04134806
26689,0.15475239
26690,0.26599
26691,0.022874132
26692,0.16837925
26693,0.08248951
26694,0.08119967
26695,0.6790328
26696,0.6622601
26697,0.40122193
26698,0.07931828
26699,0.022039315
26700,0.32834822
26701,0.07591716
26702,0.16244756
26703,0.03814932
26704,0.07489538
26705,0.01857116
26706,0.07575894
26707,0.082736745
26708,0.11940015
26709,0.14590575
26710,0.36934865
26711,0.32763883
26712,0.16931522
26713,0.10321058
26714,0.06726129
26715,0.048655137
26716,0.08871335
26717,0.03609744
26718,0.02864262
26719,0.110256664
26720,0.114034556
26721,0.055868138
26722,0.08684766
26723,0.0223458
26724,0.6793389
26725,1.0072291
26726,0.7050289
26727,0.093538545
26728,0.042729594
26729,0.15910752
26730,0.011866731
26731,0.34036574
26732,0.023948623
26733,0.008754284
26734,0.016064167
26735,0.015229583
26736,0.029842075
26737,0.07670804
26738,0.041841503
26739,0.31012025
26740,0.59827745
26741,0.05669985
26742,0.07798837
26743,0.06711936
26744,0.12373786
26745,0.058917183
26746,0.2896072
26747,0.13025413
26748,0.030400734
26749,0.078670174
26750,0.08246402
26751,0.08338249
26752,0.040307615
26753,0.021324841
26754,0.35782388
26755,0.24698916
26756,0.21277232
26757,0.060327124
26758,0.024803296
26759,0.08565475
26760,0.01143944
26761,0.060087357
26762,0.23233171
26763,0.026492668
26764,0.035388477
26765,0.037958182
26766,0.0151355425
26767,0.017621355
26768,0.035206355
26769,0.03680232
26770,0.30267817
26771,0.44024172
26772,0.23057978
26773,0.15642795
26774,0.08769763
26775,0.1390108
26776,0.11904119
26777,0.37710232
26778,0.048355665
26779,0.031499658
26780,0.029460076
26781,0.11469525
26782,0.13260731
26783,0.115409434
26784,0.36523584
26785,0.3088068
26786,0.12355293
26787,0.9698027
26788,0.10794236
26789,0.01749938
26790,0.1708995
26791,0.21871239
26792,0.018836109
26793,0.29108334
26794,0.049478028
26795,0.030026948
26796,0.029886192
26797,0.039001133
26798,0.10392133
26799,0.3135486
26800,0.23553419
26801,0.3654256
26802,0.23905155
26803,0.11866063
26804,0.11369887
26805,0.3079538
26806,0.013139073
26807,0.02227135
26808,0.12164079
26809,0.061490916
26810,0.04320428
26811,0.3306649
26812,0.17492013
26813,0.04568995
26814,0.3828132
26815,0.30950344
26816,0.0655429
26817,0.087933876
26818,0.06464871
26819,0.04400963
26820,0.010460784
26821,0.025329622
26822,0.046797246
26823,0.07053405
26824,0.06688039
26825,0.09645621
26826,0.35015908
26827,0.5869685
26828,0.34117797
26829,0.30769053
26830,0.36962584
26831,0.07578778
26832,0.064280346
26833,0.06124682
26834,0.105617195
26835,0.16158783
26836,0.05251731
26837,0.024699068
26838,0.05115742
26839,0.10971518
26840,0.0180624
26841,0.0023298657
26842,0.039137866
26843,0.081735596
26844,0.019629419
26845,0.033875275
26846,0.019289846
26847,0.011384753
26848,0.028509764
26849,0.057732046
26850,0.046729755
26851,0.0634812
26852,0.31926015
26853,0.13748254
26854,0.26624408
26855,0.43481523
26856,0.4203378
26857,0.24074438
26858,0.15655807
26859,0.04346957
26860,0.08483305
26861,0.014735046
26862,0.61194354
26863,0.04193137
26864,0.01644044
26865,0.04775852
26866,0.043975443
26867,0.08190834
26868,0.033509552
26869,0.04392698
26870,0.039501444
26871,0.014109823
26872,0.024264887
26873,0.06688067
26874,0.080790594
26875,0.37704343
26876,0.32757503
26877,0.17187588
26878,0.68654376
26879,0.24312206
26880,0.36546773
26881,0.11393262
26882,0.034380272
26883,0.029083788
26884,0.040677566
26885,0.037351787
26886,0.0149862375
26887,0.02996331
26888,0.054553766
26889,0.3653177
26890,0.07617012
26891,0.3124385
26892,0.026655653
26893,0.084723
26894,0.096352555
26895,0.107935004
26896,0.22080696
26897,0.06970876
26898,0.0034168507
26899,0.026527297
26900,0.116374895
26901,0.6211104
26902,0.3036854
26903,0.3944269
26904,0.3058388
26905,0.23639508
26906,0.12284058
26907,0.098873414
26908,0.038157392
26909,0.021122048
26910,0.012311662
26911,0.031633228
26912,0.02663779
26913,0.09949774
26914,0.10220344
26915,0.065228105
26916,0.17278482
26917,0.02364408
26918,0.060834978
26919,0.30662102
26920,0.035417903
26921,0.09942078
26922,0.08565612
26923,0.116314866
26924,0.026498081
26925,0.18176603
26926,0.1373633
26927,0.058238704
26928,0.0791854
26929,0.026762562
26930,0.07496789
26931,0.0633169
26932,0.030847782
26933,0.096934445
26934,0.08441073
26935,0.036231164
26936,0.02215192
26937,0.009294811
26938,0.16083819
26939,0.0116847055
26940,0.011234424
26941,0.11921731
26942,0.03547331
26943,0.02957617
26944,0.09691866
26945,0.030061321
26946,0.037695233
26947,0.03442915
26948,0.15688114
26949,0.32793984
26950,0.38078925
26951,0.09260278
26952,0.012105937
26953,0.017824518
26954,0.017554607
26955,0.024406375
26956,0.04452533
26957,0.05442709
26958,0.11315066
26959,0.0134442225
26960,0.025421835
26961,0.014902727
26962,0.027000012
26963,0.017599544
26964,0.011118455
26965,0.02219792
26966,0.062066913
26967,0.0728947
26968,0.32476297
26969,0.013398962
26970,0.016494546
26971,0.02865464
26972,0.059821017
26973,0.07834351
26974,0.33398765
26975,0.0949212
26976,0.011970713
26977,0.15564361
26978,0.03064231
26979,0.014432188
26980,0.061855424
26981,0.1030448
26982,0.044352215
26983,0.0113556
26984,0.018369848
26985,0.009464336
26986,0.18329188
26987,0.014157917
26988,0.022826197
26989,0.1058162
26990,0.050661895
26991,0.034281433
26992,0.015926048
26993,0.023491388
26994,0.0485929
26995,0.3246754
26996,0.02663213
26997,0.01829628
26998,0.024492444
26999,0.035848927
27000,0.0491021
27001,0.21975398
27002,0.051740676
27003,0.22217093
27004,0.07652919
27005,0.026211565
27006,0.014222926
27007,0.040219534
27008,0.04211413
27009,0.025335608
27010,0.3238431
27011,0.018130321
27012,0.016192451
27013,0.230095
27014,0.016303847
27015,0.0660622
27016,0.042968694
27017,0.010528967
27018,0.24758896
27019,0.46381027
27020,0.09175914
27021,0.07526936
27022,0.013344457
27023,0.07019157
27024,0.042170767
27025,0.037325583
27026,0.07350058
27027,0.06593686
27028,0.08352574
27029,0.9650942
27030,0.06252612
27031,0.014387386
27032,0.06346736
27033,0.06419685
27034,0.016350973
27035,0.032230802
27036,0.12026082
27037,0.31360948
27038,0.060010687
27039,0.21187261
27040,0.022306936
27041,0.05948729
27042,0.021160912
27043,0.062963426
27044,0.024999266
27045,0.022135478
27046,0.045276728
27047,0.048219055
27048,0.022764957
27049,0.045778643
27050,0.1514498
27051,0.030714225
27052,0.035926092
27053,0.029367674
27054,0.06685671
27055,0.08688372
27056,0.020717552
27057,0.046793897
27058,0.6007118
27059,0.054258686
27060,0.08022287
27061,0.042148236
27062,0.031250194
27063,0.03908471
27064,0.041379657
27065,0.012519169
27066,0.015163293
27067,0.20802025
27068,0.02244367
27069,0.005783323
27070,0.014917643
27071,0.040725153
27072,0.081434675
27073,0.018457944
27074,0.09280842
27075,0.03655527
27076,0.021847375
27077,0.040662915
27078,0.30537158
27079,0.02458163
27080,0.018857896
27081,0.0082003195
27082,0.011638535
27083,0.0383368
27084,0.02882973
27085,0.12718315
27086,0.05008844
27087,0.012349484
27088,0.01454123
27089,0.014516057
27090,0.057617623
27091,0.15430593
27092,0.07601647
27093,0.062102772
27094,0.052017346
27095,0.022734245
27096,0.044742495
27097,0.055270117
27098,0.22461414
27099,0.16565864
27100,0.028197065
27101,0.013564237
27102,0.011510514
27103,0.015119014
27104,0.010820084
27105,0.018392865
27106,0.007860216
27107,0.014185901
27108,0.009294811
27109,0.014441773
27110,0.014527755
27111,0.021665888
27112,0.044993002
27113,0.042800687
27114,0.08993107
27115,0.009356727
27116,0.10601422
27117,0.008339086
27118,0.2354323
27119,0.009269796
27120,0.009433047
27121,0.018675461
27122,0.009382764
27123,0.011458089
27124,0.009340637
27125,0.029735122
27126,0.011650438
27127,0.014027611
27128,0.008206341
27129,0.006897877
27130,0.04847622
27131,0.02375044
27132,0.038357753
27133,0.012590108
27134,0.040837023
27135,0.013891792
27136,0.0123975
27137,0.008164682
27138,0.082428545
27139,0.022688057
27140,0.04031601
27141,0.007668753
27142,0.0037697842
27143,0.02874144
27144,0.011197834
27145,0.06475374
27146,0.013237728
27147,0.0027710062
27148,0.010443061
27149,0.010425944
27150,0.23817086
27151,0.0489019
27152,0.05061188
27153,0.05425867
27154,0.013557321
27155,0.003552033
27156,0.009461028
27157,0.06705314
27158,0.02193419
27159,0.009527205
27160,0.065223716
27161,0.014333211
27162,0.08374666
27163,0.0074870833
27164,0.10729405
27165,0.015522481
27166,0.022450294
27167,0.028432313
27168,0.027842142
27169,0.024323672
27170,0.006073052
27171,0.010892986
27172,0.009388583
27173,0.027775401
27174,0.009330267
27175,0.007340766
27176,0.06477714
27177,0.048719812
27178,0.15355241
27179,0.021347467
27180,0.014457009
27181,0.0075142714
27182,0.003832302
27183,0.010392366
27184,0.014330703
27185,0.04224189
27186,0.018634068
27187,0.009392971
27188,0.010625566
27189,0.014666114
27190,0.02696078
27191,0.14147675
27192,0.18261229
27193,0.008299386
27194,0.07713006
27195,0.019213777
27196,0.019662928
27197,0.031153321
27198,0.04752934
27199,0.045447685
27200,0.04933231
27201,0.03541957
27202,0.04256449
27203,0.08650119
27204,0.0431054
27205,0.008125495
27206,0.028634295
27207,0.12738924
27208,0.042942964
27209,0.06824344
27210,0.045080338
27211,0.13848194
27212,0.31354445
27213,0.047546003
27214,0.34533572
27215,0.0631833
27216,0.19551249
27217,0.07651652
27218,0.13363235
27219,0.024066424
27220,0.093329646
27221,0.0060383007
27222,0.01436215
27223,0.13028817
27224,0.028497314
27225,0.56812584
27226,0.1322651
27227,0.046586387
27228,0.13485096
27229,0.02445514
27230,0.040306818
27231,0.030801035
27232,0.016527502
27233,0.037784345
27234,0.09221226
27235,0.14372239
27236,0.40404958
27237,0.39450228
27238,0.059662227
27239,0.108335815
27240,0.14386867
27241,0.011354493
27242,0.049488995
27243,0.040929615
27244,0.062048696
27245,0.029324451
27246,0.38655964
27247,0.1536349
27248,0.1469237
27249,0.40474632
27250,0.11319727
27251,0.38632897
27252,0.052880447
27253,0.2766074
27254,0.04508352
27255,0.044818003
27256,0.031424463
27257,0.06481497
27258,0.07909141
27259,0.090645045
27260,0.08702375
27261,0.02915678
27262,0.064409524
27263,0.35681638
27264,0.041941926
27265,0.028854996
27266,0.049157135
27267,0.055675175
27268,0.067709096
27269,0.036553677
27270,0.0391732
27271,0.024142487
27272,0.050111692
27273,0.15358457
27274,0.060858052
27275,0.16301902
27276,0.047822796
27277,0.035968218
27278,0.021976331
27279,0.014325822
27280,0.01365267
27281,0.3829783
27282,0.096105546
27283,0.06850584
27284,0.1694733
27285,0.27726212
27286,0.005181499
27287,0.06503706
27288,0.046147987
27289,0.018015752
27290,0.021543443
27291,0.034169123
27292,0.060663167
27293,0.06165456
27294,0.08406559
27295,0.1772571
27296,0.36678153
27297,0.01638557
27298,0.2284734
27299,0.0403975
27300,0.008300221
27301,0.028710438
27302,0.021847375
27303,0.030099059
27304,0.30372643
27305,0.01818386
27306,0.040677115
27307,0.056026965
27308,0.039572097
27309,0.024488406
27310,0.13481972
27311,0.39553604
27312,0.06254372
27313,0.08188386
27314,0.019162562
27315,0.02073023
27316,0.037283406
27317,0.05078911
27318,0.009109502
27319,0.025575751
27320,0.09563734
27321,0.13257891
27322,0.08449949
27323,0.08853986
27324,0.05584196
27325,0.031161066
27326,0.02874312
27327,0.027174918
27328,0.031109802
27329,0.077417135
27330,0.0479359
27331,0.24464004
27332,0.01404529
27333,0.03286085
27334,0.024905631
27335,0.01756805
27336,0.014447983
27337,0.022048794
27338,0.03706383
27339,0.021509934
27340,0.058142602
27341,0.19679597
27342,0.23449402
27343,0.04043938
27344,0.03510192
27345,0.033951957
27346,0.08327231
27347,0.059582606
27348,0.015379147
27349,0.049115337
27350,0.014506672
27351,0.027000012
27352,0.14879723
27353,0.02259648
27354,0.02290806
27355,0.0057600224
27356,0.07887398
27357,0.05241377
27358,0.29196656
27359,0.2853987
27360,0.17128436
27361,0.051936492
27362,0.03411081
27363,0.017448202
27364,0.0466894
27365,0.040740024
27366,0.010812507
27367,0.103934534
27368,0.04091373
27369,0.37451008
27370,0.08730592
27371,0.020431852
27372,0.012001222
27373,0.09519654
27374,0.044414904
27375,0.043918125
27376,0.01884031
27377,0.010836853
27378,0.051285807
27379,0.02538602
27380,0.017802877
27381,0.018556528
27382,0.06578547
27383,0.0402231
27384,0.061080374
27385,0.04959973
27386,0.0790688
27387,0.15465976
27388,0.34422532
27389,0.05193645
27390,0.021122048
27391,0.065855116
27392,0.014960554
27393,0.035882685
27394,0.008465852
27395,0.06719505
27396,0.04655835
27397,0.10098792
27398,0.037723906
27399,0.08576672
27400,0.035539705
27401,0.048527643
27402,0.02992616
27403,0.017212603
27404,0.018806148
27405,0.10595961
27406,0.009461533
27407,0.029122652
27408,0.058916386
27409,0.00926041
27410,0.009506403
27411,0.021820057
27412,0.02952798
27413,0.048632503
27414,0.06069569
27415,0.09614075
27416,0.075982966
27417,0.29498675
27418,0.1727408
27419,0.15916932
27420,0.01173143
27421,0.06933846
27422,0.04568829
27423,0.03815287
27424,0.06980584
27425,0.028998556
27426,0.042552948
27427,0.03468984
27428,0.012105937
27429,0.045239482
27430,0.066302925
27431,0.028592782
27432,0.046865374
27433,0.021801399
27434,0.017071715
27435,0.060598873
27436,0.030733896
27437,0.09019396
27438,0.049066648
27439,0.10653417
27440,0.3830299
27441,0.07973065
27442,0.086738616
27443,0.049890008
27444,0.06027922
27445,0.05840809
27446,0.06676789
27447,0.045250315
27448,0.234106
27449,0.056224424
27450,0.065677345
27451,0.04877423
27452,0.065552615
27453,0.02429362
27454,0.018805485
27455,0.020013005
27456,0.03292594
27457,0.2405295
27458,0.05447285
27459,0.03927882
27460,0.08319165
27461,0.51600176
27462,0.068767905
27463,0.0143722305
27464,0.26405475
27465,0.04875991
27466,0.16453637
27467,0.24044469
27468,0.054275695
27469,0.018865064
27470,0.041203257
27471,0.044415336
27472,0.07835834
27473,0.12366312
27474,0.035980053
27475,0.13995683
27476,0.07020507
27477,0.007378135
27478,0.061959222
27479,0.019405281
27480,0.04471889
27481,0.053269308
27482,0.014330703
27483,0.0930504
27484,0.1188671
27485,0.20866258
27486,0.06483779
27487,0.029335713
27488,0.084175155
27489,0.13765596
27490,0.30309466
27491,0.04612782
27492,0.009317533
27493,0.043538604
27494,0.021415502
27495,0.053647254
27496,0.39452505
27497,0.035188295
27498,0.1428234
27499,0.32268274
27500,0.14000575
27501,0.034571353
27502,0.045250315
27503,0.30136788
27504,0.31028745
27505,0.060623605
27506,0.06714688
27507,0.12166588
27508,0.11594414
27509,0.105412245
27510,0.16297159
27511,0.3086001
27512,0.06567464
27513,0.0033520267
27514,0.01893578
27515,0.04281081
27516,0.07881664
27517,0.045547597
27518,0.18024433
27519,0.6805123
27520,0.037588928
27521,0.32861224
27522,0.014196307
27523,0.041265544
27524,0.31246522
27525,0.04302128
27526,0.06255723
27527,0.015337839
27528,0.03764802
27529,0.32454526
27530,0.23697098
27531,0.060508404
27532,0.22428477
27533,0.1099041
27534,0.22711714
27535,0.3238686
27536,0.3153378
27537,0.025310904
27538,0.22804615
27539,0.11795544
27540,0.16957979
27541,0.70364577
27542,0.36120522
27543,0.32839975
27544,0.022016315
27545,0.18473212
27546,0.051448174
27547,0.024457138
27548,0.02004579
27549,0.04648422
27550,0.005781005
27551,0.0104372045
27552,0.028945064
27553,0.045833997
27554,0.07465697
27555,0.06871555
27556,0.08033487
27557,0.10179197
27558,0.16442454
27559,0.1440955
27560,0.024293495
27561,0.088222675
27562,0.21629813
27563,0.046839867
27564,0.6920113
27565,0.67421967
27566,0.40366933
27567,0.005744458
27568,0.022311872
27569,0.016015358
27570,0.10330981
27571,0.35216886
27572,0.06634416
27573,0.052216724
27574,0.025466627
27575,0.04586442
27576,0.055772483
27577,0.041241217
27578,0.011268317
27579,0.30888286
27580,0.01634246
27581,0.026031788
27582,0.078944765
27583,0.080769084
27584,0.04351382
27585,0.04091373
27586,0.1566336
27587,0.2687459
27588,0.022128586
27589,0.16928707
27590,0.08394064
27591,0.08034326
27592,0.71508956
27593,0.6856479
27594,0.39472356
27595,0.014447349
27596,0.08173237
27597,0.022083884
27598,0.008399305
27599,0.32481307
27600,0.07609599
27601,0.2207399
27602,0.03565874
27603,0.074486926
27604,0.018654792
27605,0.075992554
27606,0.08513523
27607,0.11894276
27608,0.1474948
27609,0.38306955
27610,0.3248614
27611,0.16931522
27612,0.1041555
27613,0.06567229
27614,0.048962902
27615,0.08862477
27616,0.036526043
27617,0.02893576
27618,0.021349898
27619,0.11084937
27620,0.11428615
27621,0.05535952
27622,0.08209731
27623,0.6967356
27624,0.9929092
27625,0.709456
27626,0.1057196
27627,0.04250203
27628,0.15673772
27629,0.011892044
27630,0.33898684
27631,0.023857702
27632,0.008755438
27633,0.01610372
27634,0.015218649
27635,0.029405477
27636,0.07482754
27637,0.04182849
27638,0.3098045
27639,0.631624
27640,0.056595363
27641,0.07862145
27642,0.06742215
27643,0.122965455
27644,0.059449516
27645,0.2831909
27646,0.1353007
27647,0.031017335
27648,0.07722015
27649,0.08320531
27650,0.08166949
27651,0.040384367
27652,0.021324841
27653,0.36424538
27654,0.24701692
27655,0.21313427
27656,0.06051898
27657,0.024667578
27658,0.083623715
27659,0.011322904
27660,0.06116935
27661,0.22947362
27662,0.026831508
27663,0.03606168
27664,0.034893405
27665,0.036841188
27666,0.30730534
27667,0.4260011
27668,0.23018494
27669,0.15664649
27670,0.08626557
27671,0.13990226
27672,0.1197684
27673,0.38386723
27674,0.04899118
27675,0.031075152
27676,0.028611291
27677,0.114476204
27678,0.13170373
27679,0.11554347
27680,0.37614748
27681,0.23327765
27682,0.12440206
27683,0.97742933
27684,0.10757702
27685,0.016955392
27686,0.09866836
27687,0.21695612
27688,0.020081496
27689,0.046621673
27690,0.1975707
27691,0.049170263
27692,0.03057953
27693,0.030650629
27694,0.0396599
27695,0.10504129
27696,0.31636125
27697,0.19157489
27698,0.27013877
27699,0.23761195
27700,0.1188671
27701,0.11465079
27702,0.31059626
27703,0.022171397
27704,0.12223115
27705,0.061490916
27706,0.04309609
27707,0.34551468
27708,0.22669703
27709,0.047218718
27710,0.38532788
27711,0.306968
27712,0.005872366
27713,0.09248316
27714,0.08687514
27715,0.065662846
27716,0.04400963
27717,0.010578816
27718,0.010685638
27719,0.007851244
27720,0.024979522
27721,0.0466894
27722,0.07053405
27723,0.066948235
27724,0.09617685
27725,0.34718814
27726,0.606787
27727,0.34297484
27728,0.30679283
27729,0.3821844
27730,0.07548726
27731,0.06162402
27732,0.05984978
27733,0.15945417
27734,0.1610753
27735,0.053948466
27736,0.024511637
27737,0.051441487
27738,0.10948679
27739,0.01812058
27740,0.04020196
27741,0.08096791
27742,0.020438144
27743,0.014445292
27744,0.03403756
27745,0.01932871
27746,0.011239443
27747,0.02871903
27748,0.05881594
27749,0.046729755
27750,0.063657224
27751,0.3048068
27752,0.14005484
27753,0.2670268
27754,0.42892393
27755,0.4192708
27756,0.24035652
27757,0.15302749
27758,0.019467045
27759,0.043758057
27760,0.0837309
27761,0.014396633
27762,0.028015498
27763,0.6458643
27764,0.041931037
27765,0.016352115
27766,0.04813763
27767,0.043975443
27768,0.08266987
27769,0.034400474
27770,0.04166827
27771,0.015768744
27772,0.038971353
27773,0.014077784
27774,0.02488623
27775,0.06696197
27776,0.08025961
27777,0.3800724
27778,0.32848275
27779,0.1658945
27780,0.7041653
27781,0.3358278
27782,0.3655958
27783,0.11509526
27784,0.034380272
27785,0.028001865
27786,0.030151991
27787,0.040792745
27788,0.037889194
27789,0.015095071
27790,0.029886192
27791,0.05432334
27792,0.3508353
27793,0.07559712
27794,0.3117951
27795,0.06279807
27796,0.08447769
27797,0.0964204
27798,0.11287676
27799,0.1319123
27800,0.039519858
27801,0.0035058954
27802,0.03555671
27803,0.117332876
27804,0.60960305
27805,0.31167674
27806,0.3911097
27807,0.222324
27808,0.23420063
27809,0.12333338
27810,0.0988383
27811,0.03789002
27812,0.012311662
27813,0.022032132
27814,0.031372737
27815,0.026567364
27816,0.10012312
27817,0.10268678
27818,0.06588175
27819,0.2302436
27820,0.023974484
27821,0.060671963
27822,0.3094671
27823,0.035528738
27824,0.085286014
27825,0.19004756
27826,0.026366618
27827,0.00289777
27828,0.18445864
27829,0.13764694
27830,0.06085519
27831,0.11896792
27832,0.026819948
27833,0.07454786
27834,0.06183648
27835,0.032402918
27836,0.09623439
27837,0.08647719
27838,0.039460097
27839,0.023638254
27840,0.009252684
27841,0.16332091
27842,0.011416324
27843,0.07779096
27844,0.028487116
27845,0.095003
27846,0.030812008
27847,0.03820898
27848,0.0076325987
27849,0.03434616
27850,0.15242204
27851,0.34381053
27852,0.38468003
27853,0.09260278
27854,0.024295785
27855,0.0446636
27856,0.054101977
27857,0.11367516
27858,0.013311693
27859,0.026067212
27860,0.01410425
27861,0.027268665
27862,0.017808538
27863,0.011273908
27864,0.020338105
27865,0.061628997
27866,0.07097877
27867,0.30931064
27868,0.013743247
27869,0.016494546
27870,0.059950754
27871,0.058225144
27872,0.07770143
27873,0.34409496
27874,0.09084144
27875,0.011648517
27876,0.009284199
27877,0.1531467
27878,0.03178296
27879,0.014838785
27880,0.060748998
27881,0.103126496
27882,0.04357027
27883,0.011062759
27884,0.018335119
27885,0.009305531
27886,0.17657308
27887,0.014262877
27888,0.022450294
27889,0.10471417
27890,0.051552787
27891,0.03389371
27892,0.015926048
27893,0.023913998
27894,0.049155794
27895,0.32460755
27896,0.026905565
27897,0.01829697
27898,0.024689252
27899,0.035926092
27900,0.048148174
27901,0.14326507
27902,0.051224194
27903,0.223623
27904,0.076597035
27905,0.025742596
27906,0.014438368
27907,0.04087004
27908,0.042072006
27909,0.025117649
27910,0.3186329
27911,0.018324954
27912,0.016490815
27913,0.23130184
27914,0.015970964
27915,0.06525172
27916,0.042315714
27917,0.010540427
27918,0.24640736
27919,0.48339128
27920,0.094855435
27921,0.078227036
27922,0.013093381
27923,0.068259865
27924,0.040988352
27925,0.038774833
27926,0.10431808
27927,0.06589351
27928,0.08157527
27929,0.9677346
27930,0.018160313
27931,0.06097632
27932,0.064159125
27933,0.06369288
27934,0.016105164
27935,0.03106929
27936,0.116488
27937,0.31317875
27938,0.060010687
27939,0.21277122
27940,0.022618357
27941,0.016530942
27942,0.060085673
27943,0.009212915
27944,0.021318855
27945,0.064124234
27946,0.025217226
27947,0.021820664
27948,0.044781655
27949,0.04765612
27950,0.022607014
27951,0.017510794
27952,0.045143843
27953,0.1510483
27954,0.031897712
27955,0.03624449
27956,0.013999617
27957,0.028947992
27958,0.06716105
27959,0.08837301
27960,0.046128187
27961,0.63332176
27962,0.05535952
27963,0.08111028
27964,0.04344328
27965,0.034526307
27966,0.038709722
27967,0.041379657
27968,0.012520159
27969,0.01520144
27970,0.20678449
27971,0.022760991
27972,0.0058859056
27973,0.009253205
27974,0.040618327
27975,0.08036049
27976,0.018699953
27977,0.009221545
27978,0.09481657
27979,0.0359116
27980,0.021825107
27981,0.040997498
27982,0.31271917
27983,0.022703772
27984,0.018866207
27985,0.0043629017
27986,0.008287863
27987,0.038164787
27988,0.02862215
27989,0.2238966
27990,0.05008844
27991,0.012182624
27992,0.014312911
27993,0.0066758385
27994,0.055024367
27995,0.15229051
27996,0.07738416
27997,0.06297397
27998,0.051673565
27999,0.0230462
28000,0.044742495
28001,0.01588008
28002,0.08800875
28003,0.15924053
28004,0.1605355
28005,0.028548628
28006,0.013372308
28007,0.011869473
28008,0.010890269
28009,0.018374354
28010,0.007775901
28011,0.014602872
28012,0.014479439
28013,0.02188505
28014,0.046488993
28015,0.0433551
28016,0.08989911
28017,0.009263672
28018,0.10564165
28019,0.00847753
28020,0.322504
28021,0.009455779
28022,0.009475341
28023,0.022714019
28024,0.011799892
28025,0.016261663
28026,0.013735016
28027,0.026593428
28028,0.011692565
28029,0.003715368
28030,0.013668652
28031,0.0081822695
28032,0.0069291964
28033,0.04796121
28034,0.02426738
28035,0.038357753
28036,0.040117938
28037,0.0140945325
28038,0.012121598
28039,0.008415922
28040,0.08304341
28041,0.022036273
28042,0.041117273
28043,0.0038099133
28044,0.010427782
28045,0.027869007
28046,0.009301968
28047,0.06793946
28048,0.013167549
28049,0.0027742675
28050,0.010575554
28051,0.010515584
28052,0.3258733
28053,0.04897628
28054,0.0527293
28055,0.054913867
28056,0.066944316
28057,0.021629881
28058,0.009361574
28059,0.06510706
28060,0.014497907
28061,0.081938215
28062,0.15638651
28063,0.01570061
28064,0.028119614
28065,0.029245026
28066,0.0243583
28067,0.010683
28068,0.0064309775
28069,0.028772216
28070,0.009634003
28071,0.0075322157
28072,0.063935176
28073,0.048969425
28074,0.028627625
28075,0.22547671
28076,0.017360572
28077,0.021862695
28078,0.027016478
28079,0.0105215395
28080,0.014107677
28081,0.042822774
28082,0.018392865
28083,0.012520159
28084,0.022285577
28085,0.029613325
28086,0.009431836
28087,0.02708713
28088,0.23774476
28089,0.11489478
28090,0.008170501
28091,0.01786224
28092,0.07586493
28093,0.019246306
28094,0.045807786
28095,0.04479891
28096,0.02181264
28097,0.042537205
28098,0.055124953
28099,0.013967751
28100,0.045055877
28101,0.035337675
28102,0.044457264
28103,0.09455404
28104,0.044611007
28105,0.008002522
28106,0.02513478
28107,0.028156387
28108,0.23488759
28109,0.0431464
28110,0.06764151
28111,0.23301391
28112,0.3184301
28113,0.020234372
28114,0.025063002
28115,0.043176964
28116,0.26790923
28117,0.06598543
28118,0.24566567
28119,0.06918626
28120,0.24692808
28121,0.058755625
28122,0.08402165
28123,0.033506487
28124,0.014032364
28125,0.011053363
28126,0.23743315
28127,0.028734557
28128,0.5775778
28129,0.24253933
28130,0.045869805
28131,0.046068467
28132,0.14070557
28133,0.060925324
28134,0.012325378
28135,0.024476599
28136,0.042110123
28137,0.030836502
28138,0.0165649
28139,0.013983916
28140,0.09303691
28141,0.2355741
28142,0.40016663
28143,0.3967548
28144,0.045068033
28145,0.06412846
28146,0.025317205
28147,0.114525594
28148,0.14415692
28149,0.05061305
28150,0.040590215
28151,0.06200657
28152,0.078631654
28153,0.029664606
28154,0.3848807
28155,0.1135711
28156,0.1422262
28157,0.3972678
28158,0.10594392
28159,0.022109404
28160,0.39674002
28161,0.016704336
28162,0.05179962
28163,0.38933176
28164,0.045134638
28165,0.045602884
28166,0.030668491
28167,0.06352217
28168,0.08464265
28169,0.09670662
28170,0.07684651
28171,0.029092545
28172,0.033772796
28173,0.06688377
28174,0.25369185
28175,0.042547334
28176,0.028106963
28177,0.048839275
28178,0.05471258
28179,0.06803994
28180,0.028376417
28181,0.036074974
28182,0.0391732
28183,0.061158966
28184,0.025188671
28185,0.051122807
28186,0.15026544
28187,0.050621007
28188,0.2554147
28189,0.019597312
28190,0.048192263
28191,0.036298487
28192,0.02212195
28193,0.014159827
28194,0.0145659875
28195,0.38509932
28196,0.17215145
28197,0.06943886
28198,0.17370869
28199,0.28685275
28200,0.067170344
28201,0.045984503
28202,0.015130223
28203,0.034106653
28204,0.010395888
28205,0.06095246
28206,0.06187624
28207,0.08159291
28208,0.17764802
28209,0.3617494
28210,0.23173958
28211,0.04161809
28212,0.008325219
28213,0.02857173
28214,0.021751922
28215,0.030577354
28216,0.30401587
28217,0.018226748
28218,0.040044714
28219,0.01045358
28220,0.05179746
28221,0.042459924
28222,0.024579378
28223,0.13682196
28224,0.40379474
28225,0.047518622
28226,0.12207706
28227,0.019296946
28228,0.020627499
28229,0.037112705
28230,0.0508382
28231,0.024465771
28232,0.097041555
28233,0.13289064
28234,0.08471195
28235,0.08848903
28236,0.05461372
28237,0.028814377
28238,0.02611871
28239,0.030525852
28240,0.080094144
28241,0.048186716
28242,0.2594027
28243,0.01405255
28244,0.031173836
28245,0.024958355
28246,0.01783534
28247,0.014591169
28248,0.022024272
28249,0.03758958
28250,0.021827465
28251,0.057276547
28252,0.1972546
28253,0.30980283
28254,0.040318284
28255,0.03535832
28256,0.03322937
28257,0.082008034
28258,0.060980655
28259,0.01416962
28260,0.049962267
28261,0.014319891
28262,0.01242182
28263,0.026818061
28264,0.14665042
28265,0.023171907
28266,0.021544581
28267,0.02961836
28268,0.0058959057
28269,0.07817823
28270,0.05220826
28271,0.2882109
28272,0.28887314
28273,0.29500178
28274,0.051577978
28275,0.034307234
28276,0.01765493
28277,0.046706077
28278,0.041565865
28279,0.10386138
28280,0.041020487
28281,0.3768094
28282,0.089598365
28283,0.020798119
28284,0.011715572
28285,0.094218224
28286,0.04568267
28287,0.043827143
28288,0.019012183
28289,0.00923172
28290,0.011951806
28291,0.051520385
28292,0.017642638
28293,0.018637449
28294,0.06570207
28295,0.04061498
28296,0.09202266
28297,0.050047643
28298,0.08217547
28299,0.15227887
28300,0.3295775
28301,0.051935498
28302,0.021927418
28303,0.06473192
28304,0.03472245
28305,0.06695797
28306,0.04627928
28307,0.102025375
28308,0.037101306
28309,0.08435898
28310,0.035535697
28311,0.048858497
28312,0.030608872
28313,0.017799487
28314,0.018375902
28315,0.10682864
28316,0.009444235
28317,0.029174548
28318,0.059664626
28319,0.029618932
28320,0.021906873
28321,0.030536367
28322,0.04869812
28323,0.06139602
28324,0.09620668
28325,0.07596667
28326,0.29720986
28327,0.1727408
28328,0.15990466
28329,0.0117436135
28330,0.069290355
28331,0.046321813
28332,0.037951175
28333,0.071710095
28334,0.02977835
28335,0.020877644
28336,0.042634796
28337,0.034026884
28338,0.046172537
28339,0.066809066
28340,0.028858235
28341,0.047176823
28342,0.02185953
28343,0.062049415
28344,0.013757487
28345,0.031897746
28346,0.08853884
28347,0.04944654
28348,0.16050342
28349,0.3818147
28350,0.07935205
28351,0.087684505
28352,0.049024664
28353,0.062754355
28354,0.0583057
28355,0.06686382
28356,0.045494482
28357,0.00923172
28358,0.018767843
28359,0.3033756
28360,0.05561453
28361,0.06531491
28362,0.049025636
28363,0.065483004
28364,0.017217604
28365,0.025061604
28366,0.01896318
28367,0.020080205
28368,0.03304843
28369,0.3252164
28370,0.05438634
28371,0.04043735
28372,0.08137879
28373,0.51089394
28374,0.067087054
28375,0.014085044
28376,0.2693792
28377,0.04838757
28378,0.16421647
28379,0.23731971
28380,0.056725405
28381,0.01950818
28382,0.041962508
28383,0.04450853
28384,0.08263501
28385,0.12319038
28386,0.036140155
28387,0.13937855
28388,0.07112646
28389,0.061183635
28390,0.009774964
28391,0.0146232275
28392,0.019727636
28393,0.04564862
28394,0.05506694
28395,0.014420492
28396,0.09388422
28397,0.12112153
28398,0.30901584
28399,0.0649839
28400,0.028063001
28401,0.086855955
28402,0.13911998
28403,0.30162072
28404,0.046804056
28405,0.043068238
28406,0.021325449
28407,0.054018438
28408,0.38107178
28409,0.033405058
28410,0.14417687
28411,0.33985242
28412,0.22434042
28413,0.017947588
28414,0.034774546
28415,0.04532688
28416,0.29677653
28417,0.3046654
28418,0.009274468
28419,0.060065582
28420,0.06564297
28421,0.12289777
28422,0.11469558
28423,0.10339642
28424,0.1622896
28425,0.30981138
28426,0.065479934
28427,0.019593406
28428,0.04215935
28429,0.0773673
28430,0.04624421
28431,0.18551645
28432,0.68720454
28433,0.038943376
28434,0.32666147
28435,0.0139055075
28436,0.041368198
28437,0.22868672
28438,0.012392361
28439,0.042936824
28440,0.06274712
28441,0.014895767
28442,0.037446246
28443,0.0057724025
28444,0.32592016
28445,0.065491855
28446,0.06152962
28447,0.22474949
28448,0.10992948
28449,0.22944161
28450,0.32535085
28451,0.30989322
28452,0.22419943
28453,0.11412638
28454,0.099176705
28455,0.69029504
28456,0.35149345
28457,0.34100702
28458,0.0059438283
28459,0.021489773
28460,0.18113098
28461,0.052189313
28462,0.024384381
28463,0.019648114
28464,0.018200273
28465,0.04715428
28466,0.0057785446
28467,0.0068023186
28468,0.010678558
28469,0.029478718
28470,0.07666575
28471,0.07513188
28472,0.06922026
28473,0.08087303
28474,0.06840357
28475,0.16406065
28476,0.14261457
28477,0.024992984
28478,0.08825194
28479,0.22055541
28480,0.018289402
28481,0.04728197
28482,0.69563437
28483,0.7023278
28484,0.3982674
28485,0.0057523414
28486,0.02232285
28487,0.016435664
28488,0.07040419
28489,0.3660113
28490,0.06744472
28491,0.016467977
28492,0.05258038
28493,0.02556804
28494,0.0077486476
28495,0.008271582
28496,0.04585182
28497,0.053944066
28498,0.041784253
28499,0.011053888
28500,0.31385106
28501,0.016420972
28502,0.026525868
28503,0.08008844
28504,0.08207973
28505,0.0429717
28506,0.04137352
28507,0.16124208
28508,0.0961977
28509,0.019552464
28510,0.17105465
28511,0.08341602
28512,0.08251417
28513,0.7004709
28514,0.6708543
28515,0.40982404
28516,0.014374094
28517,0.051299646
28518,0.02264181
28519,0.32503095
28520,0.07605435
28521,0.21995923
28522,0.035993908
28523,0.07441908
28524,0.018792069
28525,0.07576227
28526,0.08081164
28527,0.11873372
28528,0.14726628
28529,0.3723232
28530,0.3214463
28531,0.16931522
28532,0.10812621
28533,0.06567464
28534,0.04864452
28535,0.08640902
28536,0.035656717
28537,0.028740674
28538,0.11045644
28539,0.11405161
28540,0.05422772
28541,0.086993404
28542,0.02249712
28543,0.7334716
28544,0.9975457
28545,0.69258565
28546,0.09605552
28547,0.04295231
28548,0.16158316
28549,0.011842625
28550,0.3420588
28551,0.024583431
28552,0.008553811
28553,0.016118372
28554,0.015244235
28555,0.029366199
28556,0.07481924
28557,0.04188064
28558,0.31168535
28559,0.6178003
28560,0.057507377
28561,0.077633366
28562,0.06682304
28563,0.123528816
28564,0.05972357
28565,0.2881332
28566,0.1328329
28567,0.030996067
28568,0.075703084
28569,0.08120356
28570,0.083401754
28571,0.04041437
28572,0.26984236
28573,0.3269925
28574,0.21194671
28575,0.06159422
28576,0.024672955
28577,0.083404765
28578,0.011254857
28579,0.06162763
28580,0.22911562
28581,0.027022302
28582,0.036819205
28583,0.035978917
28584,0.03736436
28585,0.3043551
28586,0.4335345
28587,0.22992869
28588,0.22817807
28589,0.08680018
28590,0.1396143
28591,0.119785205
28592,0.3702942
28593,0.048406783
28594,0.025241667
28595,0.031804822
28596,0.028364997
28597,0.18543606
28598,0.13563058
28599,0.18746586
28600,0.27152362
28601,0.23551075
28602,0.22322051
28603,0.97605956
28604,0.106775895
28605,0.017522506
28606,0.09754007
28607,0.22094156
28608,0.019598544
28609,0.046904683
28610,0.28443396
28611,0.048801377
28612,0.029352365
28613,0.031014651
28614,0.039724417
28615,0.102316156
28616,0.3089959
28617,0.23934506
28618,0.2715115
28619,0.23908493
28620,0.12049395
28621,0.11449418
28622,0.22865276
28623,0.022317015
28624,0.12340469
28625,0.06402702
28626,0.04369092
28627,0.35829172
28628,0.22675377
28629,0.047067184
28630,0.3858723
28631,0.31051618
28632,0.0052902885
28633,0.06669403
28634,0.08528889
28635,0.064902395
28636,0.040134415
28637,0.010342318
28638,0.009867621
28639,0.025403498
28640,0.047737397
28641,0.071763076
28642,0.06632157
28643,0.098181486
28644,0.34630543
28645,0.5877006
28646,0.32486606
28647,0.3127883
28648,0.37649915
28649,0.07639865
28650,0.061446413
28651,0.062154025
28652,0.10780115
28653,0.22475258
28654,0.051471226
28655,0.062192656
28656,0.05194143
28657,0.108292244
28658,0.017982217
28659,0.08182782
28660,0.01995929
28661,0.014644691
28662,0.033768978
28663,0.0190316
28664,0.004408567
28665,0.028494744
28666,0.058298226
28667,0.047250826
28668,0.06521009
28669,0.30342016
28670,0.13863088
28671,0.27880183
28672,0.44772384
28673,0.41923413
28674,0.24378493
28675,0.15677802
28676,0.04367946
28677,0.08841951
28678,0.0145034585
28679,0.008135123
28680,0.029225962
28681,0.60041434
28682,0.04143636
28683,0.016549136
28684,0.07665868
28685,0.04312095
28686,0.13556556
28687,0.033494525
28688,0.041575138
28689,0.015822263
28690,0.040181704
28691,0.025012385
28692,0.067366645
28693,0.079653166
28694,0.3792254
28695,0.3267692
28696,0.16636857
28697,0.68228114
28698,0.33330506
28699,0.37091303
28700,0.11481837
28701,0.029306863
28702,0.02999119
28703,0.04108792
28704,0.03855573
28705,0.030287666
28706,0.084952086
28707,0.37777638
28708,0.07725444
28709,0.31254968
28710,0.064028166
28711,0.08228556
28712,0.0962223
28713,0.107424274
28714,0.1321389
28715,0.040110547
28716,0.026511133
28717,0.036172822
28718,0.11531685
28719,0.61671203
28720,0.31623465
28721,0.3896287
28722,0.3040424
28723,0.23664309
28724,0.12232928
28725,0.100163884
28726,0.022045424
28727,0.012109238
28728,0.03224067
28729,0.02691691
28730,0.10338408
28731,0.10257831
28732,0.06977709
28733,0.30453593
28734,0.024129262
28735,0.061645433
28736,0.30162162
28737,0.036901493
28738,0.011197621
28739,0.010301332
28740,0.08723865
28741,0.1841386
28742,0.026472269
28743,0.0028750412
28744,0.1851539
28745,0.22113173
28746,0.05848494
28747,0.07971456
28748,0.10971118
28749,0.06481518
28750,0.031433653
28751,0.097064614
28752,0.14185122
28753,0.036164947
28754,0.02196988
28755,0.009006415
28756,0.090224504
28757,0.079127245
28758,0.029426973
28759,0.09549421
28760,0.029413296
28761,0.038027044
28762,0.03505581
28763,0.15653676
28764,0.34235716
28765,0.3820316
28766,0.09575274
28767,0.009863968
28768,0.02499099
28769,0.044718694
28770,0.014115748
28771,0.05439474
28772,0.115632996
28773,0.013357142
28774,0.025546405
28775,0.014324495
28776,0.026102679
28777,0.017648298
28778,0.0108621735
28779,0.022813765
28780,0.061572116
28781,0.068510845
28782,0.33002853
28783,0.013421433
28784,0.029135307
28785,0.060735527
28786,0.07646859
28787,0.33314294
28788,0.09554017
28789,0.011831042
28790,0.15771547
28791,0.012360006
28792,0.03078548
28793,0.01462531
28794,0.06073585
28795,0.16858388
28796,0.044717126
28797,0.011236092
28798,0.018550893
28799,0.00936722
28800,0.18386932
28801,0.028180039
28802,0.01413055
28803,0.022688324
28804,0.10518298
28805,0.052685924
28806,0.03404668
28807,0.016092116
28808,0.023977783
28809,0.051731005
28810,0.3424562
28811,0.02614717
28812,0.018185716
28813,0.024491012
28814,0.037110113
28815,0.049681373
28816,0.21780083
28817,0.051800817
28818,0.15016961
28819,0.07766027
28820,0.025810486
28821,0.014161409
28822,0.04160693
28823,0.042418644
28824,0.025585897
28825,0.32192764
28826,0.018480707
28827,0.016741138
28828,0.2289704
28829,0.016144242
28830,0.06574183
28831,0.042690177
28832,0.010599865
28833,0.3470475
28834,0.44783926
28835,0.09260867
28836,0.07545759
28837,0.012959376
28838,0.070101745
28839,0.04133499
28840,0.038695622
28841,0.07340589
28842,0.066552885
28843,0.0813477
28844,0.97521794
28845,0.06225601
28846,0.01444514
28847,0.065352656
28848,0.06409756
28849,0.016016377
28850,0.03150228
28851,0.1212123
28852,0.38399428
28853,0.060338233
28854,0.21188459
28855,0.02241369
28856,0.016491212
28857,0.06372184
28858,0.009070757
28859,0.02204311
28860,0.06309576
28861,0.025610257
28862,0.02207774
28863,0.0015648213
28864,0.04518869
28865,0.04839001
28866,0.021551551
28867,0.017722754
28868,0.047118913
28869,0.015918821
28870,0.14814198
28871,0.030856082
28872,0.03626523
28873,0.029381426
28874,0.06654749
28875,0.08798513
28876,0.021649119
28877,0.04725343
28878,0.6167912
28879,0.055756506
28880,0.082361706
28881,0.042487375
28882,0.033966113
28883,0.03941574
28884,0.039366607
28885,0.012293576
28886,0.015152632
28887,0.25432804
28888,0.022339985
28889,0.014803395
28890,0.041247528
28891,0.083452694
28892,0.01935758
28893,0.009250635
28894,0.0921747
28895,0.03627827
28896,0.02346233
28897,0.041094173
28898,0.30703437
28899,0.022893576
28900,0.018660633
28901,0.008150492
28902,0.019534934
28903,0.03826124
28904,0.028773833
28905,0.23084743
28906,0.047837205
28907,0.012322117
28908,0.0142868245
28909,0.05490359
28910,0.11004706
28911,0.07594865
28912,0.062069282
28913,0.052486394
28914,0.022937493
28915,0.04596164
28916,0.053912114
28917,0.1596157
28918,0.1042909
28919,0.0060079424
28920,0.02858099
28921,0.013453927
28922,0.01181585
28923,0.010732357
28924,0.018622737
28925,0.014239417
28926,0.014381309
28927,0.021949274
28928,0.0428086
28929,0.043063074
28930,0.08616925
28931,0.005453597
28932,0.106379725
28933,0.23541956
28934,0.009234464
28935,0.02241369
28936,0.011687966
28937,0.017692845
28938,0.006894623
28939,0.013616297
28940,0.027484553
28941,0.013140182
28942,0.013967085
28943,0.008061448
28944,0.048430786
28945,0.0035827223
28946,0.024583029
28947,0.0379739
28948,0.012491801
28949,0.04065945
28950,0.01394258
28951,0.005233609
28952,0.012262185
28953,0.008190621
28954,0.0827868
28955,0.022698123
28956,0.040628023
28957,0.028808462
28958,0.014455711
28959,0.06837383
28960,0.012931198
28961,0.0028879945
28962,0.010445681
28963,0.327934
28964,0.04955771
28965,0.05326502
28966,0.085248366
28967,0.014285995
28968,0.0034869208
28969,0.06608502
28970,0.02183397
28971,0.0094177695
28972,0.06546952
28973,0.08289617
28974,0.10497853
28975,0.015708564
28976,0.022557048
28977,0.028669948
28978,0.02775967
28979,0.024160806
28980,0.022873467
28981,0.010570637
28982,0.030511724
28983,0.007414476
28984,0.06444188
28985,0.048970502
28986,0.028830366
28987,0.15410765
28988,0.017457752
28989,0.021738013
28990,0.0038080052
28991,0.0145015
28992,0.041986216
28993,0.028877364
28994,0.009154559
28995,0.014899118
28996,0.02709931
28997,0.24110633
28998,0.1824819
28999,0.017689245
29000,0.07642283
29001,0.012028232
29002,0.019585824
29003,0.034333866
29004,0.047695998
29005,0.055907466
29006,0.028302353
29007,0.03470148
29008,0.04273192
29009,0.035193324
29010,0.04414382
29011,0.097881526
29012,0.04737466
29013,0.03544262
29014,0.028802918
29015,0.23918666
29016,0.048732877
29017,0.06712758
29018,0.23195928
29019,0.31887418
29020,0.039754484
29021,0.25931382
29022,0.06304492
29023,0.3602363
29024,0.07260492
29025,0.13611682
29026,0.056719597
29027,0.09837143
29028,0.013489274
29029,0.0058112675
29030,0.03459871
29031,0.014068653
29032,0.12537561
29033,0.0285986
29034,0.5263655
29035,0.24069764
29036,0.046539586
29037,0.04697402
29038,0.2420754
29039,0.06138261
29040,0.012322117
29041,0.040329587
29042,0.031454097
29043,0.090019524
29044,0.23480189
29045,0.3985272
29046,0.39393306
29047,0.046939462
29048,0.024815854
29049,0.10895154
29050,0.22657187
29051,0.020069636
29052,0.05023017
29053,0.04030986
29054,0.06142273
29055,0.08119766
29056,0.38245
29057,0.113148555
29058,0.238241
29059,0.4042416
29060,0.10752763
29061,0.022102898
29062,0.3861006
29063,0.052223355
29064,0.2837372
29065,0.04661273
29066,0.04573367
29067,0.030879978
29068,0.064211525
29069,0.07967062
29070,0.09674821
29071,0.14229254
29072,0.029672412
29073,0.03467103
29074,0.06692683
29075,0.25392732
29076,0.041620083
29077,0.028926887
29078,0.049382508
29079,0.052758574
29080,0.06897898
29081,0.036392257
29082,0.04448958
29083,0.051702287
29084,0.15181902
29085,0.05074891
29086,0.32449833
29087,0.049784124
29088,0.036172587
29089,0.014690828
29090,0.0043392973
29091,0.013232032
29092,0.38750267
29093,0.0989364
29094,0.07002276
29095,0.38666564
29096,0.38707367
29097,0.065614216
29098,0.045571808
29099,0.013178004
29100,0.018810678
29101,0.0060937232
29102,0.03388457
29103,0.010561517
29104,0.06852627
29105,0.06369499
29106,0.08735669
29107,0.17851128
29108,0.26291618
29109,0.23173958
29110,0.04234875
29111,0.028043248
29112,0.029687969
29113,0.30621085
29114,0.018265612
29115,0.040595505
29116,0.055843197
29117,0.044765517
29118,0.1369957
29119,0.3975604
29120,0.0065016295
29121,0.05036791
29122,0.08231597
29123,0.018987356
29124,0.020781806
29125,0.037310462
29126,0.050889455
29127,0.009405798
29128,0.0993452
29129,0.13361536
29130,0.08223414
29131,0.089731164
29132,0.05561145
29133,0.027892519
29134,0.027144114
29135,0.03138379
29136,0.08023837
29137,0.048585325
29138,0.10632665
29139,0.013863306
29140,0.032969594
29141,0.024727596
29142,0.017619738
29143,0.014552304
29144,0.022085361
29145,0.03740297
29146,0.022085361
29147,0.060063913
29148,0.25098124
29149,0.23492745
29150,0.03956801
29151,0.035256803
29152,0.03376534
29153,0.08504607
29154,0.06056476
29155,0.014402717
29156,0.04989825
29157,0.014281026
29158,0.012586488
29159,0.1482288
29160,0.022788158
29161,0.022114249
29162,0.027906151
29163,0.0060049547
29164,0.07877013
29165,0.05339217
29166,0.28384143
29167,0.28102306
29168,0.28760865
29169,0.051789153
29170,0.03394813
29171,0.017628731
29172,0.04741657
29173,0.041079164
29174,0.15909582
29175,0.04189631
29176,0.37821296
29177,0.09048045
29178,0.020666363
29179,0.09379379
29180,0.045880426
29181,0.045104135
29182,0.018636232
29183,0.009486221
29184,0.05151744
29185,0.025421733
29186,0.011643096
29187,0.017700637
29188,0.018572124
29189,0.06657798
29190,0.04024247
29191,0.09568922
29192,0.050203275
29193,0.08231858
29194,0.2816421
29195,0.33024555
29196,0.052341826
29197,0.022490801
29198,0.066144645
29199,0.03620513
29200,0.022307407
29201,0.06767207
29202,0.046298664
29203,0.10210736
29204,0.037264436
29205,0.08688539
29206,0.03576808
29207,0.04929133
29208,0.031289846
29209,0.018712543
29210,0.10924057
29211,0.00935536
29212,0.02848407
29213,0.059117623
29214,0.029079482
29215,0.00936234
29216,0.021545352
29217,0.029885488
29218,0.049229633
29219,0.061023235
29220,0.096645735
29221,0.075804286
29222,0.2965898
29223,0.17006657
29224,0.15978345
29225,0.0117436135
29226,0.068820454
29227,0.046346515
29228,0.038511988
29229,0.069062896
29230,0.029090792
29231,0.020461794
29232,0.034829494
29233,0.04605974
29234,0.06723698
29235,0.02932149
29236,0.04696127
29237,0.02193482
29238,0.02883497
29239,0.062340066
29240,0.031407803
29241,0.0908452
29242,0.049330022
29243,0.105092034
29244,0.38564384
29245,0.07810138
29246,0.08841715
29247,0.049802806
29248,0.06084446
29249,0.058368932
29250,0.06716145
29251,0.04512111
29252,0.009237921
29253,0.019118467
29254,0.3166347
29255,0.056065638
29256,0.06599863
29257,0.049439795
29258,0.064169385
29259,0.01704496
29260,0.01914387
29261,0.020282531
29262,0.03331408
29263,0.23916501
29264,0.05480704
29265,0.038966805
29266,0.08233993
29267,0.5173593
29268,0.06835247
29269,0.014288605
29270,0.2632965
29271,0.049022652
29272,0.22063838
29273,0.23721708
29274,0.05516855
29275,0.019417237
29276,0.041664045
29277,0.043797135
29278,0.079470694
29279,0.122966774
29280,0.03639041
29281,0.2201901
29282,0.06932274
29283,0.05974268
29284,0.010367238
29285,0.01456441
29286,0.019801928
29287,0.04579177
29288,0.055306822
29289,0.015296303
29290,0.09204982
29291,0.11845716
29292,0.20037317
29293,0.06560211
29294,0.031023594
29295,0.089859426
29296,0.13931434
29297,0.29533133
29298,0.045356445
29299,0.04174213
29300,0.021273872
29301,0.0546242
29302,0.39172253
29303,0.03323335
29304,0.141048
29305,0.3353
29306,0.22574233
29307,0.009323994
29308,0.034050524
29309,0.04616169
29310,0.30285752
29311,0.3041059
29312,0.009288931
29313,0.060654286
29314,0.065988705
29315,0.120372966
29316,0.1199774
29317,0.103579625
29318,0.16168842
29319,0.31061098
29320,0.06544399
29321,0.018898463
29322,0.042752266
29323,0.08012168
29324,0.046402838
29325,0.18186194
29326,0.7152851
29327,0.03777415
29328,0.3256938
29329,0.013869115
29330,0.041108277
29331,0.2285841
29332,0.012157794
29333,0.04385067
29334,0.061624456
29335,0.015041087
29336,0.037288964
29337,0.005958384
29338,0.33928096
29339,0.06473391
29340,0.06111965
29341,0.30322802
29342,0.109630615
29343,0.22588162
29344,0.32658744
29345,0.3085022
29346,0.2222077
29347,0.118251905
29348,0.09725779
29349,0.7009203
29350,0.35274768
29351,0.33020175
29352,0.022464342
29353,0.18482594
29354,0.051984437
29355,0.0245018
29356,0.019534938
29357,0.011249712
29358,0.046608403
29359,0.006008216
29360,0.010321607
29361,0.029206421
29362,0.075267665
29363,0.07562346
29364,0.06701509
29365,0.07947348
29366,0.06953607
29367,0.16241576
29368,0.2816819
29369,0.02462376
29370,0.08632119
29371,0.21321286
29372,0.018341899
29373,0.04733543
29374,0.72666794
29375,0.6737162
29376,0.39304942
29377,0.005903572
29378,0.0223651
29379,0.016124055
29380,0.07055882
29381,0.3541509
29382,0.06623914
29383,0.016124055
29384,0.053019248
29385,0.045691505
29386,0.05401731
29387,0.040607754
29388,0.011266871
29389,0.29614273
29390,0.016504083
29391,0.029005814
29392,0.07917202
29393,0.08033389
29394,0.043475255
29395,0.04189631
29396,0.29798207
29397,0.096709415
29398,0.02241369
29399,0.16882175
29400,0.08221151
29401,0.082556725
29402,0.6954928
29403,0.6827555
29404,0.38938463
29405,0.0145034585
29406,0.07956715
29407,0.022107204
29408,0.008058509
29409,0.3259451
29410,0.07508882
29411,0.22016579
29412,0.037760828
29413,0.07447149
29414,0.018277962
29415,0.075602606
29416,0.08257708
29417,0.11815272
29418,0.14624119
29419,0.3737368
29420,0.34339538
29421,0.16704936
29422,0.10379308
29423,0.06370808
29424,0.049062174
29425,0.08507731
29426,0.036348626
29427,0.02956746
29428,0.021239437
29429,0.16066693
29430,0.113752745
29431,0.054800496
29432,0.08696943
29433,0.022487182
29434,0.6775875
29435,0.9883071
29436,0.69838667
29437,0.10684557
29438,0.040127683
29439,0.29744118
29440,0.33905867
29441,0.024217555
29442,0.008686216
29443,0.015301608
29444,0.029420862
29445,0.07490753
29446,0.04145468
29447,0.30932155
29448,0.6329869
29449,0.055168714
29450,0.082284056
29451,0.06707605
29452,0.12219505
29453,0.0588359
29454,0.28800356
29455,0.1311705
29456,0.030542592
29457,0.077536374
29458,0.08181652
29459,0.08222041
29460,0.041908324
29461,0.3665504
29462,0.3297657
29463,0.22019161
29464,0.061094556
29465,0.024713242
29466,0.0858473
29467,0.011090124
29468,0.061900903
29469,0.17023812
29470,0.026857026
29471,0.036556937
29472,0.015594857
29473,0.017728109
29474,0.03535447
29475,0.03813062
29476,0.30925664
29477,0.4269288
29478,0.22762346
29479,0.22594811
29480,0.08569628
29481,0.14388964
29482,0.11879871
29483,0.38560915
29484,0.047935113
29485,0.03077685
29486,0.028584331
29487,0.11534339
29488,0.1290091
29489,0.114934854
29490,0.36231753
29491,0.23264065
29492,0.11890585
29493,0.97735894
29494,0.10694778
29495,0.01780294
29496,0.097446114
29497,0.21959886
29498,0.020453025
29499,0.047092333
29500,0.37733337
29501,0.049047165
29502,0.02985766
29503,0.029626332
29504,0.039379466
29505,0.15867855
29506,0.3138858
29507,0.23787223
29508,0.35964057
29509,0.239075
29510,0.11774669
29511,0.11372198
29512,0.31664205
29513,0.022317015
29514,0.1222546
29515,0.06293979
29516,0.043400604
29517,0.33566967
29518,0.2271535
29519,0.04766788
29520,0.3832003
29521,0.3055984
29522,0.06708363
29523,0.15358187
29524,0.064529866
29525,0.04315048
29526,0.01053374
29527,0.007931584
29528,0.025436375
29529,0.047433294
29530,0.07207594
29531,0.0668897
29532,0.09894372
29533,0.32806817
29534,0.58969873
29535,0.34317166
29536,0.31165513
29537,0.3768015
29538,0.075079866
29539,0.06250616
29540,0.06306413
29541,0.107005574
29542,0.22566707
29543,0.05270054
29544,0.024922643
29545,0.05238975
29546,0.1091126
29547,0.018223917
29548,0.04000782
29549,0.08034451
29550,0.020200863
29551,0.0337555
29552,0.028646681
29553,0.058694072
29554,0.046797205
29555,0.064791135
29556,0.30989242
29557,0.22664203
29558,0.26944315
29559,0.4235854
29560,0.44087476
29561,0.244332
29562,0.08552809
29563,0.039275866
29564,0.04406257
29565,0.088816874
29566,0.014257073
29567,0.008321958
29568,0.028104858
29569,0.64140135
29570,0.042277675
29571,0.01676445
29572,0.0501133
29573,0.044334996
29574,0.14426816
29575,0.033943884
29576,0.041176118
29577,0.01566432
29578,0.040073235
29579,0.013879214
29580,0.024992984
29581,0.06762091
29582,0.07932342
29583,0.37638623
29584,0.32783103
29585,0.1658184
29586,0.6977191
29587,0.32646805
29588,0.3680791
29589,0.11576508
29590,0.03456529
29591,0.029225647
29592,0.030770881
29593,0.041453972
29594,0.03791365
29595,0.029412959
29596,0.054467063
29597,0.36080024
29598,0.07599998
29599,0.31318015
29600,0.02644244
29601,0.08311818
29602,0.098005965
29603,0.10823731
29604,0.13096389
29605,0.039999686
29606,0.026545761
29607,0.03589188
29608,0.11517368
29609,0.6280661
29610,0.3072088
29611,0.3816717
29612,0.3056958
29613,0.32737246
29614,0.21927588
29615,0.100121684
29616,0.037958015
29617,0.012284295
29618,0.021543672
29619,0.0124649815
29620,0.026981708
29621,0.10056689
29622,0.10309498
29623,0.06992365
29624,0.30637947
29625,0.024081238
29626,0.061762173
29627,0.01030076
29628,0.31279498
29629,0.035884745
29630,0.08734379
29631,0.18718657
29632,0.026661545
29633,0.0030539287
29634,0.18291372
29635,0.22299828
29636,0.05900374
29637,0.07920444
29638,0.076703236
29639,0.06451345
29640,0.0308742
29641,0.09881529
29642,0.08819295
29643,0.009029149
29644,0.16112806
29645,0.011789024
29646,0.080025025
29647,0.035547767
29648,0.029769247
29649,0.09640569
29650,0.030619642
29651,0.037974548
29652,0.034526646
29653,0.15648757
29654,0.24172528
29655,0.37446642
29656,0.092179954
29657,0.01052864
29658,0.02466398
29659,0.04514712
29660,0.054694954
29661,0.1134286
29662,0.0132454615
29663,0.026209993
29664,0.014115748
29665,0.027032083
29666,0.017908594
29667,0.011131467
29668,0.020535503
29669,0.06216127
29670,0.0727472
29671,0.330156
29672,0.0136153875
29673,0.028413478
29674,0.060612563
29675,0.076081164
29676,0.33332005
29677,0.093744114
29678,0.011913984
29679,0.15365258
29680,0.012158519
29681,0.031173151
29682,0.0151863005
29683,0.06129972
29684,0.16740143
29685,0.044685137
29686,0.010950237
29687,0.018480707
29688,0.009195794
29689,0.18325888
29690,0.014483122
29691,0.022234388
29692,0.1052667
29693,0.052368563
29694,0.034126844
29695,0.016378667
29696,0.023637006
29697,0.049291566
29698,0.32832655
29699,0.02614717
29700,0.011156538
29701,0.017933233
29702,0.024638062
29703,0.036230605
29704,0.048941012
29705,0.21953146
29706,0.05115543
29707,0.14673065
29708,0.07679885
29709,0.026198598
29710,0.014273714
29711,0.041565955
29712,0.043341123
29713,0.025224403
29714,0.32562357
29715,0.018846229
29716,0.14169641
29717,0.016160559
29718,0.06590496
29719,0.042078186
29720,0.010591523
29721,0.24870895
29722,0.4478375
29723,0.091051504
29724,0.077332646
29725,0.013178528
29726,0.070592605
29727,0.042628035
29728,0.038658418
29729,0.07363609
29730,0.066516496
29731,0.08184021
29732,0.9718792
29733,0.06301275
29734,0.01458853
29735,0.06677774
29736,0.064327285
29737,0.032874674
29738,0.122670986
29739,0.3700337
29740,0.06119119
29741,0.21755864
29742,0.022487182
29743,0.016452348
29744,0.06318241
29745,0.021543672
29746,0.06510145
29747,0.025279848
29748,0.021649119
29749,0.046061832
29750,0.048690457
29751,0.02020819
29752,0.045861267
29753,0.15208563
29754,0.030242437
29755,0.037902314
29756,0.029122623
29757,0.06774135
29758,0.088926435
29759,0.022165347
29760,0.046444677
29761,0.62904346
29762,0.055608757
29763,0.081689596
29764,0.043619335
29765,0.03195737
29766,0.038706046
29767,0.040890407
29768,0.012282116
29769,0.015014069
29770,0.34137896
29771,0.022497928
29772,0.005861446
29773,0.0036104245
29774,0.009178995
29775,0.007549014
29776,0.015376714
29777,0.041865584
29778,0.081642605
29779,0.01902772
29780,0.009115372
29781,0.09295231
29782,0.03499535
29783,0.021532468
29784,0.0409253
29785,0.31071737
29786,0.025118887
29787,0.018909473
29788,0.004456659
29789,0.037881963
29790,0.007883709
29791,0.028696634
29792,0.12459682
29793,0.049334634
29794,0.012322117
29795,0.0142868245
29796,0.05436964
29797,0.15512688
29798,0.07511475
29799,0.060174815
29800,0.052190676
29801,0.023001974
29802,0.045256447
29803,0.015794614
29804,0.054675072
29805,0.22562397
29806,0.2998794
29807,0.006259658
29808,0.028940802
29809,0.013570947
29810,0.011741367
29811,0.0149879195
29812,0.010522914
29813,0.018761545
29814,0.014406275
29815,0.014498329
29816,0.022066096
29817,0.04671516
29818,0.04341072
29819,0.09070453
29820,0.0055457335
29821,0.10636409
29822,0.00840434
29823,0.23815343
29824,0.009240377
29825,0.018354733
29826,0.022505302
29827,0.011650077
29828,0.017776472
29829,0.014051934
29830,0.026036948
29831,0.0116230715
29832,0.0037977286
29833,0.008019322
29834,0.006543409
29835,0.04859741
29836,0.0038345968
29837,0.024551943
29838,0.03870439
29839,0.0125433775
29840,0.04042245
29841,0.013864426
29842,0.012334762
29843,0.008034887
29844,0.08152992
29845,0.02293295
29846,0.040585898
29847,0.0037054233
29848,0.010450647
29849,0.028292583
29850,0.014402717
29851,0.066893905
29852,0.0131369205
29853,0.0029736373
29854,0.32568398
29855,0.049295932
29856,0.05204944
29857,0.055463385
29858,0.06702165
29859,0.021576224
29860,0.0094177695
29861,0.06474673
29862,0.08453151
29863,0.10670463
29864,0.01566432
29865,0.028056936
29866,0.027268747
29867,0.024661861
29868,0.022313664
29869,0.028539639
29870,0.006881671
29871,0.065368466
29872,0.04880379
29873,0.22722195
29874,0.017799487
29875,0.022017473
29876,0.0041786944
29877,0.0145844435
29878,0.04290068
29879,0.018373434
29880,0.022234388
29881,0.015073926
29882,0.029963076
29883,0.009154559
29884,0.010597074
29885,0.027502805
29886,0.23225175
29887,0.1906515
29888,0.017881926
29889,0.076063424
29890,0.019458506
29891,0.0075997543
29892,0.030856693
29893,0.04612846
29894,0.04744214
29895,0.055605303
29896,0.02906807
29897,0.033385582
29898,0.04563218
29899,0.044640444
29900,0.08711356
29901,0.035269115
29902,0.13458487
29903,0.046364263
29904,0.06816503
29905,0.22559302
29906,0.31218615
29907,0.04153664
29908,0.26452234
29909,0.06776391
29910,0.25043148
29911,0.08622621
29912,0.24956842
29913,0.0578405
29914,0.025216088
29915,0.08883902
29916,0.0136440955
29917,0.03390323
29918,0.014195425
29919,0.244645
29920,0.029306863
29921,0.51502585
29922,0.2369107
29923,0.046231598
29924,0.24696662
29925,0.011969468
29926,0.040504575
29927,0.031527337
29928,0.099696
29929,0.23999539
29930,0.40387577
29931,0.3915464
29932,0.04567086
29933,0.0646856
29934,0.10790905
29935,0.14488536
29936,0.008651372
29937,0.007693341
29938,0.04926123
29939,0.03963205
29940,0.061745763
29941,0.08174321
29942,0.02944573
29943,0.37743586
29944,0.16193062
29945,0.32135803
29946,0.4004888
29947,0.11164018
29948,0.38857913
29949,0.05282445
29950,0.2007745
29951,0.046445895
29952,0.04533102
29953,0.0315317
29954,0.062051177
29955,0.08367004
29956,0.093393475
29957,0.09182393
29958,0.029282782
29959,0.035205342
29960,0.06579213
29961,0.24874304
29962,0.04140042
29963,0.049940612
29964,0.054751985
29965,0.067746036
29966,0.03655226
29967,0.040621817
29968,0.025342366
29969,0.23652385
29970,0.050751124
29971,0.17202628
29972,0.04767253
29973,0.037766024
29974,0.0044623283
29975,0.38717106
29976,0.100889124
29977,0.012467697
29978,0.070304476
29979,0.16666067
29980,0.2879742
29981,0.06511083
29982,0.04624612
29983,0.013122827
29984,0.01511508
29985,0.03467352
29986,0.010537336
29987,0.09957004
29988,0.06686551
29989,0.062284596
29990,0.08481656
29991,0.24576145
29992,0.26569125
29993,0.016578522
29994,0.22731641
29995,0.04121672
29996,0.028646681
29997,0.22765711
29998,0.018265612
29999,0.04024247
30000,0.010527653
30001,0.08359672
30002,0.039769854
30003,0.024776185
30004,0.2460589
30005,0.39395624
30006,0.08237765
30007,0.01908661
30008,0.021229913
30009,0.037293132
30010,0.0510458
30011,0.009112433
30012,0.024504635
30013,0.096240975
30014,0.13251173
30015,0.08247405
30016,0.08837094
30017,0.055530194
30018,0.0040638703
30019,0.009444235
30020,0.031065116
30021,0.028567934
30022,0.026210072
30023,0.031057803
30024,0.080884896
30025,0.048137005
30026,0.109119125
30027,0.014214469
30028,0.031625412
30029,0.024958355
30030,0.017797194
30031,0.014304692
30032,0.021910118
30033,0.037597384
30034,0.020637264
30035,0.05887272
30036,0.35318595
30037,0.30409366
30038,0.039275866
30039,0.03673585
30040,0.08237266
30041,0.06155844
30042,0.014402717
30043,0.049856123
30044,0.014447884
30045,0.012099666
30046,0.026582152
30047,0.223924
30048,0.02259135
30049,0.022215068
30050,0.028776579
30051,0.07837598
30052,0.051939886
30053,0.1548204
30054,0.18520531
30055,0.2784709
30056,0.05213742
30057,0.037278328
30058,0.017457679
30059,0.047433294
30060,0.041841295
30061,0.16305101
30062,0.041529153
30063,0.3805175
30064,0.08908939
30065,0.020351492
30066,0.09344685
30067,0.045374587
30068,0.044190634
30069,0.018912239
30070,0.015560744
30071,0.051552065
30072,0.02461087
30073,0.017838756
30074,0.018246733
30075,0.06404838
30076,0.041128676
30077,0.06252328
30078,0.049699
30079,0.08308295
30080,0.29768768
30081,0.34186217
30082,0.05224767
30083,0.021900957
30084,0.06637367
30085,0.015349442
30086,0.03597345
30087,0.02239233
30088,0.067353226
30089,0.047202796
30090,0.099520825
30091,0.037371773
30092,0.084197395
30093,0.036920507
30094,0.049076457
30095,0.030588435
30096,0.017744306
30097,0.10681399
30098,0.009226431
30099,0.059083335
30100,0.02873464
30101,0.009537028
30102,0.022099445
30103,0.031738926
30104,0.048902992
30105,0.061021864
30106,0.16727915
30107,0.076009594
30108,0.30320448
30109,0.17007045
30110,0.15505888
30111,0.011902973
30112,0.06952225
30113,0.046602834
30114,0.038636323
30115,0.0692773
30116,0.020855494
30117,0.04309404
30118,0.03412478
30119,0.04564652
30120,0.066727646
30121,0.028438745
30122,0.046926383
30123,0.021738013
30124,0.062325425
30125,0.014018774
30126,0.032577477
30127,0.08747073
30128,0.049850408
30129,0.16508485
30130,0.3787596
30131,0.07842425
30132,0.08919489
30133,0.049926788
30134,0.061724734
30135,0.0610852
30136,0.067696854
30137,0.04627793
30138,0.009140358
30139,0.018960524
30140,0.23710711
30141,0.056554142
30142,0.066362
30143,0.049740244
30144,0.06545572
30145,0.018058896
30146,0.019106401
30147,0.020228699
30148,0.03365797
30149,0.24000485
30150,0.054693606
30151,0.039313156
30152,0.083224915
30153,0.51074535
30154,0.06847349
30155,0.014201587
30156,0.14057817
30157,0.048293695
30158,0.21832936
30159,0.23790318
30160,0.055251658
30161,0.0420837
30162,0.04511138
30163,0.082761906
30164,0.12416633
30165,0.036566097
30166,0.13929121
30167,0.07019645
30168,0.061492987
30169,0.014692752
30170,0.0103639765
30171,0.013917359
30172,0.019546196
30173,0.04491863
30174,0.05524568
30175,0.014339319
30176,0.09295756
30177,0.1192373
30178,0.21044235
30179,0.06742192
30180,0.02912559
30181,0.08441741
30182,0.14033237
30183,0.30072504
30184,0.046651714
30185,0.043314137
30186,0.022087464
30187,0.054729942
30188,0.39090428
30189,0.03361679
30190,0.14486672
30191,0.33685008
30192,0.22928682
30193,0.018089214
30194,0.009453293
30195,0.011601803
30196,0.034605343
30197,0.04567368
30198,0.30620813
30199,0.31634498
30200,0.009195794
30201,0.061245024
30202,0.065719835
30203,0.12063931
30204,0.114135444
30205,0.103381775
30206,0.16216257
30207,0.3090805
30208,0.06736535
30209,0.018948492
30210,0.043156628
30211,0.0807028
30212,0.04599676
30213,0.23591678
30214,0.70049226
30215,0.039099008
30216,0.32864407
30217,0.013698664
30218,0.0414847
30219,0.31813025
30220,0.0034657547
30221,0.043511696
30222,0.06241525
30223,0.015398049
30224,0.03758468
30225,0.005985955
30226,0.3351331
30227,0.06962679
30228,0.06129992
30229,0.30093822
30230,0.11200645
30231,0.23034973
30232,0.32236946
30233,0.3062093
30234,0.13235481
30235,0.08040819
30236,0.098538496
30237,0.6965598
30238,0.36437687
30239,0.3422708
30240,0.02193343
30241,0.117001556
30242,0.049369566
30243,0.006010822
30244,0.046903834
30245,0.005814529
30246,0.0068117213
30247,0.010343003
30248,0.028665552
30249,0.046241034
30250,0.07521519
30251,0.06973172
30252,0.08034868
30253,0.06937944
30254,0.16219847
30255,0.13932973
30256,0.025521038
30257,0.08637933
30258,0.30069795
30259,0.047073655
30260,0.6839841
30261,0.7144873
30262,0.4039485
30263,0.005903572
30264,0.022635687
30265,0.016484663
30266,0.071048826
30267,0.35382393
30268,0.06752976
30269,0.016142562
30270,0.053073853
30271,0.008274844
30272,0.046070542
30273,0.055761795
30274,0.040915206
30275,0.011049651
30276,0.31270194
30277,0.016199172
30278,0.027500378
30279,0.08139389
30280,0.080968924
30281,0.043960296
30282,0.041476656
30283,0.16091275
30284,0.101835385
30285,0.022255138
30286,0.1678067
30287,0.08436209
30288,0.08220918
30289,0.687285
30290,0.6748215
30291,0.39119688
30292,0.08432086
30293,0.022107204
30294,0.008019322
30295,0.32770833
30296,0.073757336
30297,0.16202752
30298,0.03617378
30299,0.075549826
30300,0.018519972
30301,0.075638995
30302,0.08292914
30303,0.11811565
30304,0.14667799
30305,0.37355158
30306,0.32134596
30307,0.16820514
30308,0.10529218
30309,0.062300935
30310,0.048633195
30311,0.08674146
30312,0.036502264
30313,0.028973056
30314,0.11229768
30315,0.116993554
30316,0.05278395
30317,0.08751858
30318,0.022980886
30319,0.6893826
30320,0.95104384
30321,0.7050222
30322,0.1080071
30323,0.042699788
30324,0.29768425
30325,0.011777503
30326,0.34194747
30327,0.023899093
30328,0.01621259
30329,0.015244235
30330,0.029667765
30331,0.075400636
30332,0.041224886
30333,0.31260166
30334,0.6233657
30335,0.057241816
30336,0.07995464
30337,0.06695085
30338,0.12265108
30339,0.060616888
30340,0.28151217
30341,0.13309315
30342,0.031313732
30343,0.07799538
30344,0.083423965
30345,0.08344404
30346,0.041869193
30347,0.021210913
30348,0.2682422
30349,0.33025143
30350,0.21308812
30351,0.05964921
30352,0.02483476
30353,0.08652346
30354,0.011130524
30355,0.062081926
30356,0.17430025
30357,0.025757989
30358,0.03568973
30359,0.037739374
30360,0.035246186
30361,0.039425638
30362,0.28423995
30363,0.43040237
30364,0.22947595
30365,0.15776266
30366,0.08771158
30367,0.14097306
30368,0.11866953
30369,0.3820386
30370,0.048721235
30371,0.024847833
30372,0.031120472
30373,0.029223785
30374,0.113575086
30375,0.1323702
30376,0.1943529
30377,0.36718658
30378,0.23642725
30379,0.22151442
30380,0.97582406
30381,0.10813006
30382,0.0179533
30383,0.10148816
30384,0.21447904
30385,0.019990753
30386,0.047194734
30387,0.38285616
30388,0.049877748
30389,0.030577943
30390,0.030584225
30391,0.040075336
30392,0.16133949
30393,0.31875983
30394,0.23857622
30395,0.36373675
30396,0.240441
30397,0.118257284
30398,0.113524236
30399,0.3081944
30400,0.022474958
30401,0.121980034
30402,0.06307813
30403,0.044813342
30404,0.3380926
30405,0.22541903
30406,0.047219682
30407,0.38433912
30408,0.23348553
30409,0.0053447047
30410,0.06641556
30411,0.088613465
30412,0.066582076
30413,0.04337055
30414,0.010561517
30415,0.007790136
30416,0.024903439
30417,0.047332454
30418,0.072120704
30419,0.06651211
30420,0.09887587
30421,0.35194713
30422,0.5871446
30423,0.34386572
30424,0.23308057
30425,0.3804352
30426,0.075730585
30427,0.06268475
30428,0.06273715
30429,0.10576665
30430,0.30500382
30431,0.05247234
30432,0.024730071
30433,0.052705813
30434,0.108644806
30435,0.018089214
30436,0.039546486
30437,0.08163982
30438,0.02027105
30439,0.03369356
30440,0.019200476
30441,0.019997263
30442,0.028959872
30443,0.05892384
30444,0.046002742
30445,0.065570354
30446,0.3166542
30447,0.22132976
30448,0.28148198
30449,0.4377999
30450,0.417393
30451,0.33913234
30452,0.15669362
30453,0.0406376
30454,0.01922819
30455,0.04406257
30456,0.08919905
30457,0.014257073
30458,0.03163127
30459,0.62870836
30460,0.041870687
30461,0.016217949
30462,0.07907669
30463,0.04432208
30464,0.13928135
30465,0.034017842
30466,0.041972876
30467,0.015961071
30468,0.03931799
30469,0.024958355
30470,0.06788698
30471,0.08178177
30472,0.3859004
30473,0.33112824
30474,0.16996123
30475,0.7078198
30476,0.3417434
30477,0.3664292
30478,0.11362321
30479,0.034372505
30480,0.029225962
30481,0.029549053
30482,0.040512335
30483,0.03645184
30484,0.03059696
30485,0.05486883
30486,0.35562208
30487,0.075584844
30488,0.3128508
30489,0.02663715
30490,0.08528908
30491,0.09468956
30492,0.107706524
30493,0.13103174
30494,0.03894806
30495,0.02668049
30496,0.036050037
30497,0.11669695
30498,0.6219233
30499,0.3066044
30500,0.38879222
30501,0.3081779
30502,0.33507693
30503,0.12231463
30504,0.1038017
30505,0.038087778
30506,0.021862093
30507,0.011497434
30508,0.012495505
30509,0.03185041
30510,0.025959838
30511,0.1005924
30512,0.10436441
30513,0.06670129
30514,0.23258159
30515,0.02383463
30516,0.061720047
30517,0.23074418
30518,0.035722487
30519,0.085559
30520,0.2957363
30521,0.026857026
30522,0.18587457
30523,0.22467528
30524,0.05852237
30525,0.07743712
30526,0.07671536
30527,0.063575104
30528,0.03117041
30529,0.098626114
30530,0.08508782
30531,0.03612608
30532,0.009058934
30533,0.16381021
30534,0.07934165
30535,0.03738777
30536,0.029254273
30537,0.09751048
30538,0.030590141
30539,0.03783833
30540,0.03444134
30541,0.15482222
30542,0.3450891
30543,0.3760868
30544,0.096469134
30545,0.010534493
30546,0.0180756
30547,0.046108913
30548,0.054470703
30549,0.11590501
30550,0.02511562
30551,0.014260015
30552,0.027233677
30553,0.017648298
30554,0.010996581
30555,0.023661323
30556,0.062172215
30557,0.07069026
30558,0.32572827
30559,0.013305681
30560,0.016308948
30561,0.028819988
30562,0.05999066
30563,0.07661479
30564,0.3484706
30565,0.09646841
30566,0.012001898
30567,0.15544014
30568,0.031958714
30569,0.014762039
30570,0.06152521
30571,0.10469815
30572,0.042969555
30573,0.016735192
30574,0.009237921
30575,0.23861556
30576,0.028683694
30577,0.014068653
30578,0.015797773
30579,0.022575168
30580,0.10533454
30581,0.051364537
30582,0.034698717
30583,0.016018428
30584,0.024136445
30585,0.04875644
30586,0.24863932
30587,0.02729932
30588,0.017736426
30589,0.024951179
30590,0.03627273
30591,0.04900832
30592,0.21424967
30593,0.051173516
30594,0.22191271
30595,0.07627805
30596,0.025810486
30597,0.014163577
30598,0.040258694
30599,0.04234189
30600,0.025382346
30601,0.32099658
30602,0.018275939
30603,0.23214637
30604,0.016433371
30605,0.06527308
30606,0.042673
30607,0.010476361
30608,0.24923842
30609,0.47128874
30610,0.18544592
30611,0.075510785
30612,0.069467776
30613,0.042583384
30614,0.036988623
30615,0.07235925
30616,0.06628924
30617,0.08201871
30618,0.9762735
30619,0.018239137
30620,0.06289327
30621,0.014239417
30622,0.065349944
30623,0.064327285
30624,0.016603772
30625,0.032036062
30626,0.1206052
30627,0.37508175
30628,0.060852926
30629,0.21755864
30630,0.022671586
30631,0.060746018
30632,0.021910898
30633,0.06302648
30634,0.023815742
30635,0.021888554
30636,0.045230817
30637,0.047438286
30638,0.022649696
30639,0.01780228
30640,0.047377557
30641,0.012573513
30642,0.1485686
30643,0.03693971
30644,0.029817948
30645,0.06762001
30646,0.08688221
30647,0.020824306
30648,0.022106925
30649,0.0460519
30650,0.62129575
30651,0.05375364
30652,0.081329934
30653,0.043524712
30654,0.032375205
30655,0.03866392
30656,0.041201316
30657,0.012418308
30658,0.015349442
30659,0.25609514
30660,0.022715142
30661,0.0060628294
30662,0.0032636141
30663,0.0074729836
30664,0.006010822
30665,0.015110143
30666,0.041823458
30667,0.08208184
30668,0.18492377
30669,0.03680983
30670,0.041513827
30671,0.3110486
30672,0.025114652
30673,0.018806707
30674,0.008097995
30675,0.019530829
30676,0.011611168
30677,0.038089033
30678,0.0077485284
30679,0.028252933
30680,0.22128624
30681,0.049969435
30682,0.012317879
30683,0.0142868245
30684,0.006029603
30685,0.054796673
30686,0.15908693
30687,0.07741389
30688,0.061842915
30689,0.05193245
30690,0.023327116
30691,0.045298573
30692,0.016035499
30693,0.055667643
30694,0.22748776
30695,0.107086495
30696,0.010476361
30697,0.013639911
30698,0.01156631
30699,0.018188788
30700,0.007936302
30701,0.014522075
30702,0.015382529
30703,0.008682738
30704,0.021969449
30705,0.046870057
30706,0.044121515
30707,0.08897507
30708,0.10687028
30709,0.008229975
30710,0.2327319
30711,0.009294793
30712,0.01888147
30713,0.009276267
30714,0.022623966
30715,0.011852817
30716,0.009234464
30717,0.01618186
30718,0.017711353
30719,0.0140050985
30720,0.02669354
30721,0.011784386
30722,0.008061448
30723,0.048061192
30724,0.037488587
30725,0.012293576
30726,0.04065945
30727,0.014022106
30728,0.007974002
30729,0.012443344
30730,0.008181689
30731,0.08443239
30732,0.022579273
30733,0.040585898
30734,0.0037900629
30735,0.028632576
30736,0.014569574
30737,0.06649592
30738,0.013345667
30739,0.0026135908
30740,0.32479396
30741,0.049433276
30742,0.052929915
30743,0.05569722
30744,0.06641611
30745,0.022079779
30746,0.009020339
30747,0.065209135
30748,0.014138177
30749,0.08185325
30750,0.106371984
30751,0.015763575
30752,0.029278453
30753,0.028996231
30754,0.02452797
30755,0.023380214
30756,0.0064597526
30757,0.029342473
30758,0.0093691675
30759,0.06502988
30760,0.04866715
30761,0.028773833
30762,0.0060017407
30763,0.15361038
30764,0.017522506
30765,0.02193482
30766,0.027018689
30767,0.0038345968
30768,0.014343557
30769,0.042538904
30770,0.018712543
30771,0.022575168
30772,0.029573305
30773,0.00929268
30774,0.027322285
30775,0.3466442
30776,0.18241823
30777,0.00814723
30778,0.01735292
30779,0.0771722
30780,0.012493309
30781,0.019558309
30782,0.031223739
30783,0.046771914
30784,0.026963314
30785,0.047695998
30786,0.051312584
30787,0.013868478
30788,0.028290063
30789,0.04299565
30790,0.034361955
30791,0.041366667
30792,0.09502151
30793,0.034916177
30794,0.33665434
30795,0.046364263
30796,0.06740983
30797,0.31775326
30798,0.3095403
30799,0.024786996
30800,0.25850242
30801,0.06618297
30802,0.35426974
30803,0.08139304
30804,0.13065556
30805,0.0578405
30806,0.018962061
30807,0.16047989
30808,0.0059003104
30809,0.033499412
30810,0.014360096
30811,0.33196965
30812,0.0288588
30813,0.5317368
30814,0.24041808
30815,0.04696652
30816,0.2454116
30817,0.01224724
30818,0.024632417
30819,0.02211887
30820,0.040504575
30821,0.014031564
30822,0.03958557
30823,0.10238927
30824,0.3664491
30825,0.39378476
30826,0.387463
30827,0.045471027
30828,0.062867396
30829,0.105890006
30830,0.3102696
30831,0.051060524
30832,0.041193154
30833,0.062290415
30834,0.113952436
30835,0.03046886
30836,0.3794056
30837,0.16383342
30838,0.23597604
30839,0.3934286
30840,0.103792675
30841,0.021771522
30842,0.38674933
30843,0.05291045
30844,0.18956427
30845,0.045397468
30846,0.048260763
30847,0.030962784
30848,0.06408356
30849,0.0870575
30850,0.09680619
30851,0.14390227
30852,0.029235419
30853,0.034903675
30854,0.06642845
30855,0.2581098
30856,0.042700533
30857,0.048528224
30858,0.05444697
30859,0.067899
30860,0.04430899
30861,0.024991864
30862,0.05210848
30863,0.15049033
30864,0.05198041
30865,0.32813817
30866,0.049005814
30867,0.036214713
30868,0.022497851
30869,0.014076883
30870,0.013673606
30871,0.38514253
30872,0.097575486
30873,0.07029561
30874,0.37696844
30875,0.28843227
30876,0.009393719
30877,0.06604694
30878,0.045571808
30879,0.018239137
30880,0.010561517
30881,0.06474115
30882,0.063877545
30883,0.08654199
30884,0.24804373
30885,0.36984336
30886,0.04955172
30887,0.04070201
30888,0.028193664
30889,0.2988781
30890,0.018515468
30891,0.040785268
30892,0.010325111
30893,0.059128594
30894,0.040186998
30895,0.024614006
30896,0.24379365
30897,0.39631048
30898,0.07847114
30899,0.019003669
30900,0.020920614
30901,0.037310462
30902,0.051634055
30903,0.025068762
30904,0.011727821
30905,0.09977522
30906,0.13334835
30907,0.08370946
30908,0.08832025
30909,0.05476703
30910,0.009320732
30911,0.031583868
30912,0.028494412
30913,0.027144114
30914,0.03155438
30915,0.08121355
30916,0.048585325
30917,0.10501474
30918,0.014178515
30919,0.0314326
30920,0.025012385
30921,0.017597875
30922,0.014304692
30923,0.021910118
30924,0.03667632
30925,0.059262447
30926,0.33674073
30927,0.23371857
30928,0.04074024
30929,0.036253035
30930,0.08357662
30931,0.062177517
30932,0.014569574
30933,0.04874399
30934,0.027212765
30935,0.2248623
30936,0.023110818
30937,0.02219623
30938,0.028737178
30939,0.05040472
30940,0.05304769
30941,0.28974444
30942,0.29744363
30943,0.28556556
30944,0.052301403
30945,0.033909265
30946,0.017610136
30947,0.047246408
30948,0.041044537
30949,0.16102932
30950,0.04125287
30951,0.37325546
30952,0.08828999
30953,0.020666363
30954,0.094639674
30955,0.045318287
30956,0.045104135
30957,0.01817292
30958,0.009230422
30959,0.05159419
30960,0.008165354
30961,0.020016378
30962,0.01755901
30963,0.018753087
30964,0.06582606
30965,0.04091943
30966,0.06260188
30967,0.049330022
30968,0.07939689
30969,0.29224998
30970,0.3436427
30971,0.052133255
30972,0.021267666
30973,0.06637077
30974,0.015064341
30975,0.035260264
30976,0.0067634545
30977,0.06798401
30978,0.047046643
30979,0.0992755
30980,0.03802842
30981,0.08651061
30982,0.035855804
30983,0.049667392
30984,0.030800078
30985,0.017611636
30986,0.018719295
30987,0.10581705
30988,0.059494577
30989,0.029083101
30990,0.021653267
30991,0.030545665
30992,0.049565304
30993,0.061998043
30994,0.099247865
30995,0.07597871
30996,0.21703999
30997,0.16830401
30998,0.15427476
30999,0.011481012
31000,0.069414444
31001,0.011192449
31002,0.046224836
31003,0.009234659
31004,0.03867065
31005,0.0692773
31006,0.029519515
31007,0.04309404
31008,0.035534095
31009,0.013067829
31010,0.04564652
31011,0.06674285
31012,0.029343208
31013,0.04682054
31014,0.02215278
31015,0.02858099
31016,0.06268562
31017,0.013796352
31018,0.03097087
31019,0.09158421
31020,0.049610514
31021,0.16204967
31022,0.38567036
31023,0.07977016
31024,0.090336055
31025,0.049309228
31026,0.06250215
31027,0.058198966
31028,0.06721593
31029,0.045562938
31030,0.2361043
31031,0.05750478
31032,0.06613151
31033,0.049740244
31034,0.06555738
31035,0.017398743
31036,0.024850141
31037,0.019170156
31038,0.02019407
31039,0.0331203
31040,0.23811433
31041,0.05430468
31042,0.039095294
31043,0.08144988
31044,0.51110864
31045,0.06885513
31046,0.014089282
31047,0.14363278
31048,0.048928495
31049,0.2242583
31050,0.24118303
31051,0.05457213
31052,0.018898325
31053,0.042160265
31054,0.0431224
31055,0.082475595
31056,0.22176309
31057,0.03672862
31058,0.21760206
31059,0.071494035
31060,0.0068913614
31061,0.061150104
31062,0.01046191
31063,0.013917359
31064,0.019731741
31065,0.046238955
31066,0.055306822
31067,0.014520984
31068,0.09422519
31069,0.12442069
31070,0.20410912
31071,0.065456875
31072,0.02921446
31073,0.08718404
31074,0.13818592
31075,0.30210137
31076,0.047204282
31077,0.04330812
31078,0.021325449
31079,0.054687817
31080,0.39653477
31081,0.033974607
31082,0.14235254
31083,0.33900517
31084,0.22514006
31085,0.017892407
31086,0.011628428
31087,0.033909243
31088,0.04528243
31089,0.16768034
31090,0.31252322
31091,0.008921866
31092,0.061322875
31093,0.065571375
31094,0.21871932
31095,0.115366794
31096,0.103962205
31097,0.16148038
31098,0.31248605
31099,0.066352785
31100,0.01902218
31101,0.042777658
31102,0.07944341
31103,0.046475746
31104,0.18523759
31105,0.7087316
31106,0.03940483
31107,0.3332346
31108,0.013958004
31109,0.041599732
31110,0.22676238
31111,0.012463582
31112,0.043242116
31113,0.06315913
31114,0.015524672
31115,0.03705465
31116,0.3317857
31117,0.072197944
31118,0.061949175
31119,0.22399308
31120,0.10950081
31121,0.22673321
31122,0.32544014
31123,0.3094677
31124,0.22711948
31125,0.07909482
31126,0.100387484
31127,0.7093917
31128,0.36033094
31129,0.337863
31130,0.02199663
31131,0.11506255
31132,0.051714867
31133,0.02454008
31134,0.019689491
31135,0.010408626
31136,0.047204282
31137,0.00696735
31138,0.006836947
31139,0.010316312
31140,0.028831515
31141,0.046982057
31142,0.07535754
31143,0.06941511
31144,0.07895354
31145,0.06939213
31146,0.16501303
31147,0.13932973
31148,0.024749164
31149,0.087941535
31150,0.3018143
31151,0.018092595
31152,0.04618646
31153,0.70252424
31154,0.7014945
31155,0.39868012
31156,0.005845895
31157,0.022218976
31158,0.07060644
31159,0.3592823
31160,0.06765583
31161,0.052999012
31162,0.023937933
31163,0.008280663
31164,0.045656666
31165,0.054085836
31166,0.040511742
31167,0.011201416
31168,0.31529355
31169,0.016476152
31170,0.026250314
31171,0.079399414
31172,0.0802167
31173,0.04324121
31174,0.040526524
31175,0.29230073
31176,0.10147774
31177,0.022525461
31178,0.17235382
31179,0.08425448
31180,0.08113908
31181,0.7059099
31182,0.669106
31183,0.39024037
31184,0.014404875
31185,0.07979275
31186,0.022742799
31187,0.008055247
31188,0.3275378
31189,0.07639188
31190,0.16442066
31191,0.035981786
31192,0.07538468
31193,0.018564738
31194,0.07632448
31195,0.08384369
31196,0.12508494
31197,0.14448367
31198,0.37221944
31199,0.32535854
31200,0.17265539
31201,0.103668526
31202,0.06749727
31203,0.048885908
31204,0.08688507
31205,0.036184326
31206,0.029084828
31207,0.02172213
31208,0.11138563
31209,0.12299604
31210,0.055182558
31211,0.085253686
31212,0.022718033
31213,0.6981045
31214,0.992931
31215,0.70467454
31216,0.103721194
31217,0.04281551
31218,0.11232446
31219,0.34106302
31220,0.02420827
31221,0.008648111
31222,0.015979564
31223,0.015465805
31224,0.029811773
31225,0.07704901
31226,0.041297793
31227,0.31537923
31228,0.6228494
31229,0.05698426
31230,0.079997174
31231,0.06781368
31232,0.12246699
31233,0.0605455
31234,0.29411596
31235,0.13149805
31236,0.03168146
31237,0.078802116
31238,0.083597235
31239,0.08428483
31240,0.042022206
31241,0.021134114
31242,0.36395037
31243,0.34678516
31244,0.22095753
31245,0.06129686
31246,0.024938753
31247,0.08348992
31248,0.011210847
31249,0.06194757
31250,0.17204672
31251,0.02667233
31252,0.036061984
31253,0.03829873
31254,0.0152627425
31255,0.017969683
31256,0.035612617
31257,0.037503667
31258,0.302707
31259,0.43593347
31260,0.23220722
31261,0.15842733
31262,0.08775736
31263,0.13913925
31264,0.119617626
31265,0.37624586
31266,0.04693269
31267,0.030702144
31268,0.02893091
31269,0.11306798
31270,0.13556097
31271,0.11497069
31272,0.36347154
31273,0.23644486
31274,0.12384118
31275,0.9484318
31276,0.107312724
31277,0.017522506
31278,0.0999126
31279,0.22338325
31280,0.020030307
31281,0.04731792
31282,0.38400233
31283,0.04928123
31284,0.031155666
31285,0.029605584
31286,0.03980752
31287,0.10342089
31288,0.30485132
31289,0.23971717
31290,0.36351654
31291,0.2404769
31292,0.121106885
31293,0.113858074
31294,0.2318839
31295,0.022553265
31296,0.1223044
31297,0.06345211
31298,0.043731924
31299,0.34853634
31300,0.30598614
31301,0.04631248
31302,0.38689038
31303,0.31041306
31304,0.067916565
31305,0.08836369
31306,0.06665499
31307,0.043307517
31308,0.010569779
31309,0.010481365
31310,0.007919435
31311,0.025455253
31312,0.047246408
31313,0.07205744
31314,0.0672833
31315,0.09693063
31316,0.32958156
31317,0.59657425
31318,0.32654372
31319,0.23143858
31320,0.38189098
31321,0.07539171
31322,0.06358587
31323,0.06215201
31324,0.10436078
31325,0.30465835
31326,0.052933637
31327,0.024533356
31328,0.051231075
31329,0.10975954
31330,0.017947588
31331,0.041677628
31332,0.08245342
31333,0.019699777
31334,0.014447884
31335,0.034090046
31336,0.019145299
31337,0.020031892
31338,0.028180325
31339,0.057218686
31340,0.04728671
31341,0.063009866
31342,0.30593693
31343,0.22232562
31344,0.2659584
31345,0.4380602
31346,0.4118108
31347,0.23893535
31348,0.15283272
31349,0.03988885
31350,0.01921632
31351,0.043382965
31352,0.08622209
31353,0.014428468
31354,0.6196998
31355,0.041509267
31356,0.016583765
31357,0.04920341
31358,0.043151733
31359,0.14095323
31360,0.041791823
31361,0.0412977
31362,0.025359346
31363,0.0677392
31364,0.08079937
31365,0.38263097
31366,0.3235643
31367,0.16746224
31368,0.69207364
31369,0.33044302
31370,0.36627576
31371,0.11510455
31372,0.029522805
31373,0.029762404
31374,0.040661994
31375,0.03862897
31376,0.01530653
31377,0.05464533
31378,0.35221562
31379,0.07712855
31380,0.3073173
31381,0.026747026
31382,0.084314756
31383,0.09839635
31384,0.10944121
31385,0.21627204
31386,0.03889174
31387,0.026579805
31388,0.00783815
31389,0.036396325
31390,0.116171904
31391,0.6113225
31392,0.31701037
31393,0.38273492
31394,0.3081779
31395,0.33329844
31396,0.12312257
31397,0.102439135
31398,0.03820281
31399,0.021498516
31400,0.011665198
31401,0.012132937
31402,0.031480953
31403,0.02737306
31404,0.10181996
31405,0.10184587
31406,0.067944765
31407,0.31231958
31408,0.023801055
31409,0.061154567
31410,0.30839527
31411,0.036584385
31412,0.08417844
31413,0.1927904
31414,0.026598776
31415,0.0028952674
31416,0.18471889
31417,0.2237754
31418,0.05768397
31419,0.08026626
31420,0.0771738
31421,0.064423345
31422,0.031496294
31423,0.097064964
31424,0.08810048
31425,0.009009698
31426,0.1614004
31427,0.011343575
31428,0.07863458
31429,0.03542875
31430,0.0296144
31431,0.09741212
31432,0.030710412
31433,0.03866573
31434,0.03567889
31435,0.15630434
31436,0.3450891
31437,0.39151287
31438,0.09532978
31439,0.010651029
31440,0.018179024
31441,0.045951523
31442,0.054767862
31443,0.11563123
31444,0.013659931
31445,0.025304565
31446,0.014293175
31447,0.027051648
31448,0.017786471
31449,0.010865435
31450,0.023002818
31451,0.061570354
31452,0.07220189
31453,0.32865107
31454,0.013659622
31455,0.015856104
31456,0.028753797
31457,0.06040865
31458,0.07614901
31459,0.34180564
31460,0.096137136
31461,0.011943346
31462,0.11294189
31463,0.03201049
31464,0.014734359
31465,0.06115229
31466,0.10286822
31467,0.043042462
31468,0.018200273
31469,0.009230422
31470,0.18150689
31471,0.028918844
31472,0.014295918
31473,0.015474926
31474,0.022847915
31475,0.10455301
31476,0.055451542
31477,0.034301326
31478,0.016231552
31479,0.024149343
31480,0.04924944
31481,0.2474928
31482,0.026879834
31483,0.018670717
31484,0.024806127
31485,0.037166946
31486,0.049555887
31487,0.21624026
31488,0.05222062
31489,0.14740041
31490,0.078249045
31491,0.02667233
31492,0.014221816
31493,0.04123368
31494,0.041670833
31495,0.025182307
31496,0.2374079
31497,0.016704336
31498,0.23267241
31499,0.016199423
31500,0.06527308
31501,0.042413063
31502,0.24834691
31503,0.4529467
31504,0.18738072
31505,0.075634636
31506,0.070462205
31507,0.042587318
31508,0.03847447
31509,0.074535936
31510,0.06614728
31511,0.08190335
31512,0.98580486
31513,0.018234901
31514,0.061833903
31515,0.014644464
31516,0.065422855
31517,0.06475905
31518,0.016600356
31519,0.03125189
31520,0.12107836
31521,0.37988982
31522,0.06083282
31523,0.21189065
31524,0.016649155
31525,0.060080085
31526,0.021939237
31527,0.06438498
31528,0.02439744
31529,0.021722026
31530,0.04518869
31531,0.049011204
31532,0.02274781
31533,0.047276672
31534,0.012573513
31535,0.14805004
31536,0.029764729
31537,0.036303513
31538,0.014127808
31539,0.029378029
31540,0.066802844
31541,0.088978365
31542,0.021939237
31543,0.046937224
31544,0.630981
31545,0.055140432
31546,0.08267199
31547,0.04248353
31548,0.031674232
31549,0.038771454
31550,0.041797012
31551,0.01508751
31552,0.33717275
31553,0.02278805
31554,0.005847814
31555,0.0034279965
31556,0.007673689
31557,0.006139707
31558,0.04186207
31559,0.08238086
31560,0.018652715
31561,0.09189549
31562,0.03678527
31563,0.02183023
31564,0.041970454
31565,0.30871806
31566,0.025274448
31567,0.018712666
31568,0.019451307
31569,0.038238693
31570,0.22464806
31571,0.049631193
31572,0.012158519
31573,0.014653006
31574,0.054984648
31575,0.10997046
31576,0.109270856
31577,0.063184805
31578,0.05275047
31579,0.045303173
31580,0.015909567
31581,0.055884846
31582,0.22856888
31583,0.15928605
31584,0.006041227
31585,0.028793082
31586,0.0132734375
31587,0.011827571
31588,0.01517512
31589,0.010735619
31590,0.01468261
31591,0.02145357
31592,0.04677694
31593,0.044035494
31594,0.08904544
31595,0.008309748
31596,0.012026073
31597,0.10523214
31598,0.008374361
31599,0.23762536
31600,0.022696873
31601,0.011650077
31602,0.009279529
31603,0.016168172
31604,0.017496038
31605,0.016485231
31606,0.027095716
31607,0.008058187
31608,0.047928456
31609,0.024272578
31610,0.038014848
31611,0.012418308
31612,0.04129488
31613,0.013825561
31614,0.012438516
31615,0.08052033
31616,0.022674521
31617,0.040799722
31618,0.0037115654
31619,0.02832584
31620,0.06672532
31621,0.0118387975
31622,0.01146933
31623,0.32487354
31624,0.049326714
31625,0.052550692
31626,0.054633263
31627,0.066076994
31628,0.022309557
31629,0.009291328
31630,0.0653367
31631,0.014263396
31632,0.081207134
31633,0.008100168
31634,0.10622765
31635,0.022648076
31636,0.028949182
31637,0.02883715
31638,0.024604984
31639,0.023611784
31640,0.010385903
31641,0.029149858
31642,0.0094177155
31643,0.0105109885
31644,0.007057296
31645,0.0074559385
31646,0.064715825
31647,0.049948767
31648,0.028567651
31649,0.15581742
31650,0.022007728
31651,0.010496483
31652,0.0145015
31653,0.042580817
31654,0.012628097
31655,0.021961007
31656,0.029542131
31657,0.14221902
31658,0.19087584
31659,0.008313165
31660,0.076844096
31661,0.019564338
31662,0.045838032
31663,0.019964742
31664,0.030116864
31665,0.05224356
31666,0.052432727
31667,0.05491259
31668,0.013840422
31669,0.028511593
31670,0.03525442
31671,0.034684766
31672,0.047351032
31673,0.08627211
31674,0.035508167
31675,0.33033636
31676,0.04929687
31677,0.10769121
31678,0.31028417
31679,0.30783468
31680,0.019915989
31681,0.048161205
31682,0.26263127
31683,0.06399773
31684,0.34935904
31685,0.08523533
31686,0.2601875
31687,0.06163597
31688,0.025194867
31689,0.16346483
31690,0.014074094
31691,0.23263486
31692,0.5377577
31693,0.25049052
31694,0.052610826
31695,0.051292446
31696,0.13407296
31697,0.061057206
31698,0.02486485
31699,0.042293392
31700,0.039131545
31701,0.10271497
31702,0.2377713
31703,0.39090073
31704,0.3920706
31705,0.052372184
31706,0.058783703
31707,0.10612595
31708,0.22599827
31709,0.049915154
31710,0.04099647
31711,0.06114638
31712,0.08015518
31713,0.38788205
31714,0.11498126
31715,0.23473534
31716,0.39240515
31717,0.10727494
31718,0.021844957
31719,0.39166296
31720,0.016345862
31721,0.050798442
31722,0.2869097
31723,0.046784833
31724,0.045964774
31725,0.030870128
31726,0.0629022
31727,0.025044354
31728,0.14432545
31729,0.095351726
31730,0.07614213
31731,0.028993718
31732,0.03431311
31733,0.06690064
31734,0.24323775
31735,0.04225147
31736,0.005847115
31737,0.028325811
31738,0.04936329
31739,0.05237913
31740,0.06706636
31741,0.028472735
31742,0.035724554
31743,0.04597975
31744,0.02546822
31745,0.22528651
31746,0.05531799
31747,0.32541814
31748,0.019488271
31749,0.052778527
31750,0.035843845
31751,0.010629858
31752,0.013572155
31753,0.38598797
31754,0.10091732
31755,0.06841106
31756,0.38468876
31757,0.38803452
31758,0.009304967
31759,0.06433255
31760,0.04624078
31761,0.018285442
31762,0.021944689
31763,0.034157187
31764,0.069365166
31765,0.06220463
31766,0.08289319
31767,0.32314393
31768,0.36300272
31769,0.0503233
31770,0.040725075
31771,0.008268762
31772,0.028223317
31773,0.02176014
31774,0.030295163
31775,0.30123588
31776,0.01823332
31777,0.04107083
31778,0.010338353
31779,0.060592715
31780,0.044464193
31781,0.24321853
31782,0.3940315
31783,0.07997518
31784,0.020406807
31785,0.03694426
31786,0.051115826
31787,0.025013285
31788,0.011545334
31789,0.09717428
31790,0.22018842
31791,0.082276076
31792,0.08778501
31793,0.054772206
31794,0.009295938
31795,0.029847803
31796,0.02829481
31797,0.027198983
31798,0.031235812
31799,0.07997827
31800,0.048176166
31801,0.11040746
31802,0.013794608
31803,0.031115131
31804,0.024978155
31805,0.01772776
31806,0.014406288
31807,0.02152126
31808,0.036750518
31809,0.0067577222
31810,0.02191118
31811,0.05893515
31812,0.33825615
31813,0.30368152
31814,0.04001989
31815,0.03488745
31816,0.03618285
31817,0.082242526
31818,0.061335817
31819,0.014383576
31820,0.04921173
31821,0.014421376
31822,0.026152134
31823,0.22802667
31824,0.022804609
31825,0.02199432
31826,0.028300451
31827,0.048876543
31828,0.052357934
31829,0.29991964
31830,0.18389215
31831,0.17193602
31832,0.051824756
31833,0.0338618
31834,0.018006248
31835,0.046846554
31836,0.041581996
31837,0.30633825
31838,0.04143293
31839,0.37733406
31840,0.08907331
31841,0.011872174
31842,0.095082514
31843,0.046129752
31844,0.044235572
31845,0.018816918
31846,0.012018934
31847,0.050027225
31848,0.01772776
31849,0.018809121
31850,0.06488852
31851,0.04053767
31852,0.062488075
31853,0.049597606
31854,0.07918263
31855,0.15803723
31856,0.32777822
31857,0.05168945
31858,0.021848874
31859,0.06554782
31860,0.01536317
31861,0.035470676
31862,0.06745897
31863,0.046384674
31864,0.09896481
31865,0.036761645
31866,0.08612991
31867,0.034954313
31868,0.048559543
31869,0.030498886
31870,0.01845305
31871,0.11355127
31872,0.009515837
31873,0.02842815
31874,0.059421856
31875,0.028647633
31876,0.009224544
31877,0.009438318
31878,0.022299226
31879,0.031021133
31880,0.048588026
31881,0.0612641
31882,0.09686924
31883,0.075739734
31884,0.30129507
31885,0.27717385
31886,0.15880345
31887,0.011675697
31888,0.06922911
31889,0.010850586
31890,0.045906164
31891,0.037694905
31892,0.06931028
31893,0.0210129
31894,0.04380479
31895,0.035394605
31896,0.012366398
31897,0.04623543
31898,0.067351304
31899,0.029381659
31900,0.04700843
31901,0.00768249
31902,0.021854417
31903,0.028644836
31904,0.014087961
31905,0.062325
31906,0.013614903
31907,0.030748433
31908,0.08719302
31909,0.04905296
31910,0.105169445
31911,0.39151946
31912,0.07912134
31913,0.09044738
31914,0.049691375
31915,0.0642022
31916,0.0580726
31917,0.06671104
31918,0.04558171
31919,0.018971222
31920,0.23528078
31921,0.05600185
31922,0.06591892
31923,0.049446117
31924,0.06407864
31925,0.024262268
31926,0.019097302
31927,0.020023748
31928,0.033953622
31929,0.24029833
31930,0.053812165
31931,0.03846827
31932,0.08263485
31933,0.51052403
31934,0.067644134
31935,0.01410976
31936,0.14049505
31937,0.047964137
31938,0.15952235
31939,0.23601383
31940,0.054430775
31941,0.019318322
31942,0.041121893
31943,0.045106042
31944,0.082147375
31945,0.12324971
31946,0.03539088
31947,0.14110325
31948,0.07026134
31949,0.0068305
31950,0.062027045
31951,0.014378219
31952,0.014473444
31953,0.019474372
31954,0.044868786
31955,0.054227807
31956,0.014464527
31957,0.09250461
31958,0.11748169
31959,0.20638795
31960,0.06263416
31961,0.028414572
31962,0.08445159
31963,0.21575116
31964,0.22479646
31965,0.047772657
31966,0.043945976
31967,0.021845233
31968,0.053870384
31969,0.38520363
31970,0.033501536
31971,0.14094117
31972,0.33060372
31973,0.22486216
31974,0.012268498
31975,0.009408984
31976,0.011914758
31977,0.03453968
31978,0.045009844
31979,0.29906008
31980,0.30431566
31981,0.0602652
31982,0.0661297
31983,0.21932837
31984,0.18707
31985,0.10659114
31986,0.16087712
31987,0.30779338
31988,0.06576491
31989,0.043025732
31990,0.078868
31991,0.046084613
31992,0.20165709
31993,0.6934922
31994,0.0052841557
31995,0.0387989
31996,0.32382402
31997,0.014057941
31998,0.041476365
31999,0.22680669
32000,0.014417084
32001,0.012316363
32002,0.043482278
32003,0.06252586
32004,0.015463457
32005,0.03651399
32006,0.0057443464
32007,0.3368629
32008,0.03493972
32009,0.061439253
32010,0.2986075
32011,0.11009215
32012,0.17270465
32013,0.31590828
32014,0.31243598
32015,0.12961352
32016,0.08233717
32017,0.09784636
32018,0.71354383
32019,0.35325238
32020,0.33316576
32021,0.005881575
32022,0.022187544
32023,0.18325776
32024,0.016128058
32025,0.050614305
32026,0.024448108
32027,0.010976458
32028,0.04713614
32029,0.010364164
32030,0.029194623
32031,0.047363248
32032,0.077094354
32033,0.070694536
32034,0.07986437
32035,0.069179974
32036,0.1626652
32037,0.14515823
32038,0.088240534
32039,0.22324148
32040,0.018403651
32041,0.046434186
32042,0.69097537
32043,0.70195097
32044,0.3954148
32045,0.005889837
32046,0.016130626
32047,0.07064404
32048,0.37157845
32049,0.068010785
32050,0.052107427
32051,0.024436124
32052,0.046258055
32053,0.0547101
32054,0.041555766
32055,0.011135993
32056,0.30450848
32057,0.01657351
32058,0.026391424
32059,0.080165826
32060,0.08328827
32061,0.043239504
32062,0.040844962
32063,0.30440202
32064,0.10063828
32065,0.0227096
32066,0.16684768
32067,0.08443634
32068,0.08090271
32069,0.7052788
32070,0.71388197
32071,0.38438642
32072,0.049618375
32073,0.022223609
32074,0.007959926
32075,0.32010883
32076,0.0764292
32077,0.22029784
32078,0.035841625
32079,0.07577076
32080,0.018617332
32081,0.07639423
32082,0.0839912
32083,0.11754954
32084,0.14534447
32085,0.37920877
32086,0.33490613
32087,0.16769478
32088,0.10418804
32089,0.067519344
32090,0.04892507
32091,0.08593203
32092,0.035655547
32093,0.028463416
32094,0.15593593
32095,0.11441294
32096,0.05409915
32097,0.08437356
32098,0.02249123
32099,0.70675606
32100,1.0010366
32101,0.71366876
32102,0.12402535
32103,0.042549275
32104,0.16277267
32105,0.33693582
32106,0.024139091
32107,0.016073482
32108,0.015412988
32109,0.02925627
32110,0.075541705
32111,0.040568855
32112,0.3058749
32113,0.64756393
32114,0.056508575
32115,0.0772369
32116,0.067794375
32117,0.12206141
32118,0.059623294
32119,0.16528043
32120,0.12784043
32121,0.029751915
32122,0.07563137
32123,0.08196137
32124,0.082690686
32125,0.041445307
32126,0.02106942
32127,0.3738583
32128,0.34376052
32129,0.21051106
32130,0.06194405
32131,0.02518088
32132,0.083404645
32133,0.011112137
32134,0.061872944
32135,0.23054992
32136,0.025880346
32137,0.035506852
32138,0.03755167
32139,0.01557867
32140,0.017874392
32141,0.034876414
32142,0.037015863
32143,0.30095825
32144,0.42016
32145,0.23118205
32146,0.15320453
32147,0.08844315
32148,0.13914342
32149,0.11873111
32150,0.37118128
32151,0.048795085
32152,0.024872098
32153,0.031810265
32154,0.028915087
32155,0.113872305
32156,0.13173798
32157,0.11507857
32158,0.3675986
32159,0.30912408
32160,0.12005521
32161,0.9721986
32162,0.107757725
32163,0.017554507
32164,0.17339897
32165,0.13246565
32166,0.020124072
32167,0.04704487
32168,0.39115182
32169,0.04901573
32170,0.030998327
32171,0.030307898
32172,0.03892544
32173,0.10400517
32174,0.31389076
32175,0.32378355
32176,0.35922337
32177,0.32532066
32178,0.118102014
32179,0.113977954
32180,0.31042278
32181,0.02235569
32182,0.122808434
32183,0.06359593
32184,0.04365866
32185,0.3482543
32186,0.22871253
32187,0.047383502
32188,0.38880494
32189,0.23036982
32190,0.06674431
32191,0.08659161
32192,0.06659126
32193,0.043926325
32194,0.010345573
32195,0.025161767
32196,0.047112312
32197,0.07156402
32198,0.06706221
32199,0.09709898
32200,0.3308285
32201,0.5952819
32202,0.33894068
32203,0.31210056
32204,0.38205886
32205,0.07550041
32206,0.062843174
32207,0.06349603
32208,0.15857251
32209,0.30054396
32210,0.052489832
32211,0.024745394
32212,0.05186786
32213,0.11015675
32214,0.01775675
32215,0.038662083
32216,0.08003694
32217,0.019693349
32218,0.018892035
32219,0.020024437
32220,0.028438507
32221,0.05792897
32222,0.047237076
32223,0.06421686
32224,0.30325836
32225,0.22614959
32226,0.26395658
32227,0.4354204
32228,0.41938427
32229,0.32734254
32230,0.15646374
32231,0.0057443464
32232,0.039891187
32233,0.020647397
32234,0.043657944
32235,0.089246005
32236,0.014281347
32237,0.027799683
32238,0.6407993
32239,0.041973818
32240,0.01688561
32241,0.049501088
32242,0.04332489
32243,0.08433877
32244,0.033664122
32245,0.041157056
32246,0.015331857
32247,0.040387046
32248,0.024838075
32249,0.06622111
32250,0.08065257
32251,0.37717468
32252,0.32576308
32253,0.16735962
32254,0.6807878
32255,0.33167154
32256,0.36549333
32257,0.11266295
32258,0.03440283
32259,0.029056624
32260,0.029867874
32261,0.040188655
32262,0.03763576
32263,0.03035635
32264,0.05400562
32265,0.36125997
32266,0.07640008
32267,0.31168494
32268,0.026385052
32269,0.08555428
32270,0.09547944
32271,0.10884436
32272,0.12948355
32273,0.039480362
32274,0.02660951
32275,0.035466254
32276,0.11550968
32277,0.60507977
32278,0.30199346
32279,0.3926613
32280,0.29644045
32281,0.32540005
32282,0.12225633
32283,0.097009405
32284,0.035750877
32285,0.021872316
32286,0.012371804
32287,0.031264395
32288,0.025656005
32289,0.10336345
32290,0.10497422
32291,0.06749125
32292,0.23049748
32293,0.023966985
32294,0.061550494
32295,0.30819446
32296,0.034968417
32297,0.11191611
32298,0.011001429
32299,0.00942241
32300,0.087619245
32301,0.2975674
32302,0.026642175
32303,0.18547826
32304,0.13757978
32305,0.058242746
32306,0.07892989
32307,0.0786813
32308,0.0642603
32309,0.031113226
32310,0.09847516
32311,0.08579256
32312,0.035707552
32313,0.009150125
32314,0.15978035
32315,0.011593999
32316,0.07958677
32317,0.035241432
32318,0.028952848
32319,0.09865363
32320,0.030348442
32321,0.037936073
32322,0.0076602306
32323,0.03427652
32324,0.15610816
32325,0.333656
32326,0.38172492
32327,0.09064618
32328,0.017453033
32329,0.024486972
32330,0.04566168
32331,0.01422039
32332,0.053546354
32333,0.17867334
32334,0.013501283
32335,0.026183674
32336,0.013892434
32337,0.025726132
32338,0.017571243
32339,0.023335924
32340,0.06110905
32341,0.07126721
32342,0.32610664
32343,0.013184487
32344,0.0161782
32345,0.028844336
32346,0.0598517
32347,0.07578364
32348,0.33420068
32349,0.09375357
32350,0.011918441
32351,0.15354995
32352,0.030306777
32353,0.06128122
32354,0.10326514
32355,0.04399287
32356,0.0111096855
32357,0.018416628
32358,0.009175885
32359,0.2362736
32360,0.029031035
32361,0.0141293
32362,0.01589929
32363,0.022759842
32364,0.10464406
32365,0.05176783
32366,0.033877343
32367,0.01608018
32368,0.024353331
32369,0.049421903
32370,0.24673645
32371,0.025954816
32372,0.017742997
32373,0.024582257
32374,0.036525816
32375,0.04930259
32376,0.2149923
32377,0.05101054
32378,0.22561717
32379,0.07769119
32380,0.026356682
32381,0.013821075
32382,0.041559465
32383,0.042334117
32384,0.025466157
32385,0.32475418
32386,0.018172419
32387,0.13653104
32388,0.01618773
32389,0.06666664
32390,0.043125905
32391,0.010486214
32392,0.24426103
32393,0.44712737
32394,0.18635254
32395,0.07799042
32396,0.07017881
32397,0.042622697
32398,0.03745453
32399,0.07352592
32400,0.06615749
32401,0.082630455
32402,0.9803875
32403,0.018336494
32404,0.06369124
32405,0.014451711
32406,0.06529186
32407,0.06456384
32408,0.016133761
32409,0.12257118
32410,0.38387513
32411,0.06128944
32412,0.22055143
32413,0.022497404
32414,0.061984003
32415,0.022069123
32416,0.06395737
32417,0.024924535
32418,0.0052849865
32419,0.021996519
32420,0.046044163
32421,0.048602045
32422,0.022540659
32423,0.017820114
32424,0.04728775
32425,0.14836034
32426,0.031549763
32427,0.036442958
32428,0.014262032
32429,0.027780512
32430,0.067628875
32431,0.08924309
32432,0.02064395
32433,0.021872316
32434,0.047085427
32435,0.6098237
32436,0.054141276
32437,0.08266383
32438,0.04362133
32439,0.031013582
32440,0.038549837
32441,0.041426975
32442,0.012551096
32443,0.014863572
32444,0.33017173
32445,0.02293472
32446,0.015162313
32447,0.13847765
32448,0.018970447
32449,0.09270487
32450,0.036622595
32451,0.021868326
32452,0.04114133
32453,0.30802593
32454,0.024631638
32455,0.01890026
32456,0.019263094
32457,0.03819871
32458,0.0075707138
32459,0.029194996
32460,0.30032092
32461,0.04957266
32462,0.014437887
32463,0.054250468
32464,0.11087814
32465,0.076173134
32466,0.061728466
32467,0.051562093
32468,0.023058362
32469,0.04527951
32470,0.0159245
32471,0.053716023
32472,0.22471306
32473,0.15979627
32474,0.028584475
32475,0.013542891
32476,0.011716573
32477,0.014392118
32478,0.008720828
32479,0.0220143
32480,0.04517037
32481,0.043591198
32482,0.087821424
32483,0.0053941747
32484,0.105175816
32485,0.008134653
32486,0.23133746
32487,0.008915521
32488,0.019135002
32489,0.009348987
32490,0.022573154
32491,0.011583156
32492,0.016193602
32493,0.016712349
32494,0.0068349047
32495,0.014391162
32496,0.02562831
32497,0.008098046
32498,0.024956044
32499,0.037653897
32500,0.0122371195
32501,0.04072802
32502,0.0079848105
32503,0.0080680195
32504,0.082125545
32505,0.022714574
32506,0.04058446
32507,0.028357616
32508,0.016055418
32509,0.06701844
32510,0.013331337
32511,0.0027401766
32512,0.010307277
32513,0.23717113
32514,0.049366012
32515,0.05199002
32516,0.05445927
32517,0.014016333
32518,0.06669559
32519,0.022228004
32520,0.009364574
32521,0.06451693
32522,0.014436826
32523,0.08091005
32524,0.10713822
32525,0.022457354
32526,0.028385118
32527,0.028425762
32528,0.024216121
32529,0.023229739
32530,0.012011743
32531,0.007797763
32532,0.010504692
32533,0.006391679
32534,0.009155556
32535,0.028995465
32536,0.010341506
32537,0.0068873083
32538,0.007425284
32539,0.064895235
32540,0.04891884
32541,0.0052420297
32542,0.1513546
32543,0.021854417
32544,0.010004296
32545,0.014364035
32546,0.042454433
32547,0.018649857
32548,0.022252223
32549,0.029466119
32550,0.009272467
32551,0.010513322
32552,0.026809338
32553,0.23533213
32554,0.18423514
32555,0.07599385
32556,0.014450668
32557,0.01945676
32558,0.0077431314
32559,0.047177747
32560,0.020051295
32561,0.03131981
32562,0.026564552
32563,0.022316322
32564,0.047700673
32565,0.054768294
32566,0.028630883
32567,0.03386147
32568,0.050040122
32569,0.03440505
32570,0.09051395
32571,0.048787802
32572,0.03461257
32573,0.028677989
32574,0.3306115
32575,0.050995573
32576,0.06634602
32577,0.0486673
32578,0.24073522
32579,0.31895384
32580,0.019960506
32581,0.053717032
32582,0.26246092
32583,0.06513295
32584,0.3513952
32585,0.07951435
32586,0.32623872
32587,0.08092419
32588,0.1257041
32589,0.5304646
32590,0.12443572
32591,0.050684605
32592,0.052531224
32593,0.25138742
32594,0.060445193
32595,0.025194203
32596,0.040827394
32597,0.017089741
32598,0.039360464
32599,0.09392979
32600,0.23894528
32601,0.40528882
32602,0.39257222
32603,0.04912262
32604,0.06268559
32605,0.112552
32606,0.14118245
32607,0.050254732
32608,0.040041734
32609,0.061367866
32610,0.080831
32611,0.029941462
32612,0.3816035
32613,0.11315725
32614,0.23144706
32615,0.39363045
32616,0.11202999
32617,0.021861432
32618,0.3866069
32619,0.050742242
32620,0.27250028
32621,0.045950234
32622,0.04514903
32623,0.030548781
32624,0.06230281
32625,0.08487937
32626,0.19203387
32627,0.15447678
32628,0.029149557
32629,0.035788216
32630,0.066402115
32631,0.25383973
32632,0.041346733
32633,0.028889842
32634,0.04936329
32635,0.054075435
32636,0.068325356
32637,0.02841681
32638,0.036115102
32639,0.0059947195
32640,0.047730874
32641,0.051382948
32642,0.24274763
32643,0.056142185
32644,0.32570052
32645,0.054241557
32646,0.036214393
32647,0.022236431
32648,0.010406697
32649,0.382384
32650,0.09830594
32651,0.06917829
32652,0.38202202
32653,0.38169578
32654,0.06634499
32655,0.046135183
32656,0.018172216
32657,0.014909596
32658,0.034248948
32659,0.0635371
32660,0.14410721
32661,0.24668847
32662,0.36775938
32663,0.0503233
32664,0.042256396
32665,0.028431108
32666,0.022298187
32667,0.029935397
32668,0.2262495
32669,0.018406514
32670,0.04022341
32671,0.010524454
32672,0.010104368
32673,0.06347023
32674,0.045371957
32675,0.023154076
32676,0.24954166
32677,0.39537814
32678,0.07642223
32679,0.020871945
32680,0.036748216
32681,0.049880985
32682,0.024254233
32683,0.0967272
32684,0.1303533
32685,0.08508594
32686,0.0885514
32687,0.055256955
32688,0.028494626
32689,0.029248344
32690,0.031836443
32691,0.078861505
32692,0.04818044
32693,0.10633892
32694,0.014138893
32695,0.03165559
32696,0.024815734
32697,0.017586181
32698,0.014508071
32699,0.021409681
32700,0.03709312
32701,0.02210074
32702,0.057188485
32703,0.34088776
32704,0.30333903
32705,0.04024093
32706,0.034983024
32707,0.0827188
32708,0.06216404
32709,0.014293764
32710,0.049484238
32711,0.014542596
32712,0.026944611
32713,0.2268262
32714,0.022997726
32715,0.0221307
32716,0.02805355
32717,0.049829833
32718,0.052527387
32719,0.28922933
32720,0.28055602
32721,0.28682736
32722,0.052121673
32723,0.0338618
32724,0.01758208
32725,0.047428176
32726,0.041392233
32727,0.16231313
32728,0.04142919
32729,0.38115534
32730,0.08871168
32731,0.02084297
32732,0.093043104
32733,0.04540749
32734,0.044013336
32735,0.01922272
32736,0.009340524
32737,0.05002478
32738,0.025123209
32739,0.018745633
32740,0.06563539
32741,0.04022341
32742,0.08927624
32743,0.049794115
32744,0.08379763
32745,0.15899499
32746,0.33745986
32747,0.0514588
32748,0.021945808
32749,0.06643664
32750,0.0150961755
32751,0.035325475
32752,0.022872517
32753,0.008223683
32754,0.06775091
32755,0.04670346
32756,0.1016841
32757,0.038053986
32758,0.085211635
32759,0.03499318
32760,0.048765536
32761,0.029984077
32762,0.017806059
32763,0.10623823
32764,0.05908703
32765,0.02872806
32766,0.009421408
32767,0.022274131
32768,0.02954019
32769,0.048691723
32770,0.06119181
32771,0.09647633
32772,0.07635981
32773,0.30182922
32774,0.17211732
32775,0.15371555
32776,0.011648429
32777,0.06938399
32778,0.046375375
32779,0.03773703
32780,0.070002146
32781,0.04276787
32782,0.034271095
32783,0.012278833
32784,0.04459928
32785,0.067338035
32786,0.031386264
32787,0.046773076
32788,0.0077042663
32789,0.06193222
32790,0.013878457
32791,0.03170513
32792,0.088431
32793,0.049212493
32794,0.10548809
32795,0.39166313
32796,0.07873415
32797,0.15187435
32798,0.04921723
32799,0.06237193
32800,0.056812342
32801,0.06730054
32802,0.045623835
32803,0.009167738
32804,0.01877865
32805,0.23915564
32806,0.05725118
32807,0.06448939
32808,0.049103543
32809,0.06634226
32810,0.024440078
32811,0.018973988
32812,0.020094624
32813,0.033193707
32814,0.31885648
32815,0.053617623
32816,0.038770534
32817,0.08284343
32818,0.5243931
32819,0.06897375
32820,0.013865967
32821,0.13643208
32822,0.04818044
32823,0.16040185
32824,0.23241314
32825,0.0541312
32826,0.019067075
32827,0.04115652
32828,0.045182727
32829,0.081856474
32830,0.22239469
32831,0.036870338
32832,0.2170664
32833,0.071658276
32834,0.0067742625
32835,0.060887147
32836,0.019191701
32837,0.045774102
32838,0.05502452
32839,0.014411434
32840,0.09418372
32841,0.11764023
32842,0.21479742
32843,0.06643056
32844,0.028431883
32845,0.08699065
32846,0.13769904
32847,0.2232755
32848,0.046933938
32849,0.009122767
32850,0.043289058
32851,0.021290323
32852,0.053436924
32853,0.39727762
32854,0.033625256
32855,0.14063889
32856,0.34244576
32857,0.22300541
32858,0.012371226
32859,0.017958395
32860,0.011858016
32861,0.03369751
32862,0.04543267
32863,0.29758006
32864,0.2993171
32865,0.06128932
32866,0.06630066
32867,0.12143998
32868,0.114509135
32869,0.10429729
32870,0.1613843
32871,0.3155739
32872,0.06754884
32873,0.04202595
32874,0.08084133
32875,0.04402427
32876,0.18383282
32877,0.69673604
32878,0.039007038
32879,0.32363722
32880,0.0142374905
32881,0.041480467
32882,0.2289583
32883,0.012633002
32884,0.043803208
32885,0.06294268
32886,0.015216179
32887,0.036951475
32888,0.33608162
32889,0.034397513
32890,0.061439253
32891,0.3043839
32892,0.1114839
32893,0.17072108
32894,0.3224106
32895,0.18238989
32896,0.0252449
32897,0.12989998
32898,0.07872883
32899,0.098220125
32900,0.69453603
32901,0.35974807
32902,0.33790335
32903,0.021737235
32904,0.18981399
32905,0.051461477
32906,0.02463097
32907,0.01963645
32908,0.011229521
32909,0.01042228
32910,0.04648501
32911,0.010329536
32912,0.027821489
32913,0.04673316
32914,0.074853584
32915,0.06950493
32916,0.07993221
32917,0.06983479
32918,0.16006853
32919,0.14260787
32920,0.025325658
32921,0.08920128
32922,0.221425
32923,0.018420145
32924,0.047131814
32925,0.69989604
32926,0.7124324
32927,0.40137333
32928,0.005847711
32929,0.016543899
32930,0.07064404
32931,0.37079954
32932,0.06736213
32933,0.052149553
32934,0.04657392
32935,0.053849448
32936,0.040725775
32937,0.010881248
32938,0.30393842
32939,0.016161222
32940,0.026413282
32941,0.08079716
32942,0.083214484
32943,0.04369796
32944,0.0419703
32945,0.29518184
32946,0.09759562
32947,0.02261008
32948,0.10264455
32949,0.08337912
32950,0.080970556
32951,0.7117809
32952,0.67106974
32953,0.39789867
32954,0.009098316
32955,0.014666749
32956,0.05017363
32957,0.021571357
32958,0.32475817
32959,0.075941294
32960,0.21775413
32961,0.035525974
32962,0.07556874
32963,0.018526543
32964,0.07606809
32965,0.083295986
32966,0.21334031
32967,0.14344686
32968,0.38633555
32969,0.32791108
32970,0.17271066
32971,0.10229641
32972,0.06782272
32973,0.049012646
32974,0.08931387
32975,0.035652287
32976,0.0295521
32977,0.11120539
32978,0.115781605
32979,0.054571755
32980,0.08460717
32981,0.022355627
32982,0.69804186
32983,0.99727845
32984,0.7158133
32985,0.10905735
32986,0.042549275
32987,0.1593013
32988,0.3339469
32989,0.024546362
32990,0.016119914
32991,0.015447616
32992,0.028039305
32993,0.07571317
32994,0.04151306
32995,0.31070256
32996,0.64617884
32997,0.055685658
32998,0.07946393
32999,0.06710526
33000,0.12237598
33001,0.060104445
33002,0.16124251
33003,0.13380219
33004,0.078270584
33005,0.08392766
33006,0.08464192
33007,0.04142991
33008,0.020590922
33009,0.36395037
33010,0.34593707
33011,0.21622021
33012,0.06194405
33013,0.02379929
33014,0.083404645
33015,0.061717704
33016,0.17238095
33017,0.026116546
33018,0.03535705
33019,0.036983404
33020,0.017716419
33021,0.03538997
33022,0.036830172
33023,0.30580252
33024,0.53772604
33025,0.23118205
33026,0.15545881
33027,0.08813599
33028,0.13838032
33029,0.11856131
33030,0.38623396
33031,0.04889481
33032,0.024706291
33033,0.031352453
33034,0.028876223
33035,0.114349954
33036,0.13036321
33037,0.11466165
33038,0.36336267
33039,0.23293644
33040,0.12257101
33041,0.9846013
33042,0.15321997
33043,0.17639272
33044,0.22513159
33045,0.019576436
33046,0.046182863
33047,0.39324063
33048,0.04952777
33049,0.029232655
33050,0.029710583
33051,0.038922146
33052,0.105582714
33053,0.3093801
33054,0.3238231
33055,0.27045396
33056,0.3299415
33057,0.11994711
33058,0.115389645
33059,0.31185308
33060,0.022377254
33061,0.12306114
33062,0.06387434
33063,0.04415233
33064,0.33719268
33065,0.2256315
33066,0.046178386
33067,0.39440346
33068,0.30799785
33069,0.067589276
33070,0.08643854
33071,0.06542802
33072,0.010367832
33073,0.013848631
33074,0.025238028
33075,0.04735406
33076,0.071201056
33077,0.06691117
33078,0.09663002
33079,0.33581161
33080,0.59883565
33081,0.32518485
33082,0.23199998
33083,0.3860229
33084,0.07579874
33085,0.06280105
33086,0.06111878
33087,0.10500423
33088,0.29881266
33089,0.05234079
33090,0.024745636
33091,0.0509559
33092,0.11144263
33093,0.017958395
33094,0.038974628
33095,0.08232609
33096,0.019403612
33097,0.013613188
33098,0.05728561
33099,0.047340516
33100,0.06439703
33101,0.3070341
33102,0.22323345
33103,0.2644771
33104,0.4244198
33105,0.4261943
33106,0.2412091
33107,0.15506393
33108,0.039856892
33109,0.01942325
33110,0.043684762
33111,0.088966385
33112,0.028551655
33113,0.6281444
33114,0.042065855
33115,0.01652108
33116,0.048339423
33117,0.043359518
33118,0.08244207
33119,0.03408339
33120,0.04174476
33121,0.015839495
33122,0.0381757
33123,0.014015967
33124,0.014288407
33125,0.024939291
33126,0.06781737
33127,0.08204132
33128,0.3829197
33129,0.32275584
33130,0.2916387
33131,0.7151266
33132,0.3423857
33133,0.36705676
33134,0.114781424
33135,0.034392707
33136,0.02763695
33137,0.029231586
33138,0.040445857
33139,0.037953902
33140,0.03035635
33141,0.053297136
33142,0.3588209
33143,0.07692361
33144,0.31405625
33145,0.026867822
33146,0.08529058
33147,0.09526363
33148,0.109134294
33149,0.21910149
33150,0.038631734
33151,0.026222067
33152,0.03574155
33153,0.123603016
33154,0.6550076
33155,0.29986894
33156,0.4004224
33157,0.31712762
33158,0.23617841
33159,0.122527055
33160,0.096320994
33161,0.036543194
33162,0.022101812
33163,0.031200279
33164,0.026490498
33165,0.09891377
33166,0.10416724
33167,0.06768388
33168,0.23049748
33169,0.024216754
33170,0.061812222
33171,0.23388402
33172,0.035391852
33173,0.010987797
33174,0.087006904
33175,0.30621558
33176,0.026363447
33177,0.28458086
33178,0.13914342
33179,0.058281913
33180,0.078066826
33181,0.07619389
33182,0.06432137
33183,0.031551708
33184,0.09658937
33185,0.08527193
33186,0.03630771
33187,0.0212104
33188,0.08725383
33189,0.011406819
33190,0.08054171
33191,0.03499318
33192,0.028743997
33193,0.095320486
33194,0.029975941
33195,0.03818059
33196,0.03439581
33197,0.15689243
33198,0.34070864
33199,0.42400762
33200,0.08980746
33201,0.018284062
33202,0.017788649
33203,0.024551881
33204,0.04583115
33205,0.053733304
33206,0.11375797
33207,0.01322787
33208,0.026535522
33209,0.026965486
33210,0.017709553
33211,0.020902457
33212,0.0063500702
33213,0.0623565
33214,0.07232141
33215,0.32212847
33216,0.013510397
33217,0.015930267
33218,0.028243704
33219,0.060381703
33220,0.07794327
33221,0.345147
33222,0.09375357
33223,0.01191529
33224,0.009087316
33225,0.15638599
33226,0.012381228
33227,0.03098345
33228,0.014254192
33229,0.06087067
33230,0.1040175
33231,0.044711787
33232,0.018536747
33233,0.009209865
33234,0.23609386
33235,0.029069899
33236,0.014074094
33237,0.022656152
33238,0.103862524
33239,0.05161986
33240,0.03429347
33241,0.016170966
33242,0.02419104
33243,0.049277607
33244,0.32995993
33245,0.026723474
33246,0.018574597
33247,0.024675291
33248,0.035727814
33249,0.049013354
33250,0.1432809
33251,0.050989456
33252,0.30266958
33253,0.07707709
33254,0.025957884
33255,0.014016333
33256,0.040830802
33257,0.042381536
33258,0.025090335
33259,0.31359026
33260,0.018336494
33261,0.13691902
33262,0.016384536
33263,0.06581443
33264,0.04266745
33265,0.33107278
33266,0.4714265
33267,0.18671761
33268,0.07583511
33269,0.013188361
33270,0.07074735
33271,0.04403076
33272,0.038285647
33273,0.07309311
33274,0.06615749
33275,0.08308598
33276,0.9865697
33277,0.018227443
33278,0.062414255
33279,0.06513653
33280,0.06497354
33281,0.016363086
33282,0.12488297
33283,0.38129878
33284,0.060605638
33285,0.21188809
33286,0.02251357
33287,0.016479472
33288,0.06241342
33289,0.021661539
33290,0.06547406
33291,0.02527053
33292,0.021965433
33293,0.04509829
33294,0.047792252
33295,0.022575287
33296,0.047131814
33297,0.14730607
33298,0.030892156
33299,0.036108606
33300,0.013706644
33301,0.029428963
33302,0.06864787
33303,0.089217186
33304,0.020894095
33305,0.022069123
33306,0.04602835
33307,0.6274033
33308,0.054678068
33309,0.08095247
33310,0.043529745
33311,0.03126043
33312,0.039006364
33313,0.04082922
33314,0.012390252
33315,0.015265684
33316,0.33239982
33317,0.022721129
33318,0.0058211004
33319,0.0071002804
33320,0.041897118
33321,0.14033797
33322,0.018987719
33323,0.0914818
33324,0.036405757
33325,0.022335572
33326,0.005220252
33327,0.3085375
33328,0.02466597
33329,0.018790912
33330,0.0043533677
33331,0.019496743
33332,0.037544116
33333,0.0074582994
33334,0.028610967
33335,0.12583834
33336,0.050112158
33337,0.012351863
33338,0.054632742
33339,0.11036767
33340,0.07937207
33341,0.063436285
33342,0.050581917
33343,0.022863494
33344,0.04546915
33345,0.01536811
33346,0.054848965
33347,0.15663464
33348,0.10482894
33349,0.0059798863
33350,0.009429764
33351,0.028175266
33352,0.01845305
33353,0.00787383
33354,0.02201236
33355,0.046783935
33356,0.043966185
33357,0.08738515
33358,0.10623067
33359,0.3253565
33360,0.009212321
33361,0.00903445
33362,0.022493169
33363,0.011387897
33364,0.016140886
33365,0.013342097
33366,0.026671598
33367,0.008068234
33368,0.050579272
33369,0.024628755
33370,0.036909044
33371,0.012501456
33372,0.011909884
33373,0.04102027
33374,0.013946531
33375,0.011943151
33376,0.008109982
33377,0.08179197
33378,0.021982333
33379,0.040536053
33380,0.02848477
33381,0.014498565
33382,0.06829651
33383,0.012913606
33384,0.0027666576
33385,0.010179907
33386,0.3211901
33387,0.04835945
33388,0.052446343
33389,0.054319106
33390,0.014100238
33391,0.06760378
33392,0.021957422
33393,0.00926621
33394,0.06556679
33395,0.014128785
33396,0.082127005
33397,0.106553346
33398,0.02855881
33399,0.02862893
33400,0.024509905
33401,0.022918317
33402,0.007771749
33403,0.0065405853
33404,0.027618269
33405,0.009062851
33406,0.010512805
33407,0.0073906565
33408,0.06539984
33409,0.04897558
33410,0.2247194
33411,0.016081024
33412,0.02201236
33413,0.025191043
33414,0.007393918
33415,0.04151624
33416,0.018487679
33417,0.022759842
33418,0.030021127
33419,0.010345573
33420,0.026457772
33421,0.23907426
33422,0.18260255
33423,0.017568037
33424,0.0764996
33425,0.012572158
33426,0.014509574
33427,0.01945676
33428,0.007750403
33429,0.019713225
33430,0.030648928
33431,0.054351404
33432,0.022017742
33433,0.028934995
33434,0.033399105
33435,0.035403203
33436,0.046328202
33437,0.09158574
33438,0.04882966
33439,0.02851809
33440,0.32830203
33441,0.051950037
33442,0.067500204
33443,0.044435997
33444,0.23506065
33445,0.19488929
33446,0.05348276
33447,0.2623968
33448,0.066014014
33449,0.35350987
33450,0.13219875
33451,0.06321753
33452,0.07853084
33453,0.014291359
33454,0.2498557
33455,0.52104175
33456,0.23608303
33457,0.05262374
33458,0.052099712
33459,0.23470552
33460,0.06019955
33461,0.012294061
33462,0.024714155
33463,0.041920654
33464,0.016552964
33465,0.013979103
33466,0.093976274
33467,0.2377713
33468,0.4013786
33469,0.39434233
33470,0.052552816
33471,0.06268559
33472,0.108985566
33473,0.14118245
33474,0.049547635
33475,0.039164297
33476,0.0615965
33477,0.07742639
33478,0.031022847
33479,0.3773973
33480,0.15728591
33481,0.31917456
33482,0.4007061
33483,0.16530642
33484,0.3874481
33485,0.050700117
33486,0.19180243
33487,0.045950234
33488,0.045877375
33489,0.030645318
33490,0.062665716
33491,0.02516236
33492,0.08494721
33493,0.09286818
33494,0.082979985
33495,0.029149557
33496,0.035235155
33497,0.065520175
33498,0.25132433
33499,0.04225147
33500,0.027255453
33501,0.049709983
33502,0.05487231
33503,0.06662021
33504,0.036771677
33505,0.04507195
33506,0.025491709
33507,0.051130272
33508,0.14376736
33509,0.056017768
33510,0.16451983
33511,0.019923063
33512,0.05186608
33513,0.03610706
33514,0.384047
33515,0.10084947
33516,0.0686477
33517,0.37487626
33518,0.38803452
33519,0.0051895333
33520,0.06660949
33521,0.045892548
33522,0.018227443
33523,0.02213726
33524,0.014925272
33525,0.03431142
33526,0.069834284
33527,0.062951475
33528,0.084362924
33529,0.24957873
33530,0.37596813
33531,0.22870493
33532,0.041187353
33533,0.02854078
33534,0.021999775
33535,0.02986192
33536,0.22598541
33537,0.04054804
33538,0.061089963
33539,0.024765227
33540,0.13608158
33541,0.39857215
33542,0.12483354
33543,0.01922696
33544,0.020937065
33545,0.037422214
33546,0.048827816
33547,0.025502495
33548,0.095756635
33549,0.13218322
33550,0.08557013
33551,0.08751144
33552,0.054635875
33553,0.031238267
33554,0.028724244
33555,0.02672603
33556,0.030910673
33557,0.08038379
33558,0.048281915
33559,0.103323266
33560,0.014106886
33561,0.031166008
33562,0.028058676
33563,0.017299404
33564,0.014639128
33565,0.021945808
33566,0.037132252
33567,0.021744056
33568,0.058996066
33569,0.33697703
33570,0.30438575
33571,0.038892366
33572,0.035930675
33573,0.035282694
33574,0.08295915
33575,0.06104607
33576,0.048839845
33577,0.013613188
33578,0.026774978
33579,0.008968016
33580,0.22389673
33581,0.022997726
33582,0.022072857
33583,0.028437024
33584,0.005847711
33585,0.049175315
33586,0.052365433
33587,0.29163098
33588,0.292398
33589,0.29374182
33590,0.051722545
33591,0.034566995
33592,0.017301692
33593,0.046933938
33594,0.041674033
33595,0.16059679
33596,0.041523814
33597,0.39073607
33598,0.08774489
33599,0.021039777
33600,0.09297526
33601,0.045043606
33602,0.044854857
33603,0.018728025
33604,0.00935289
33605,0.012011885
33606,0.050612748
33607,0.00805975
33608,0.018554328
33609,0.0658264
33610,0.040258035
33611,0.06223298
33612,0.049794115
33613,0.08107252
33614,0.15200396
33615,0.34288412
33616,0.051880617
33617,0.022193326
33618,0.06629603
33619,0.015143957
33620,0.03546059
33621,0.022601899
33622,0.0680789
33623,0.04601119
33624,0.100228235
33625,0.037420616
33626,0.08740386
33627,0.04892507
33628,0.03055838
33629,0.017411843
33630,0.018507592
33631,0.10669733
33632,0.027728312
33633,0.058451943
33634,0.028855214
33635,0.009468205
33636,0.021771086
33637,0.029790334
33638,0.0492755
33639,0.060963925
33640,0.09668637
33641,0.07662086
33642,0.29990667
33643,0.09861078
33644,0.15596806
33645,0.01196306
33646,0.06932278
33647,0.011135993
33648,0.04568934
33649,0.03764241
33650,0.06890675
33651,0.0289384
33652,0.043762665
33653,0.03403845
33654,0.045627456
33655,0.067886025
33656,0.046678327
33657,0.021202166
33658,0.02889014
33659,0.061640624
33660,0.013729431
33661,0.03192909
33662,0.0875251
33663,0.048949264
33664,0.10542025
33665,0.3931009
33666,0.07908114
33667,0.08801269
33668,0.049730506
33669,0.060973402
33670,0.05871879
33671,0.06695783
33672,0.044085268
33673,0.009202366
33674,0.009274519
33675,0.018795017
33676,0.23684311
33677,0.055925097
33678,0.06603221
33679,0.049085498
33680,0.064953715
33681,0.024424689
33682,0.01893936
33683,0.02001774
33684,0.03375074
33685,0.32735193
33686,0.053338207
33687,0.039014272
33688,0.082911275
33689,0.5094393
33690,0.068391
33691,0.014232148
33692,0.13643439
33693,0.04856128
33694,0.15984471
33695,0.23629843
33696,0.054176014
33697,0.04200194
33698,0.04456596
33699,0.08167841
33700,0.12408432
33701,0.036049806
33702,0.21649736
33703,0.07099805
33704,0.061298728
33705,0.014276636
33706,0.045017827
33707,0.054491438
33708,0.014276636
33709,0.09343756
33710,0.118192166
33711,0.20462716
33712,0.0650572
33713,0.028466512
33714,0.08394642
33715,0.13769904
33716,0.2217012
33717,0.047112312
33718,0.04383778
33719,0.021601735
33720,0.053179193
33721,0.3900369
33722,0.03402094
33723,0.13785212
33724,0.34680003
33725,0.22661673
33726,0.012256239
33727,0.011480609
33728,0.00820566
33729,0.03369751
33730,0.045571867
33731,0.302974
33732,0.3119157
33733,0.061676536
33734,0.06509079
33735,0.21425678
33736,0.18057315
33737,0.10506917
33738,0.16036946
33739,0.23223077
33740,0.06560182
33741,0.042662676
33742,0.079387225
33743,0.045977697
33744,0.23561719
33745,0.69976884
33746,0.037173003
33747,0.32042983
33748,0.014057941
33749,0.041596163
33750,0.17443626
33751,0.014220919
33752,0.012322178
33753,0.043440152
33754,0.062217537
33755,0.015080103
33756,0.03856166
33757,0.32590535
33758,0.034644235
33759,0.061929915
33760,0.30477566
33761,0.10973781
33762,0.1731071
33763,0.3242772
33764,0.31050447
33765,0.025086956
33766,0.13131742
33767,0.08015527
33768,0.101123095
33769,0.69987166
33770,0.35687885
33771,0.25757617
33772,0.022291234
33773,0.18831062
33774,0.049775925
33775,0.024320446
33776,0.019496743
33777,0.01109823
33778,0.047047466
33779,0.006872626
33780,0.010424638
33781,0.029240172
33782,0.046768047
33783,0.07508298
33784,0.06958006
33785,0.08150324
33786,0.07068392
33787,0.10455591
33788,0.081750266
33789,0.084363244
33790,0.2219927
33791,0.017999742
33792,0.046878222
33793,0.68558806
33794,0.7101383
33795,0.41229555
33796,0.022339301
33797,0.0705762
33798,0.32352737
33799,0.06791325
33800,0.05199002
33801,0.008162629
33802,0.045536295
33803,0.055353504
33804,0.041851953
33805,0.010899821
33806,0.3094747
33807,0.016290033
33808,0.025957884
33809,0.07986437
33810,0.08126958
33811,0.043354884
33812,0.041848846
33813,0.30705115
33814,0.069419
33815,0.021957038
33816,0.104393505
33817,0.084875576
33818,0.080796815
33819,0.7124891
33820,0.6545636
33821,0.39014348
33822,0.050890334
33823,0.022197114
33824,0.3289913
33825,0.075031474
33826,0.21805623
33827,0.035913374
33828,0.07556874
33829,0.018519845
33830,0.07698007
33831,0.083295986
33832,0.118513525
33833,0.14376175
33834,0.3790605
33835,0.34862056
33836,0.1041325
33837,0.10535048
33838,0.06764614
33839,0.048882943
33840,0.08864707
33841,0.035486892
33842,0.02859024
33843,0.02172535
33844,0.111825176
33845,0.11964157
33846,0.05367196
33847,0.08693177
33848,0.022715155
33849,0.69061446
33850,1.002451
33851,0.7058374
33852,0.0965192
33853,0.04153492
33854,0.1567698
33855,0.33964863
33856,0.023915544
33857,0.015961971
33858,0.015118968
33859,0.075083695
33860,0.04156041
33861,0.3135182
33862,0.6297162
33863,0.05685537
33864,0.0782096
33865,0.06805605
33866,0.12251164
33867,0.0591509
33868,0.1613211
33869,0.1314694
33870,0.031277258
33871,0.07839478
33872,0.08351257
33873,0.08495161
33874,0.041209545
33875,0.020328548
33876,0.36759183
33877,0.32979664
33878,0.21587193
33879,0.06110951
33880,0.024036434
33881,0.08648533
33882,0.061516985
33883,0.1714432
33884,0.026161807
33885,0.0356077
33886,0.037285484
33887,0.01779539
33888,0.03493985
33889,0.03729725
33890,0.29533902
33891,0.42708448
33892,0.17460528
33893,0.22527292
33894,0.088707395
33895,0.13907558
33896,0.119376175
33897,0.38497815
33898,0.049137965
33899,0.024872098
33900,0.031208703
33901,0.028436499
33902,0.113315426
33903,0.13059452
33904,0.11476146
33905,0.37723204
33906,0.23394078
33907,0.12288073
33908,0.98133534
33909,0.107901186
33910,0.017742379
33911,0.17178014
33912,0.22696348
33913,0.019535858
33914,0.04622499
33915,0.28601322
33916,0.049038075
33917,0.029232655
33918,0.029935397
33919,0.038922146
33920,0.102510914
33921,0.31579378
33922,0.32783338
33923,0.27013165
33924,0.3266118
33925,0.11846772
33926,0.11541344
33927,0.21736239
33928,0.013152605
33929,0.021860367
33930,0.12237288
33931,0.063645504
33932,0.043664318
33933,0.33500257
33934,0.22815283
33935,0.047130093
33936,0.38869378
33937,0.23072046
33938,0.067589276
33939,0.08876222
33940,0.066883534
33941,0.04394545
33942,0.010513322
33943,0.025090335
33944,0.047428176
33945,0.0722789
33946,0.06709543
33947,0.096259914
33948,0.34476325
33949,0.5862643
33950,0.32370657
33951,0.22910863
33952,0.38133976
33953,0.07582986
33954,0.06398166
33955,0.06298697
33956,0.105703816
33957,0.22584814
33958,0.05256995
33959,0.023789542
33960,0.05099711
33961,0.109155536
33962,0.039648682
33963,0.08264775
33964,0.03348743
33965,0.019030154
33966,0.019966993
33967,0.010924923
33968,0.02848477
33969,0.05728561
33970,0.046409164
33971,0.065391816
33972,0.3085926
33973,0.22455959
33974,0.27258778
33975,0.43946892
33976,0.42455357
33977,0.24127582
33978,0.08821407
33979,0.040015075
33980,0.019421037
33981,0.04372662
33982,0.089246005
33983,0.028076774
33984,0.6144308
33985,0.041959163
33986,0.016437499
33987,0.049180884
33988,0.043401644
33989,0.13478403
33990,0.034139965
33991,0.041928176
33992,0.015849384
33993,0.040062014
33994,0.014205493
33995,0.024815734
33996,0.06622111
33997,0.08109837
33998,0.38690275
33999,0.32594633
34000,0.28307077
34001,0.7368669
34002,0.34120756
34003,0.36821768
34004,0.11235381
34005,0.0345116
34006,0.028304754
34007,0.030898737
34008,0.03688315
34009,0.037864804
34010,0.030307898
34011,0.054149915
34012,0.37053064
34013,0.077165455
34014,0.3107086
34015,0.02589289
34016,0.08293946
34017,0.095331475
34018,0.10936433
34019,0.22245562
34020,0.03962208
34021,0.026222067
34022,0.034505118
34023,0.11259402
34024,0.60784656
34025,0.3027558
34026,0.40974715
34027,0.30150604
34028,0.23300613
34029,0.12307572
34030,0.10229539
34031,0.037612017
34032,0.012405263
34033,0.021905005
34034,0.012256239
34035,0.03214552
34036,0.027214028
34037,0.101438485
34038,0.103994854
34039,0.06822622
34040,0.23199861
34041,0.023012051
34042,0.061497424
34043,0.23101565
34044,0.035007283
34045,0.011220691
34046,0.009318361
34047,0.08886328
34048,0.19411336
34049,0.026161807
34050,0.27760756
34051,0.22181645
34052,0.058499634
34053,0.08023091
34054,0.026537526
34055,0.07746273
34056,0.06572767
34057,0.03186541
34058,0.09665722
34059,0.088525414
34060,0.035707552
34061,0.0090295775
34062,0.1619879
34063,0.011729306
34064,0.08026382
34065,0.028448315
34066,0.09562832
34067,0.03066868
34068,0.037779994
34069,0.035558518
34070,0.15683948
34071,0.246869
34072,0.40450755
34073,0.08956587
34074,0.012271915
34075,0.017958395
34076,0.017784543
34077,0.024448108
34078,0.045873277
34079,0.053933296
34080,0.11382581
34081,0.013384263
34082,0.026924975
34083,0.014165847
34084,0.026527893
34085,0.017813595
34086,0.0108193485
34087,0.020022301
34088,0.062259663
34089,0.07075168
34090,0.3197125
34091,0.013432242
34092,0.015765792
34093,0.028030759
34094,0.059746586
34095,0.07611567
34096,0.34605995
34097,0.09400808
34098,0.15449429
34099,0.012342593
34100,0.031606436
34101,0.0146674365
34102,0.060746256
34103,0.10187438
34104,0.04466966
34105,0.0108960355
34106,0.010968259
34107,0.018172216
34108,0.009184344
34109,0.23443338
34110,0.02869772
34111,0.014309646
34112,0.022716513
34113,0.10379468
34114,0.051825278
34115,0.034107782
34116,0.016045552
34117,0.024263943
34118,0.04946403
34119,0.32532123
34120,0.02668461
34121,0.018194826
34122,0.024017546
34123,0.036214393
34124,0.049013354
34125,0.22398111
34126,0.051329035
34127,0.21787463
34128,0.078113474
34129,0.026565313
34130,0.013885598
34131,0.04144617
34132,0.04323112
34133,0.025179012
34134,0.32047144
34135,0.13744684
34136,0.016161473
34137,0.06603259
34138,0.042030722
34139,0.010744132
34140,0.33354887
34141,0.46891513
34142,0.18563111
34143,0.07600978
34144,0.0134259
34145,0.070406206
34146,0.042501573
34147,0.037947804
34148,0.073042475
34149,0.066015534
34150,0.08255585
34151,0.9895385
34152,0.01842908
34153,0.06319565
34154,0.014609654
34155,0.06519405
34156,0.0650882
34157,0.016395573
34158,0.121424414
34159,0.38404685
34160,0.0602371
34161,0.21167676
34162,0.022997336
34163,0.063272394
34164,0.021872316
34165,0.06454794
34166,0.024946876
34167,0.021872316
34168,0.046044163
34169,0.047858268
34170,0.020468354
34171,0.017820114
34172,0.046984065
34173,0.015884012
34174,0.14836034
34175,0.03008621
34176,0.035847105
34177,0.014048827
34178,0.028953264
34179,0.06739506
34180,0.08783435
34181,0.047195595
34182,0.615512
34183,0.05409915
34184,0.08253325
34185,0.040708467
34186,0.030535713
34187,0.038560208
34188,0.04090597
34189,0.015160355
34190,0.33387682
34191,0.022721129
34192,0.0074551557
34193,0.04258785
34194,0.14033797
34195,0.018620584
34196,0.091970354
34197,0.03625257
34198,0.022026269
34199,0.04090624
34200,0.2308748
34201,0.025246788
34202,0.018739786
34203,0.019675285
34204,0.011925236
34205,0.037427936
34206,0.0077734473
34207,0.027436564
34208,0.23145956
34209,0.049587984
34210,0.014558324
34211,0.054674868
34212,0.10994758
34213,0.07858916
34214,0.06241918
34215,0.051628586
34216,0.022921983
34217,0.045765135
34218,0.015496148
34219,0.054435384
34220,0.1572114
34221,0.10409158
34222,0.013217183
34223,0.018408338
34224,0.007921753
34225,0.014378219
34226,0.014271976
34227,0.0145541765
34228,0.008099463
34229,0.021897478
34230,0.04674181
34231,0.043954253
34232,0.08959251
34233,0.009126181
34234,0.107868366
34235,0.32013342
34236,0.011583156
34237,0.009216872
34238,0.01608018
34239,0.017562073
34240,0.0070008393
34241,0.014413411
34242,0.02664731
34243,0.013328075
34244,0.0137154795
34245,0.007999412
34246,0.04887738
34247,0.023817532
34248,0.038250364
34249,0.012142496
34250,0.041293267
34251,0.013832132
34252,0.012034513
34253,0.007998791
34254,0.08055726
34255,0.022766363
34256,0.040749878
34257,0.028572103
34258,0.06740814
34259,0.011840808
34260,0.010296636
34261,0.010249588
34262,0.3221991
34263,0.049407877
34264,0.05225817
34265,0.05409313
34266,0.014014151
34267,0.06704363
34268,0.022246402
34269,0.009328118
34270,0.0654194
34271,0.014473069
34272,0.08336052
34273,0.160545
34274,0.022601899
34275,0.02924899
34276,0.028821329
34277,0.023738332
34278,0.022998413
34279,0.009178007
34280,0.029241834
34281,0.010546669
34282,0.06545451
34283,0.04975943
34284,0.0057912646
34285,0.22308724
34286,0.022124857
34287,0.025578368
34288,0.0073673567
34289,0.0036071641
34290,0.043082483
34291,0.018662838
34292,0.022563035
34293,0.014544654
34294,0.02923345
34295,0.009126181
34296,0.010444586
34297,0.02706518
34298,0.2290542
34299,0.1131058
34300,0.017874392
34301,0.07642119
34302,0.014416041
34303,0.01955085
34304,0.00768249
34305,0.045043014
34306,0.053469937
34307,0.05276307
34308,0.029081112
34309,0.033058714
34310,0.08447149
34311,0.048787534
34312,0.3302073
34313,0.04893661
34314,0.06715523
34315,0.045201316
34316,0.13857897
34317,0.3117681
34318,0.048161205
34319,0.2592526
34320,0.06415167
34321,0.34972635
34322,0.06944926
34323,0.12774184
34324,0.06301362
34325,0.025309239
34326,0.08047832
34327,0.32640833
34328,0.52695256
34329,0.23759834
34330,0.050126344
34331,0.051998965
34332,0.24361151
34333,0.06075261
34334,0.01233195
34335,0.024828527
34336,0.030716788
34337,0.016592698
34338,0.014225348
34339,0.10271497
34340,0.23296265
34341,0.39985642
34342,0.39318258
34343,0.05110094
34344,0.06397342
34345,0.108045906
34346,0.2231137
34347,0.050296858
34348,0.040708933
34349,0.06224274
34350,0.08045454
34351,0.030408906
34352,0.39444315
34353,0.16467224
34354,0.23179284
34355,0.40386084
34356,0.107251145
34357,0.021887926
34358,0.3905995
34359,0.05077179
34360,0.19438925
34361,0.046355326
34362,0.04417181
34363,0.031195266
34364,0.06301888
34365,0.0823094
34366,0.09227813
34367,0.08119955
34368,0.028968621
34369,0.034719616
34370,0.06604853
34371,0.2535302
34372,0.041388858
34373,0.049562234
34374,0.05378551
34375,0.06820584
34376,0.035843845
34377,0.045114074
34378,0.02474617
34379,0.050532572
34380,0.1471218
34381,0.056032725
34382,0.16021897
34383,0.019488271
34384,0.053654667
34385,0.03543519
34386,0.014268038
34387,0.0149126435
34388,0.3906285
34389,0.09668
34390,0.106659226
34391,0.36991215
34392,0.38803452
34393,0.06634499
34394,0.046070833
34395,0.0184989
34396,0.021944689
34397,0.034221675
34398,0.009145479
34399,0.07062391
34400,0.062459238
34401,0.0872557
34402,0.17229474
34403,0.3734121
34404,0.015704637
34405,0.22652803
34406,0.04181051
34407,0.02839648
34408,0.021971924
34409,0.22844274
34410,0.018945986
34411,0.040265534
34412,0.06087731
34413,0.0240206
34414,0.306264
34415,0.40822434
34416,0.07875587
34417,0.019026738
34418,0.021007251
34419,0.03733929
34420,0.05051966
34421,0.095326476
34422,0.13017955
34423,0.08343974
34424,0.08757929
34425,0.05504428
34426,0.0042436463
34427,0.009353319
34428,0.030985463
34429,0.02839816
34430,0.025742164
34431,0.030910673
34432,0.08040069
34433,0.049144395
34434,0.10844804
34435,0.014358582
34436,0.030456237
34437,0.024641268
34438,0.017740738
34439,0.014425662
34440,0.022097707
34441,0.03764643
34442,0.02198693
34443,0.05886629
34444,0.34291863
34445,0.30691278
34446,0.038926993
34447,0.035592534
34448,0.03309452
34449,0.083885066
34450,0.061856065
34451,0.04945601
34452,0.014573681
34453,0.012471666
34454,0.02668877
34455,0.14517704
34456,0.0232994
34457,0.02782557
34458,0.005847711
34459,0.049293004
34460,0.05189893
34461,0.15425214
34462,0.182875
34463,0.2859417
34464,0.051930506
34465,0.03437421
34466,0.0174199
34467,0.046846554
34468,0.0410676
34469,0.16640669
34470,0.042004477
34471,0.38612047
34472,0.08966192
34473,0.020406807
34474,0.09470671
34475,0.04534135
34476,0.04397121
34477,0.019148428
34478,0.009136398
34479,0.011853223
34480,0.05087325
34481,0.008066016
34482,0.024978928
34483,0.017521061
34484,0.01878574
34485,0.0657664
34486,0.061976295
34487,0.049212493
34488,0.08052382
34489,0.15780704
34490,0.33755
34491,0.0515837
34492,0.021905005
34493,0.066487044
34494,0.015143957
34495,0.035398744
34496,0.0067818207
34497,0.022601899
34498,0.067419715
34499,0.046917923
34500,0.10026661
34501,0.037031457
34502,0.08523066
34503,0.036472227
34504,0.04933114
34505,0.029602941
34506,0.017681364
34507,0.10759941
34508,0.028683992
34509,0.05874602
34510,0.028287135
34511,0.009372388
34512,0.022100106
34513,0.030119734
34514,0.048763126
34515,0.061521586
34516,0.09617407
34517,0.07590872
34518,0.2967773
34519,0.16870539
34520,0.15371555
34521,0.011687157
34522,0.069544174
34523,0.010829667
34524,0.044993334
34525,0.03764241
34526,0.070902996
34527,0.042589933
34528,0.03403845
34529,0.045627456
34530,0.06740588
34531,0.046579793
34532,0.031138739
34533,0.013918092
34534,0.060865562
34535,0.0138522005
34536,0.03192909
34537,0.087378696
34538,0.04983624
34539,0.10516246
34540,0.4002389
34541,0.078659624
34542,0.090828836
34543,0.049785715
34544,0.05995503
34545,0.058327362
34546,0.06658291
34547,0.04607033
34548,0.009183303
34549,0.23218036
34550,0.05725118
34551,0.06679337
34552,0.048955794
34553,0.06622087
34554,0.024665285
34555,0.019019214
34556,0.02001356
34557,0.033665344
34558,0.31910938
34559,0.053897716
34560,0.038555816
34561,0.083782464
34562,0.5382833
34563,0.06806469
34564,0.01413938
34565,0.08650339
34566,0.048222564
34567,0.16155078
34568,0.31017295
34569,0.05407017
34570,0.019101704
34571,0.04186265
34572,0.043215267
34573,0.083513945
34574,0.12555677
34575,0.03593638
34576,0.13947296
34577,0.07147409
34578,0.06084502
34579,0.044941075
34580,0.054686826
34581,0.014398363
34582,0.09340297
34583,0.11846772
34584,0.20638795
34585,0.0658763
34586,0.02718184
34587,0.08626985
34588,0.13662896
34589,0.22080779
34590,0.045466267
34591,0.043880016
34592,0.022016197
34593,0.0087749045
34594,0.053870384
34595,0.37230682
34596,0.035282694
34597,0.14158203
34598,0.3449136
34599,0.22300541
34600,0.012278833
34601,0.009424767
34602,0.008052741
34603,0.034548
34604,0.04496772
34605,0.30548576
34606,0.30520847
34607,0.060792454
34608,0.06586398
34609,0.21906818
34610,0.114761814
34611,0.10486712
34612,0.15940504
34613,0.23522304
34614,0.06612882
34615,0.042652305
34616,0.08067479
34617,0.04593557
34618,0.23709314
34619,0.71600115
34620,0.03887823
34621,0.33289897
34622,0.014176659
34623,0.040788677
34624,0.22559343
34625,0.014535802
34626,0.012356806
34627,0.043773014
34628,0.06228103
34629,0.0152441105
34630,0.03651399
34631,0.3272213
34632,0.03488884
34633,0.06085055
34634,0.22865848
34635,0.1100243
34636,0.22887476
34637,0.32358208
34638,0.3032139
34639,0.22875033
34640,0.079091
34641,0.09775274
34642,0.7406848
34643,0.3526281
34644,0.33896264
34645,0.02239411
34646,0.11528505
34647,0.051358987
34648,0.024644915
34649,0.019548664
34650,0.045757864
34651,0.0068121525
34652,0.010421377
34653,0.027996393
34654,0.046775285
34655,0.07459377
34656,0.06943709
34657,0.08120771
34658,0.0699265
34659,0.10552777
34660,0.14134757
34661,0.024834752
34662,0.087274216
34663,0.3105972
34664,0.018420145
34665,0.047092684
34666,0.7118625
34667,0.6997389
34668,0.42054805
34669,0.07045695
34670,0.36368522
34671,0.067845404
34672,0.016343273
34673,0.052107427
34674,0.008246465
34675,0.045546502
34676,0.055411104
34677,0.040983167
34678,0.011174858
34679,0.31166124
34680,0.016482724
34681,0.026204785
34682,0.08147355
34683,0.08077482
34684,0.04369796
34685,0.041883193
34686,0.1634765
34687,0.06935115
34688,0.021995902
34689,0.1025483
34690,0.08271866
34691,0.08090271
34692,0.72150195
34693,0.6878738
34694,0.38886353
34695,0.009128919
34696,0.014518646
34697,0.051148657
34698,0.022403115
34699,0.007854083
34700,0.3246198
34701,0.07722626
34702,0.22107238
34703,0.0359262
34704,0.07605316
34705,0.07610483
34706,0.083974846
34707,0.11811704
34708,0.14571671
34709,0.37538993
34710,0.32897094
34711,0.10380049
34712,0.103524804
34713,0.06782272
34714,0.048800565
34715,0.08692395
34716,0.035990383
34717,0.028760152
34718,0.021497266
34719,0.11204523
34720,0.11451562
34721,0.0547225
34722,0.08767973
34723,0.022542495
34724,0.7050368
34725,1.0012755
34726,0.742707
34727,0.10288016
34728,0.041058972
34729,0.16277267
34730,0.011782907
34731,0.33375186
34732,0.024262406
34733,0.016034618
34734,0.015311516
34735,0.029208904
34736,0.074454576
34737,0.04204641
34738,0.30755088
34739,0.6202459
34740,0.05663001
34741,0.07783321
34742,0.06796016
34743,0.12254148
34744,0.059144583
34745,0.16303521
34746,0.08217017
34747,0.0785225
34748,0.083457
34749,0.08253505
34750,0.04186086
34751,0.021448046
34752,0.3841203
34753,0.3324777
34754,0.21896812
34755,0.061364807
34756,0.0250056
34757,0.08295877
34758,0.061719503
34759,0.23080426
34760,0.026183203
34761,0.035580344
34762,0.037567146
34763,0.017616475
34764,0.035303578
34765,0.036949325
34766,0.2966745
34767,0.43389004
34768,0.23075859
34769,0.2294848
34770,0.08684329
34771,0.21812178
34772,0.11893607
34773,0.39705998
34774,0.04918009
34775,0.024872098
34776,0.029547699
34777,0.0295521
34778,0.113872305
34779,0.2232979
34780,0.19464329
34781,0.37325174
34782,0.23800483
34783,0.122045845
34784,0.9741204
34785,0.15827991
34786,0.017598957
34787,0.17145702
34788,0.12765794
34789,0.020037338
34790,0.0464375
34791,0.19808346
34792,0.049703196
34793,0.029352373
34794,0.02925542
34795,0.03887288
34796,0.10400517
34797,0.3118927
34798,0.32247913
34799,0.27142113
34800,0.23673859
34801,0.11754159
34802,0.1146477
34803,0.3070316
34804,0.022323001
34805,0.122531414
34806,0.066266835
34807,0.044073332
34808,0.34220773
34809,0.30711025
34810,0.046813186
34811,0.38887432
34812,0.30655405
34813,0.005363277
34814,0.06678077
34815,0.088213205
34816,0.06665814
34817,0.04317062
34818,0.010480879
34819,0.007754581
34820,0.0139656495
34821,0.025356034
34822,0.04688144
34823,0.0721644
34824,0.06690633
34825,0.17200057
34826,0.34315553
34827,0.5887601
34828,0.32689762
34829,0.22813842
34830,0.3114321
34831,0.07532184
34832,0.017733421
34833,0.06334067
34834,0.06275288
34835,0.16054538
34836,0.15699407
34837,0.05234079
34838,0.024703143
34839,0.05157107
34840,0.109744914
34841,0.039016753
34842,0.082208514
34843,0.033689603
34844,0.028379168
34845,0.057090368
34846,0.047537524
34847,0.06391182
34848,0.31035066
34849,0.21827373
34850,0.26670933
34851,0.43135178
34852,0.4189027
34853,0.24168922
34854,0.0854049
34855,0.039964758
34856,0.019478478
34857,0.043290995
34858,0.08724588
34859,0.027728312
34860,0.6315357
34861,0.04174193
34862,0.016634306
34863,0.04708268
34864,0.044408657
34865,0.27566665
34866,0.033379663
34867,0.041675262
34868,0.015652576
34869,0.039727677
34870,0.0240444
34871,0.06631083
34872,0.08025029
34873,0.38787922
34874,0.3266945
34875,0.1699047
34876,0.70296913
34877,0.33829358
34878,0.36111167
34879,0.11392011
34880,0.033927362
34881,0.028076774
34882,0.02935307
34883,0.041040726
34884,0.03734228
34885,0.030686047
34886,0.053725593
34887,0.36946535
34888,0.077252805
34889,0.2298107
34890,0.026319684
34891,0.08551913
34892,0.17843759
34893,0.1585196
34894,0.22893949
34895,0.038494032
34896,0.025342578
34897,0.03574155
34898,0.11479921
34899,0.61534196
34900,0.30018103
34901,0.40640652
34902,0.3074365
34903,0.324607
34904,0.122279175
34905,0.06751873
34906,0.012350285
34907,0.02187851
34908,0.01206424
34909,0.03122977
34910,0.025505563
34911,0.10342853
34912,0.10313884
34913,0.06806525
34914,0.2302041
34915,0.023889946
34916,0.06218134
34917,0.30996346
34918,0.03520106
34919,0.0102941105
34920,0.08491795
34921,0.1931556
34922,0.026116546
34923,0.18520175
34924,0.13764763
34925,0.058540616
34926,0.07809272
34927,0.02657639
34928,0.07650786
34929,0.06511563
34930,0.031065863
34931,0.17496468
34932,0.086832434
34933,0.036029153
34934,0.009033815
34935,0.16444163
34936,0.011122763
34937,0.08023542
34938,0.035892405
34939,0.02783301
34940,0.09698884
34941,0.03030108
34942,0.03801674
34943,0.034553785
34944,0.15578504
34945,0.24513224
34946,0.40969542
34947,0.09218379
34948,0.01043591
34949,0.017559944
34950,0.017868822
34951,0.024320446
34952,0.04566168
34953,0.053551406
34954,0.11267841
34955,0.013552409
34956,0.026751231
34957,0.014071351
34958,0.02630668
34959,0.01750647
34960,0.011155146
34961,0.022830216
34962,0.0065109124
34963,0.06193655
34964,0.07170926
34965,0.32029352
34966,0.013512095
34967,0.015964895
34968,0.028660161
34969,0.059749275
34970,0.07628849
34971,0.3439313
34972,0.094348684
34973,0.16038974
34974,0.029596237
34975,0.06119168
34976,0.102499396
34977,0.04400037
34978,0.01085717
34979,0.01821108
34980,0.23389174
34981,0.027358273
34982,0.013815518
34983,0.015710423
34984,0.022634588
34985,0.10473961
34986,0.051360246
34987,0.033714425
34988,0.016328909
34989,0.023856401
34990,0.049264524
34991,0.3460663
34992,0.026864855
34993,0.0052841557
34994,0.018405266
34995,0.024700925
34996,0.036446817
34997,0.049195673
34998,0.22247998
34999,0.05036486
35000,0.22516665
35001,0.07815826
35002,0.026161807
35003,0.013645666
35004,0.041155435
35005,0.04329366
35006,0.025081782
35007,0.32532874
35008,0.0165347
35009,0.23330048
35010,0.016040722
35011,0.06565661
35012,0.04262559
35013,0.24993046
35014,0.47448793
35015,0.18178865
35016,0.076647855
35017,0.013773339
35018,0.07096383
35019,0.042316135
35020,0.036242906
35021,0.073202804
35022,0.06620789
35023,0.08308598
35024,0.98971736
35025,0.018206844
35026,0.06357875
35027,0.0658271
35028,0.0650882
35029,0.016095998
35030,0.1206511
35031,0.38125843
35032,0.060582113
35033,0.21383855
35034,0.02309555
35035,0.061973058
35036,0.021872316
35037,0.06535202
35038,0.025291225
35039,0.021409681
35040,0.045458473
35041,0.04752611
35042,0.022752855
35043,0.017649984
35044,0.047131814
35045,0.015707118
35046,0.14873259
35047,0.036488943
35048,0.014236721
35049,0.02875042
35050,0.068547204
35051,0.086835556
35052,0.04613705
35053,0.6093118
35054,0.054996155
35055,0.14040595
35056,0.042473484
35057,0.03101658
35058,0.03828042
35059,0.041477777
35060,0.012463745
35061,0.015134154
35062,0.33323628
35063,0.022792682
35064,0.007406221
35065,0.005867647
35066,0.014768164
35067,0.041450962
35068,0.08159941
35069,0.018987719
35070,0.09160362
35071,0.035782404
35072,0.02247193
35073,0.040948365
35074,0.31018227
35075,0.02459701
35076,0.01865621
35077,0.0043472257
35078,0.011824992
35079,0.037698034
35080,0.007720473
35081,0.028431108
35082,0.1251915
35083,0.04941313
35084,0.01453743
35085,0.054053202
35086,0.11058932
35087,0.07725834
35088,0.056789197
35089,0.051363148
35090,0.023169404
35091,0.04551616
35092,0.016092224
35093,0.054433823
35094,0.1558072
35095,0.10409158
35096,0.028431108
35097,0.011713311
35098,0.010633647
35099,0.018491914
35100,0.007744127
35101,0.014185537
35102,0.014271976
35103,0.014392118
35104,0.00863562
35105,0.021821728
35106,0.045368794
35107,0.043044012
35108,0.086963154
35109,0.0091021955
35110,0.16318925
35111,0.008204856
35112,0.31680185
35113,0.009253811
35114,0.018639198
35115,0.022429531
35116,0.011634281
35117,0.015775139
35118,0.0069974237
35119,0.0138464505
35120,0.026503254
35121,0.011804803
35122,0.013283204
35123,0.047019087
35124,0.024797382
35125,0.035506286
35126,0.012600039
35127,0.011848257
35128,0.040438015
35129,0.008078666
35130,0.012037775
35131,0.082584806
35132,0.022634588
35133,0.04053163
35134,0.010382512
35135,0.027789952
35136,0.0677616
35137,0.0029580777
35138,0.011980069
35139,0.010336187
35140,0.010178392
35141,0.23989359
35142,0.049370065
35143,0.050260883
35144,0.054602582
35145,0.066360496
35146,0.022117794
35147,0.06669286
35148,0.014450733
35149,0.08166457
35150,0.10791173
35151,0.015746672
35152,0.022563035
35153,0.028385628
35154,0.0249707
35155,0.028825806
35156,0.009286315
35157,0.066322386
35158,0.04949748
35159,0.1506199
35160,0.021679955
35161,0.025874263
35162,0.014276636
35163,0.042412307
35164,0.018491914
35165,0.012206373
35166,0.0150974095
35167,0.028081402
35168,0.009135006
35169,0.026732162
35170,0.23668316
35171,0.18516937
35172,0.01790912
35173,0.07738436
35174,0.019511297
35175,0.007701315
35176,0.047424637
35177,0.052126486
35178,0.053664345
35179,0.054164454
35180,0.028533129
35181,0.035448525
35182,0.034370422
35183,0.048797533
35184,0.089311786
35185,0.048148394
35186,0.0345193
35187,0.32519996
35188,0.049262244
35189,0.06300087
35190,0.04550597
35191,0.3088783
35192,0.19998404
35193,0.11372108
35194,0.05249456
35195,0.013975107
35196,0.34468552
35197,0.06284231
35198,0.35072398
35199,0.07697984
35200,0.33359715
35201,0.060689215
35202,0.081138805
35203,0.03183837
35204,0.013886977
35205,0.23766524
35206,0.028583081
35207,0.5394572
35208,0.24541447
35209,0.05179266
35210,0.2409658
35211,0.063521475
35212,0.012303728
35213,0.023710977
35214,0.03915749
35215,0.01663784
35216,0.013846683
35217,0.0987217
35218,0.3570002
35219,0.38497397
35220,0.3879369
35221,0.052313626
35222,0.061258864
35223,0.024007572
35224,0.15498279
35225,0.13003008
35226,0.007547482
35227,0.020338979
35228,0.050296858
35229,0.04028145
35230,0.05996473
35231,0.12112744
35232,0.030151393
35233,0.3758514
35234,0.1581458
35235,0.23960114
35236,0.39302495
35237,0.10145488
35238,0.37676263
35239,0.016546478
35240,0.05229396
35241,0.1927223
35242,0.045884177
35243,0.04499736
35244,0.03346007
35245,0.062107347
35246,0.080635205
35247,0.095160946
35248,0.07204719
35249,0.028695013
35250,0.035398073
35251,0.06537896
35252,0.25607678
35253,0.041423485
35254,0.049670853
35255,0.05430938
35256,0.06656816
35257,0.02786313
35258,0.049282875
35259,0.051657323
35260,0.14282964
35261,0.056358777
35262,0.15806524
35263,0.021673024
35264,0.054217625
35265,0.03580498
35266,0.02208459
35267,0.014176828
35268,0.013406787
35269,0.37103024
35270,0.09643538
35271,0.101656
35272,0.39139485
35273,0.3715631
35274,0.06547682
35275,0.045760516
35276,0.022177989
35277,0.014909596
35278,0.0354724
35279,0.09070502
35280,0.083290264
35281,0.17561568
35282,0.35789326
35283,0.2333168
35284,0.03987365
35285,0.028038671
35286,0.021887882
35287,0.22306453
35288,0.018319072
35289,0.04022341
35290,0.06085553
35291,0.32193404
35292,0.39083782
35293,0.07436212
35294,0.019111652
35295,0.02100138
35296,0.037304275
35297,0.050550222
35298,0.009291467
35299,0.024112849
35300,0.011694362
35301,0.09865234
35302,0.13197438
35303,0.083925694
35304,0.08721325
35305,0.055196762
35306,0.031546474
35307,0.028272588
35308,0.030244773
35309,0.03198407
35310,0.07714482
35311,0.048655618
35312,0.07672738
35313,0.013794608
35314,0.030957395
35315,0.024198327
35316,0.017986076
35317,0.014425662
35318,0.021629775
35319,0.03714978
35320,0.021957234
35321,0.0574528
35322,0.34861535
35323,0.3125783
35324,0.038884867
35325,0.03501116
35326,0.03344706
35327,0.08433307
35328,0.06093596
35329,0.014149452
35330,0.04899407
35331,0.014293379
35332,0.026257966
35333,0.22232233
35334,0.023226224
35335,0.022157775
35336,0.027323438
35337,0.049253035
35338,0.05247619
35339,0.15180577
35340,0.19014643
35341,0.28364378
35342,0.051930506
35343,0.03404195
35344,0.017356811
35345,0.04700534
35346,0.04255619
35347,0.008671008
35348,0.16623257
35349,0.041805614
35350,0.38154992
35351,0.087403186
35352,0.020994682
35353,0.09375526
35354,0.04572712
35355,0.04357835
35356,0.019210147
35357,0.009209865
35358,0.050856113
35359,0.017947242
35360,0.018327415
35361,0.06578963
35362,0.04030016
35363,0.062397975
35364,0.049636737
35365,0.0806163
35366,0.15380469
35367,0.33089837
35368,0.05180228
35369,0.022028787
35370,0.066070676
35371,0.015266815
35372,0.03541842
35373,0.066105045
35374,0.046115402
35375,0.098790765
35376,0.037937447
35377,0.08618418
35378,0.035269562
35379,0.049186844
35380,0.018009143
35381,0.018404359
35382,0.1059688
35383,0.009292676
35384,0.027740812
35385,0.058641076
35386,0.026741033
35387,0.021759212
35388,0.03117967
35389,0.048957005
35390,0.06064536
35391,0.09620315
35392,0.075943254
35393,0.31099778
35394,0.16743171
35395,0.15892257
35396,0.011874798
35397,0.06896292
35398,0.046472106
35399,0.03773703
35400,0.06910506
35401,0.028399862
35402,0.021292418
35403,0.034899905
35404,0.045439936
35405,0.066424385
35406,0.027436543
35407,0.047026668
35408,0.007643624
35409,0.022093173
35410,0.026895568
35411,0.06075253
35412,0.013768296
35413,0.032740016
35414,0.0889347
35415,0.049212493
35416,0.104181
35417,0.38973063
35418,0.0799412
35419,0.0877469
35420,0.04971246
35421,0.06168616
35422,0.058058638
35423,0.06707015
35424,0.04447928
35425,0.23592313
35426,0.056960896
35427,0.06590511
35428,0.04910654
35429,0.06518779
35430,0.017687036
35431,0.023772094
35432,0.019216845
35433,0.02027999
35434,0.033715796
35435,0.23907398
35436,0.05408516
35437,0.039156236
35438,0.08160175
35439,0.50545466
35440,0.067622185
35441,0.01413938
35442,0.13973863
35443,0.048176166
35444,0.22188766
35445,0.2369607
35446,0.05381038
35447,0.04116402
35448,0.04396646
35449,0.07677995
35450,0.12364882
35451,0.03631346
35452,0.2171628
35453,0.06888644
35454,0.060375344
35455,0.0142781865
35456,0.01982852
35457,0.045153525
35458,0.054821234
35459,0.014081378
35460,0.09282949
35461,0.11654186
35462,0.2079247
35463,0.06581469
35464,0.027584163
35465,0.08412049
35466,0.13502686
35467,0.22389142
35468,0.04558747
35469,0.043246932
35470,0.021455213
35471,0.052568838
35472,0.38102716
35473,0.03404502
35474,0.14118922
35475,0.26275963
35476,0.13941881
35477,0.012052781
35478,0.01816148
35479,0.011776898
35480,0.034374565
35481,0.045119934
35482,0.2164034
35483,0.30237657
35484,0.061195396
35485,0.063846506
35486,0.11994781
35487,0.18012673
35488,0.10556344
35489,0.15488239
35490,0.312371
35491,0.06208013
35492,0.0034285046
35493,0.01927373
35494,0.042662676
35495,0.08150296
35496,0.045460332
35497,0.18662302
35498,0.71272093
35499,0.038523495
35500,0.3261544
35501,0.014396152
35502,0.0416003
35503,0.22680916
35504,0.043806203
35505,0.06286365
35506,0.015315101
35507,0.03689086
35508,0.005786473
35509,0.3311219
35510,0.03535589
35511,0.061851952
35512,0.22519171
35513,0.10944738
35514,0.22773841
35515,0.23573643
35516,0.31350064
35517,0.024321884
35518,0.1291563
35519,0.07910775
35520,0.10056597
35521,0.7003278
35522,0.36041352
35523,0.32910436
35524,0.022108957
35525,0.11889881
35526,0.051124603
35527,0.023729488
35528,0.019563396
35529,0.011213672
35530,0.010321386
35531,0.047112312
35532,0.006872626
35533,0.010360902
35534,0.027501766
35535,0.046475917
35536,0.07507893
35537,0.06924373
35538,0.07885197
35539,0.06909038
35540,0.16141576
35541,0.0820422
35542,0.023888212
35543,0.08805978
35544,0.21874812
35545,0.018430531
35546,0.046348717
35547,0.69462603
35548,0.68908936
35549,0.41785955
35550,0.005838917
35551,0.022754034
35552,0.016067533
35553,0.068326525
35554,0.35447156
35555,0.06703429
35556,0.016359812
35557,0.052227724
35558,0.046374414
35559,0.053901155
35560,0.040650275
35561,0.011025832
35562,0.3105478
35563,0.016290618
35564,0.025584152
35565,0.07830666
35566,0.08056637
35567,0.044356294
35568,0.04152387
35569,0.15331441
35570,0.06797698
35571,0.02277489
35572,0.102879964
35573,0.083587505
35574,0.08004991
35575,0.7198124
35576,0.70923346
35577,0.3959767
35578,0.014434741
35579,0.050131503
35580,0.022117743
35581,0.008002052
35582,0.3332051
35583,0.07563341
35584,0.22072762
35585,0.035525974
35586,0.07437833
35587,0.018537965
35588,0.07921289
35589,0.08196628
35590,0.11604009
35591,0.1437599
35592,0.3804147
35593,0.34190717
35594,0.100873314
35595,0.10361007
35596,0.06630228
35597,0.049255487
35598,0.08686399
35599,0.037200898
35600,0.028004052
35601,0.021777049
35602,0.11034363
35603,0.11495522
35604,0.05586859
35605,0.084316984
35606,0.022740262
35607,0.70935947
35608,0.994958
35609,0.70474494
35610,0.0953424
35611,0.041407052
35612,0.16206546
35613,0.326883
35614,0.023203801
35615,0.008591978
35616,0.016119914
35617,0.0151325995
35618,0.027847117
35619,0.07524846
35620,0.041205823
35621,0.3082682
35622,0.64486647
35623,0.056241896
35624,0.07791297
35625,0.06710836
35626,0.12108732
35627,0.05939995
35628,0.16131787
35629,0.07964882
35630,0.030590916
35631,0.07727982
35632,0.082938515
35633,0.08260605
35634,0.040593065
35635,0.021502392
35636,0.26979023
35637,0.33885175
35638,0.12009971
35639,0.083382525
35640,0.061540976
35641,0.1694322
35642,0.025456998
35643,0.03606713
35644,0.037850793
35645,0.015341592
35646,0.035023835
35647,0.037097625
35648,0.22027686
35649,0.4148508
35650,0.2340795
35651,0.15454616
35652,0.08703876
35653,0.13878354
35654,0.118047856
35655,0.38594845
35656,0.048566315
35657,0.023350652
35658,0.030347122
35659,0.0277584
35660,0.11444413
35661,0.13187094
35662,0.19429044
35663,0.37314397
35664,0.3100912
35665,0.121015325
35666,0.9849404
35667,0.15126167
35668,0.017449198
35669,0.09903817
35670,0.12965669
35671,0.019529507
35672,0.045059424
35673,0.38735968
35674,0.048871163
35675,0.029133646
35676,0.02894399
35677,0.03923367
35678,0.1048876
35679,0.310295
35680,0.3237383
35681,0.3768094
35682,0.32827657
35683,0.11662629
35684,0.114952125
35685,0.31385893
35686,0.021982154
35687,0.12112084
35688,0.060724616
35689,0.043987572
35690,0.33751443
35691,0.22407825
35692,0.046965335
35693,0.39405766
35694,0.30550614
35695,0.0050166296
35696,0.06540824
35697,0.08652039
35698,0.06554542
35699,0.043007728
35700,0.010367871
35701,0.0238807
35702,0.04668023
35703,0.072335646
35704,0.06622426
35705,0.098204896
35706,0.33007336
35707,0.56084865
35708,0.34230047
35709,0.22816665
35710,0.38799766
35711,0.07563932
35712,0.06070271
35713,0.060494844
35714,0.15758817
35715,0.15734322
35716,0.05115255
35717,0.023928834
35718,0.05129337
35719,0.10897401
35720,0.017957857
35721,0.039887685
35722,0.08097912
35723,0.019922951
35724,0.01418828
35725,0.0332008
35726,0.011090523
35727,0.026769673
35728,0.05757258
35729,0.048026323
35730,0.06400817
35731,0.303919
35732,0.21680672
35733,0.08620743
35734,0.4258219
35735,0.42109868
35736,0.2444119
35737,0.08275157
35738,0.0397633
35739,0.019094357
35740,0.04364497
35741,0.08905347
35742,0.014038436
35743,0.028280335
35744,0.6349149
35745,0.04169277
35746,0.016766153
35747,0.049354672
35748,0.04176077
35749,0.13795647
35750,0.03298226
35751,0.040992297
35752,0.015604621
35753,0.040298853
35754,0.023723453
35755,0.06730684
35756,0.079239845
35757,0.39341784
35758,0.32759622
35759,0.17064202
35760,0.7127887
35761,0.34237558
35762,0.36695153
35763,0.11417743
35764,0.034280445
35765,0.027576054
35766,0.030163102
35767,0.040317044
35768,0.036911998
35769,0.02993598
35770,0.08706964
35771,0.37130404
35772,0.07529235
35773,0.23115966
35774,0.026130589
35775,0.0843622
35776,0.09442706
35777,0.10817425
35778,0.22227146
35779,0.038193822
35780,0.00335149
35781,0.024623191
35782,0.007666947
35783,0.036145784
35784,0.11308852
35785,0.6117648
35786,0.31529778
35787,0.39877164
35788,0.30645362
35789,0.3274634
35790,0.12091606
35791,0.0670467
35792,0.037799694
35793,0.022806717
35794,0.012094743
35795,0.031026145
35796,0.025465557
35797,0.10133506
35798,0.102869414
35799,0.06477598
35800,0.23219427
35801,0.023253053
35802,0.06079643
35803,0.30788267
35804,0.036438707
35805,0.009235391
35806,0.086989306
35807,0.18500593
35808,0.025352407
35809,0.1788339
35810,0.13520986
35811,0.058060683
35812,0.077527784
35813,0.02542535
35814,0.07587279
35815,0.06414141
35816,0.030391976
35817,0.09680949
35818,0.0054493165
35819,0.08590888
35820,0.03565522
35821,0.021723123
35822,0.15776666
35823,0.0111507
35824,0.014435208
35825,0.07837072
35826,0.02775926
35827,0.096404225
35828,0.029479172
35829,0.037851363
35830,0.034203522
35831,0.15657891
35832,0.24035132
35833,0.4074683
35834,0.090435654
35835,0.010241281
35836,0.012279324
35837,0.017996721
35838,0.017708804
35839,0.023704806
35840,0.045079175
35841,0.053556904
35842,0.18537895
35843,0.013336525
35844,0.025496334
35845,0.025059242
35846,0.01787011
35847,0.023423895
35848,0.0620927
35849,0.071496576
35850,0.32267648
35851,0.013072226
35852,0.027298458
35853,0.058965843
35854,0.07612615
35855,0.33383065
35856,0.09504636
35857,0.011745127
35858,0.008964685
35859,0.11133642
35860,0.030880358
35861,0.060051724
35862,0.11130887
35863,0.043238882
35864,0.0107365465
35865,0.018407349
35866,0.008870764
35867,0.31200072
35868,0.014077324
35869,0.015634557
35870,0.022408487
35871,0.103890955
35872,0.05166052
35873,0.034987427
35874,0.015897157
35875,0.023620376
35876,0.04845442
35877,0.24748781
35878,0.026208185
35879,0.017628524
35880,0.023283742
35881,0.035985973
35882,0.048008326
35883,0.21539395
35884,0.05077775
35885,0.22203521
35886,0.076329514
35887,0.024675688
35888,0.013925068
35889,0.040004347
35890,0.04541366
35891,0.024190815
35892,0.23378709
35893,0.22784123
35894,0.015978143
35895,0.06551939
35896,0.043180782
35897,0.010321436
35898,0.2508053
35899,0.4592457
35900,0.1833753
35901,0.074915856
35902,0.069643386
35903,0.041374173
35904,0.03728182
35905,0.07149811
35906,0.06540692
35907,0.08418215
35908,0.97657907
35909,0.061688874
35910,0.06493865
35911,0.06362315
35912,0.01633113
35913,0.12000949
35914,0.38346457
35915,0.060013745
35916,0.21087238
35917,0.02245025
35918,0.063284375
35919,0.021792475
35920,0.06531091
35921,0.024235047
35922,0.02155391
35923,0.04497409
35924,0.0484895
35925,0.022653386
35926,0.046476312
35927,0.012243249
35928,0.015684625
35929,0.22862783
35930,0.030309115
35931,0.035674848
35932,0.0137976315
35933,0.02728105
35934,0.065424405
35935,0.088835426
35936,0.60793275
35937,0.054989796
35938,0.13597988
35939,0.04302048
35940,0.030250935
35941,0.038878303
35942,0.041506574
35943,0.014821256
35944,0.3292878
35945,0.022522055
35946,0.0056451587
35947,0.00728654
35948,0.014642271
35949,0.009012936
35950,0.040299874
35951,0.07806714
35952,0.018711068
35953,0.09158816
35954,0.03550644
35955,0.021913739
35956,0.005152149
35957,0.04088195
35958,0.29821
35959,0.024726573
35960,0.0043254932
35961,0.019661896
35962,0.01163771
35963,0.037902728
35964,0.027540136
35965,0.1227306
35966,0.049423225
35967,0.014260869
35968,0.014380087
35969,0.055032525
35970,0.10850383
35971,0.07734302
35972,0.061463002
35973,0.051585272
35974,0.022037495
35975,0.04574942
35976,0.015601797
35977,0.053720314
35978,0.1565417
35979,0.1618509
35980,0.0058497563
35981,0.013109729
35982,0.014819202
35983,0.010289032
35984,0.01858641
35985,0.007675208
35986,0.014619825
35987,0.009983284
35988,0.01429824
35989,0.014399094
35990,0.021425594
35991,0.04641237
35992,0.042401884
35993,0.086828314
35994,0.1613885
35995,0.007973987
35996,0.23318255
35997,0.021864127
35998,0.011568467
35999,0.01584193
36000,0.017640172
36001,0.013681693
36002,0.025618065
36003,0.011472384
36004,0.00657064
36005,0.048351444
36006,0.023501221
36007,0.036863577
36008,0.04117388
36009,0.013476354
36010,0.00804336
36011,0.012102904
36012,0.08225862
36013,0.022712687
36014,0.040377308
36015,0.009996383
36016,0.0280502
36017,0.014355181
36018,0.06664235
36019,0.011633924
36020,0.2350995
36021,0.048752796
36022,0.05202084
36023,0.054586403
36024,0.014003223
36025,0.06617854
36026,0.021803215
36027,0.06651277
36028,0.014237441
36029,0.08089215
36030,0.10564308
36031,0.015565423
36032,0.02248319
36033,0.027920399
36034,0.023967586
36035,0.028524641
36036,0.009044589
36037,0.06346749
36038,0.048535056
36039,0.15068203
36040,0.021758053
36041,0.025602711
36042,0.0035083727
36043,0.010170131
36044,0.04152468
36045,0.018617524
36046,0.029072093
36047,0.008933345
36048,0.025690842
36049,0.22420774
36050,0.19292992
36051,0.017706761
36052,0.07592754
36053,0.019741446
36054,0.030692028
36055,0.045940757
36056,0.023922607
36057,0.052985787
36058,0.054887872
36059,0.035448197
36060,0.045871396
36061,0.034178134
36062,0.047682185
36063,0.08578533
36064,0.03486934
36065,0.32680833
36066,0.05139671
36067,0.06306872
36068,0.046546295
36069,0.22539385
36070,0.30372542
36071,0.024007266
36072,0.05160908
36073,0.027848016
36074,0.24296808
36075,0.06295661
36076,0.34656093
36077,0.08469986
36078,0.12734924
36079,0.062075682
36080,0.094474
36081,0.03342784
36082,0.3205162
36083,0.5012239
36084,0.23769833
36085,0.05223088
36086,0.055538923
36087,0.2508303
36088,0.057428524
36089,0.012271825
36090,0.023823189
36091,0.02205548
36092,0.016792541
36093,0.093918495
36094,0.23215555
36095,0.38859084
36096,0.39300817
36097,0.05026974
36098,0.06279803
36099,0.15498279
36100,0.1405299
36101,0.019977413
36102,0.049482245
36103,0.040048163
36104,0.06024361
36105,0.077360354
36106,0.36678675
36107,0.15996972
36108,0.23699313
36109,0.38172743
36110,0.1034287
36111,0.021967968
36112,0.381465
36113,0.016769905
36114,0.052251834
36115,0.18566199
36116,0.04597732
36117,0.043979205
36118,0.029825268
36119,0.060602155
36120,0.08127708
36121,0.09475677
36122,0.07244177
36123,0.028468028
36124,0.034505893
36125,0.06496524
36126,0.24444108
36127,0.042407643
36128,0.027516542
36129,0.049866136
36130,0.05358311
36131,0.066888295
36132,0.03620079
36133,0.066114254
36134,0.051620957
36135,0.14025924
36136,0.056331053
36137,0.16250257
36138,0.054622717
36139,0.036040295
36140,0.013688811
36141,0.37751245
36142,0.17384088
36143,0.06755463
36144,0.36808082
36145,0.3785227
36146,0.065574445
36147,0.04550629
36148,0.018284034
36149,0.021854568
36150,0.033604454
36151,0.070362166
36152,0.06276446
36153,0.08269552
36154,0.23979376
36155,0.36099675
36156,0.22040445
36157,0.041110422
36158,0.008048247
36159,0.021174677
36160,0.030827796
36161,0.22367993
36162,0.018714782
36163,0.04005865
36164,0.010245201
36165,0.06110515
36166,0.023983065
36167,0.31652948
36168,0.39078432
36169,0.07291571
36170,0.018973708
36171,0.020841066
36172,0.037102573
36173,0.049590897
36174,0.018335959
36175,0.024487859
36176,0.011457331
36177,0.096921034
36178,0.13042708
36179,0.08054207
36180,0.08692076
36181,0.056874022
36182,0.030954218
36183,0.02715868
36184,0.026211374
36185,0.029972205
36186,0.07912824
36187,0.048635155
36188,0.076184
36189,0.014249168
36190,0.030946774
36191,0.024353933
36192,0.01764722
36193,0.014308686
36194,0.021465017
36195,0.036778543
36196,0.02162296
36197,0.057970464
36198,0.3492586
36199,0.29961795
36200,0.040222287
36201,0.036167827
36202,0.033499364
36203,0.08299684
36204,0.05985318
36205,0.014389741
36206,0.048775353
36207,0.01235261
36208,0.028260432
36209,0.22857931
36210,0.023120174
36211,0.021964433
36212,0.028321432
36213,0.049645357
36214,0.052635897
36215,0.15356657
36216,0.18620728
36217,0.17182982
36218,0.051363382
36219,0.033644546
36220,0.017633386
36221,0.047205545
36222,0.04118535
36223,0.16220962
36224,0.04180521
36225,0.39379093
36226,0.08747749
36227,0.09456653
36228,0.04570309
36229,0.018933881
36230,0.05095466
36231,0.024141904
36232,0.018452615
36233,0.06678441
36234,0.04005865
36235,0.06240579
36236,0.049153484
36237,0.080297105
36238,0.15376101
36239,0.32551152
36240,0.049097896
36241,0.021847505
36242,0.065794334
36243,0.014970283
36244,0.03524376
36245,0.06541706
36246,0.046753164
36247,0.09919695
36248,0.03773356
36249,0.086610146
36250,0.03553131
36251,0.04916638
36252,0.017729582
36253,0.105734386
36254,0.009184156
36255,0.027885554
36256,0.058540646
36257,0.027747551
36258,0.021594454
36259,0.0294412
36260,0.048943654
36261,0.060383156
36262,0.097141884
36263,0.075389884
36264,0.21240705
36265,0.17121756
36266,0.15575102
36267,0.011519138
36268,0.06849394
36269,0.045479435
36270,0.03840738
36271,0.06955852
36272,0.027816374
36273,0.02056411
36274,0.043558776
36275,0.034254085
36276,0.04548964
36277,0.06684513
36278,0.04923109
36279,0.06069169
36280,0.013783884
36281,0.031905886
36282,0.086234674
36283,0.04919561
36284,0.16001956
36285,0.39292082
36286,0.07764559
36287,0.09007322
36288,0.049723126
36289,0.06097635
36290,0.057374388
36291,0.06597866
36292,0.045950674
36293,0.009136948
36294,0.018907875
36295,0.22892173
36296,0.054378018
36297,0.06492218
36298,0.04928136
36299,0.06497199
36300,0.017908962
36301,0.024379728
36302,0.018723441
36303,0.03516679
36304,0.32515886
36305,0.0542514
36306,0.03834564
36307,0.081613615
36308,0.50171417
36309,0.06862565
36310,0.013654145
36311,0.08435893
36312,0.048438646
36313,0.21805581
36314,0.31624544
36315,0.05413304
36316,0.019371878
36317,0.042114936
36318,0.04264442
36319,0.08134996
36320,0.12485862
36321,0.03566397
36322,0.21832652
36323,0.06882164
36324,0.061006792
36325,0.014410269
36326,0.019540213
36327,0.044701673
36328,0.055084933
36329,0.014322476
36330,0.09310121
36331,0.11701206
36332,0.20890386
36333,0.06736133
36334,0.027601874
36335,0.084972106
36336,0.13727102
36337,0.15575531
36338,0.046947554
36339,0.043172438
36340,0.021579646
36341,0.05217325
36342,0.38448957
36343,0.033313677
36344,0.14116187
36345,0.2568131
36346,0.13982199
36347,0.0120468
36348,0.017598273
36349,0.007878903
36350,0.034229323
36351,0.04526791
36352,0.21416184
36353,0.29579055
36354,0.06092936
36355,0.06577856
36356,0.11771946
36357,0.18707
36358,0.10352426
36359,0.1603572
36360,0.31100103
36361,0.066473015
36362,0.042688824
36363,0.08142082
36364,0.045770813
36365,0.23600638
36366,0.7181296
36367,0.038226362
36368,0.31763998
36369,0.014010203
36370,0.04062392
36371,0.17474519
36372,0.04331752
36373,0.05995201
36374,0.015206046
36375,0.036778368
36376,0.0055912053
36377,0.34670684
36378,0.033888202
36379,0.061811887
36380,0.22415797
36381,0.10921909
36382,0.1714346
36383,0.23287311
36384,0.17245309
36385,0.02438555
36386,0.22962396
36387,0.116610974
36388,0.09838434
36389,0.6881282
36390,0.3429122
36391,0.3311319
36392,0.022053447
36393,0.17944449
36394,0.051124603
36395,0.023542386
36396,0.019065186
36397,0.011032756
36398,0.010296388
36399,0.047161248
36400,0.010353379
36401,0.028710011
36402,0.04669791
36403,0.07436784
36404,0.06646237
36405,0.079149894
36406,0.07027414
36407,0.10405207
36408,0.08031719
36409,0.024353933
36410,0.08767289
36411,0.22053936
36412,0.046984065
36413,0.7218899
36414,0.7001734
36415,0.40640593
36416,0.0056217145
36417,0.022143617
36418,0.06847024
36419,0.3597062
36420,0.066256896
36421,0.016050743
36422,0.052182086
36423,0.0073917974
36424,0.008108412
36425,0.04565474
36426,0.05426415
36427,0.041851953
36428,0.30806085
36429,0.016322667
36430,0.02558829
36431,0.078846715
36432,0.081727535
36433,0.04367217
36434,0.040992297
36435,0.3094091
36436,0.06682998
36437,0.101440445
36438,0.08349087
36439,0.08162897
36440,0.7083992
36441,0.719668
36442,0.38383585
36443,0.014479539
36444,0.051148657
36445,0.022143617
36446,0.007868635
36447,0.32750002
36448,0.07620919
36449,0.22308351
36450,0.03532235
36451,0.0753646
36452,0.018467302
36453,0.07477604
36454,0.08188324
36455,0.11780731
36456,0.14538476
36457,0.37739694
36458,0.34271464
36459,0.10430528
36460,0.10390813
36461,0.06542861
36462,0.048826803
36463,0.08797703
36464,0.035456162
36465,0.027831893
36466,0.11115352
36467,0.115303166
36468,0.05508328
36469,0.08576358
36470,0.023053855
36471,0.7010166
36472,1.0036879
36473,0.6910722
36474,0.11136379
36475,0.042879887
36476,0.1578602
36477,0.33926722
36478,0.02323585
36479,0.015758349
36480,0.015228584
36481,0.07448514
36482,0.041854464
36483,0.30956966
36484,0.6205536
36485,0.05719849
36486,0.078001805
36487,0.067390196
36488,0.12105581
36489,0.058423813
36490,0.16420005
36491,0.07964882
36492,0.03103161
36493,0.07739757
36494,0.0832529
36495,0.08274327
36496,0.041773774
36497,0.36144236
36498,0.33299243
36499,0.11982269
36500,0.062006656
36501,0.08368976
36502,0.060072497
36503,0.1696786
36504,0.024959309
36505,0.03538096
36506,0.037025966
36507,0.015618183
36508,0.034775093
36509,0.037053496
36510,0.2970891
36511,0.4194183
36512,0.17302822
36513,0.15527731
36514,0.085894175
36515,0.13755018
36516,0.11922931
36517,0.38860908
36518,0.046367966
36519,0.030199511
36520,0.027902702
36521,0.11495118
36522,0.124013476
36523,0.30316678
36524,0.26984477
36525,0.23247807
36526,0.118953906
36527,0.9832129
36528,0.15030736
36529,0.017864987
36530,0.097566456
36531,0.13039348
36532,0.020051949
36533,0.04584525
36534,0.3814385
36535,0.0486602
36536,0.029161477
36537,0.02952885
36538,0.038708184
36539,0.10394102
36540,0.31851947
36541,0.2374502
36542,0.3757351
36543,0.33086044
36544,0.117633566
36545,0.11397774
36546,0.23193854
36547,0.022310458
36548,0.11882042
36549,0.061188888
36550,0.042862564
36551,0.33911648
36552,0.22703233
36553,0.04705272
36554,0.38875395
36555,0.30337355
36556,0.005058755
36557,0.066941336
36558,0.08559533
36559,0.06554542
36560,0.04366931
36561,0.010276567
36562,0.024348758
36563,0.047189303
36564,0.070701666
36565,0.067931816
36566,0.096568935
36567,0.33882084
36568,0.5780066
36569,0.33522326
36570,0.2347915
36571,0.3791587
36572,0.0750146
36573,0.01765017
36574,0.061358117
36575,0.061762094
36576,0.15727104
36577,0.1547374
36578,0.05219356
36579,0.02428922
36580,0.05169137
36581,0.10952743
36582,0.018232604
36583,0.038851995
36584,0.08197275
36585,0.014256619
36586,0.033639725
36587,0.011112188
36588,0.028131494
36589,0.056906093
36590,0.047075313
36591,0.06377414
36592,0.3068133
36593,0.22582678
36594,0.27498198
36595,0.4391362
36596,0.4205073
36597,0.23878446
36598,0.087031774
36599,0.039683197
36600,0.019130753
36601,0.044547804
36602,0.08631275
36603,0.014269983
36604,0.027572455
36605,0.63208616
36606,0.04169726
36607,0.016259898
36608,0.0486067
36609,0.04245635
36610,0.13459702
36611,0.035265356
36612,0.040992297
36613,0.015526679
36614,0.038762234
36615,0.013564673
36616,0.013841262
36617,0.024033569
36618,0.06699253
36619,0.07923459
36620,0.3870146
36621,0.32596755
36622,0.17094968
36623,0.6937186
36624,0.24399996
36625,0.28593937
36626,0.11419559
36627,0.03412978
36628,0.028165663
36629,0.028946526
36630,0.040768746
36631,0.038066898
36632,0.030438129
36633,0.052847248
36634,0.36714274
36635,0.0757004
36636,0.2125317
36637,0.026064688
36638,0.07918643
36639,0.096056804
36640,0.107530944
36641,0.22565302
36642,0.0393809
36643,0.025225583
36644,0.0074880077
36645,0.036185898
36646,0.1172133
36647,0.62314755
36648,0.30397817
36649,0.4102528
36650,0.30032328
36651,0.31577846
36652,0.121295884
36653,0.06610291
36654,0.037204165
36655,0.021989282
36656,0.03103552
36657,0.025582379
36658,0.10079193
36659,0.10309409
36660,0.064708136
36661,0.2288877
36662,0.023423411
36663,0.060648598
36664,0.3080347
36665,0.03579989
36666,0.011216272
36667,0.009199147
36668,0.08643756
36669,0.1923974
36670,0.02529224
36671,0.18547826
36672,0.13498195
36673,0.058131993
36674,0.079310805
36675,0.025579907
36676,0.074104704
36677,0.06364
36678,0.031803247
36679,0.09845197
36680,0.08715576
36681,0.036556568
36682,0.08856609
36683,0.011383228
36684,0.01448805
36685,0.114138715
36686,0.02750845
36687,0.096389934
36688,0.029882587
36689,0.037397888
36690,0.034195077
36691,0.15355346
36692,0.24243289
36693,0.41355968
36694,0.093151465
36695,0.010057728
36696,0.012091481
36697,0.018012399
36698,0.01737319
36699,0.02358125
36700,0.045703806
36701,0.053835843
36702,0.18537895
36703,0.013485552
36704,0.029620584
36705,0.013769542
36706,0.025059242
36707,0.01745677
36708,0.010971754
36709,0.021046689
36710,0.062384725
36711,0.07010944
36712,0.31882277
36713,0.013377646
36714,0.015804373
36715,0.027565299
36716,0.058444787
36717,0.07541348
36718,0.3380163
36719,0.09409177
36720,0.01169277
36721,0.008964685
36722,0.155383
36723,0.029339077
36724,0.060436156
36725,0.10273255
36726,0.018126965
36727,0.31303045
36728,0.013677922
36729,0.01567595
36730,0.022522055
36731,0.10467281
36732,0.052033287
36733,0.034062315
36734,0.01616415
36735,0.02393827
36736,0.048513435
36737,0.1939339
36738,0.025623392
36739,0.018290132
36740,0.023350652
36741,0.03631733
36742,0.04855187
36743,0.22220348
36744,0.050556548
36745,0.21863392
36746,0.076768994
36747,0.014039467
36748,0.04062392
36749,0.041754544
36750,0.12447691
36751,0.23391357
36752,0.23236598
36753,0.01594487
36754,0.06605611
36755,0.042412426
36756,0.33707452
36757,0.4542504
36758,0.09387147
36759,0.07441238
36760,0.012877379
36761,0.069830544
36762,0.04115662
36763,0.03570389
36764,0.07256501
36765,0.067177296
36766,0.08255651
36767,0.9789395
36768,0.018407349
36769,0.061620813
36770,0.06446136
36771,0.0651008
36772,0.016382253
36773,0.11976418
36774,0.38466662
36775,0.060113117
36776,0.21097104
36777,0.022378696
36778,0.06358311
36779,0.021989282
36780,0.06541824
36781,0.024029464
36782,0.021934558
36783,0.04580529
36784,0.048375443
36785,0.02278204
36786,0.017653717
36787,0.04569019
36788,0.015694566
36789,0.1486174
36790,0.036119536
36791,0.014097274
36792,0.028545845
36793,0.065839276
36794,0.08433423
36795,0.020728387
36796,0.02231696
36797,0.045797467
36798,0.63678616
36799,0.054366447
36800,0.080052815
36801,0.04305961
36802,0.03123497
36803,0.03839545
36804,0.040706586
36805,0.015150934
36806,0.3399769
36807,0.02289203
36808,0.005682357
36809,0.0035140081
36810,0.0072476757
36811,0.04173236
36812,0.14135098
36813,0.091173954
36814,0.036245264
36815,0.04134373
36816,0.22959764
36817,0.024404371
36818,0.018773172
36819,0.01918325
36820,0.03749865
36821,0.027424147
36822,0.22168641
36823,0.04921781
36824,0.014026745
36825,0.013971062
36826,0.054353006
36827,0.10965936
36828,0.07733201
36829,0.061463002
36830,0.05193801
36831,0.022629792
36832,0.044869658
36833,0.053720314
36834,0.1571526
36835,0.16395326
36836,0.0058893897
36837,0.02689899
36838,0.013388076
36839,0.011742827
36840,0.018451147
36841,0.014582003
36842,0.014376387
36843,0.021980412
36844,0.046391074
36845,0.04379249
36846,0.08686233
36847,0.012227842
36848,0.16638942
36849,0.0080779875
36850,0.23350944
36851,0.02245025
36852,0.015996553
36853,0.017680278
36854,0.0066176504
36855,0.0135435155
36856,0.025621973
36857,0.013083731
36858,0.0067359265
36859,0.046801187
36860,0.02459823
36861,0.036898203
36862,0.012361856
36863,0.038400695
36864,0.013406794
36865,0.0798342
36866,0.022712687
36867,0.040977728
36868,0.010268172
36869,0.027540147
36870,0.009139077
36871,0.014389741
36872,0.06583475
36873,0.23629561
36874,0.049056698
36875,0.052357715
36876,0.054367926
36877,0.06682371
36878,0.021928629
36879,0.06617
36880,0.014042182
36881,0.08277572
36882,0.10529848
36883,0.015832515
36884,0.022522055
36885,0.02746415
36886,0.010247475
36887,0.010484193
36888,0.0061335694
36889,0.00915137
36890,0.02819103
36891,0.010282126
36892,0.06350979
36893,0.04876789
36894,0.0026637441
36895,0.15115191
36896,0.0216224
36897,0.014090037
36898,0.0035771378
36899,0.0101355035
36900,0.041321225
36901,0.018163575
36902,0.022799443
36903,0.028832605
36904,0.025823932
36905,0.12617202
36906,0.30217198
36907,0.01779459
36908,0.10306939
36909,0.019621331
36910,0.04492038
36911,0.03097113
36912,0.051879317
36913,0.04844345
36914,0.055192724
36915,0.052872583
36916,0.03421276
36917,0.046286076
36918,0.087971896
36919,0.04970799
36920,0.034381416
36921,0.324789
36922,0.051438835
36923,0.0650592
36924,0.04658842
36925,0.22556785
36926,0.2034521
36927,0.023844846
36928,0.051643707
36929,0.013838748
36930,0.34420076
36931,0.06417094
36932,0.34964147
36933,0.081557095
36934,0.13161165
36935,0.06389654
36936,0.09500176
36937,0.009063624
36938,0.0132961925
36939,0.32622635
36940,0.028194627
36941,0.49072155
36942,0.24785545
36943,0.05164469
36944,0.24370672
36945,0.06034223
36946,0.012029287
36947,0.023857575
36948,0.016473081
36949,0.10264179
36950,0.23268361
36951,0.40218708
36952,0.3890505
36953,0.04909869
36954,0.11300558
36955,0.13798247
36956,0.049470704
36957,0.03989899
36958,0.060762633
36959,0.07799813
36960,0.030609664
36961,0.36727408
36962,0.11248766
36963,0.23972057
36964,0.42496067
36965,0.111761265
36966,0.3958668
36967,0.050789595
36968,0.19604632
36969,0.047245823
36970,0.04499736
36971,0.031645663
36972,0.06269428
36973,0.024089422
36974,0.07776076
36975,0.09096903
36976,0.07494946
36977,0.028749643
36978,0.03522552
36979,0.06601092
36980,0.249776
36981,0.041181974
36982,0.028080419
36983,0.04900413
36984,0.066406846
36985,0.035933476
36986,0.024268556
36987,0.05156994
36988,0.14704756
36989,0.06208448
36990,0.25096264
36991,0.055403393
36992,0.035713714
36993,0.022522287
36994,0.011541107
36995,0.37377486
36996,0.17611803
36997,0.012394117
36998,0.06780109
36999,0.3884548
37000,0.37940207
37001,0.0051588872
37002,0.06726327
37003,0.044884812
37004,0.018165829
37005,0.022065356
37006,0.034714255
37007,0.06951438
37008,0.06197536
37009,0.084124304
37010,0.24251975
37011,0.35926694
37012,0.05151541
37013,0.0422561
37014,0.027988588
37015,0.029804606
37016,0.22716905
37017,0.04005865
37018,0.0058118664
37019,0.060685005
37020,0.2476991
37021,0.4053898
37022,0.07324162
37023,0.01793912
37024,0.020288102
37025,0.036737375
37026,0.049849026
37027,0.024564056
37028,0.011185317
37029,0.095492
37030,0.13140582
37031,0.08054207
37032,0.08713726
37033,0.054982297
37034,0.009214679
37035,0.030954218
37036,0.027106183
37037,0.02596832
37038,0.031049753
37039,0.11827691
37040,0.04786344
37041,0.07610532
37042,0.013942129
37043,0.032111876
37044,0.024029464
37045,0.014202666
37046,0.021277903
37047,0.036624625
37048,0.022052495
37049,0.057710532
37050,0.35598263
37051,0.30860856
37052,0.038685482
37053,0.034965694
37054,0.033982877
37055,0.08327834
37056,0.060449526
37057,0.0143905515
37058,0.049402464
37059,0.014671088
37060,0.012146065
37061,0.026197428
37062,0.008914568
37063,0.13994114
37064,0.022749508
37065,0.021823725
37066,0.02786075
37067,0.04907797
37068,0.052247807
37069,0.10937146
37070,0.18748708
37071,0.16598718
37072,0.051390707
37073,0.034935255
37074,0.017501539
37075,0.047263417
37076,0.04151821
37077,0.16726728
37078,0.041684087
37079,0.39270002
37080,0.08866689
37081,0.092410825
37082,0.04589088
37083,0.043966625
37084,0.018687045
37085,0.00900557
37086,0.050013095
37087,0.007872017
37088,0.017782483
37089,0.01841375
37090,0.06579062
37091,0.040425677
37092,0.062660486
37093,0.049441222
37094,0.07761132
37095,0.15826212
37096,0.33128262
37097,0.05194103
37098,0.022001822
37099,0.06608162
37100,0.03418965
37101,0.064742744
37102,0.046858907
37103,0.09959888
37104,0.037221458
37105,0.08414653
37106,0.03521299
37107,0.030902691
37108,0.01869543
37109,0.10686458
37110,0.060006205
37111,0.027620247
37112,0.02223033
37113,0.030025776
37114,0.04869077
37115,0.06103993
37116,0.09605518
37117,0.0765497
37118,0.21336704
37119,0.16998047
37120,0.105601676
37121,0.011825601
37122,0.06922225
37123,0.010861075
37124,0.045883104
37125,0.038016595
37126,0.06871964
37127,0.028142579
37128,0.04291022
37129,0.034408003
37130,0.045423146
37131,0.06678281
37132,0.027913263
37133,0.04682278
37134,0.0076277712
37135,0.0615505
37136,0.013681693
37137,0.032022785
37138,0.08900254
37139,0.048899766
37140,0.10403754
37141,0.39339617
37142,0.07864265
37143,0.0877469
37144,0.049526617
37145,0.062295847
37146,0.057600364
37147,0.06695322
37148,0.046425108
37149,0.009002981
37150,0.009136948
37151,0.018065216
37152,0.20405534
37153,0.05751848
37154,0.06554542
37155,0.049239233
37156,0.06542893
37157,0.024042249
37158,0.018844988
37159,0.02016411
37160,0.033589903
37161,0.31933206
37162,0.053834576
37163,0.037404727
37164,0.081032194
37165,0.5121069
37166,0.06786921
37167,0.08322511
37168,0.047881152
37169,0.22364983
37170,0.3048215
37171,0.05427767
37172,0.018829288
37173,0.04150432
37174,0.04441368
37175,0.08002892
37176,0.12378499
37177,0.035682347
37178,0.22136089
37179,0.07008524
37180,0.060375344
37181,0.013965706
37182,0.01955661
37183,0.04556722
37184,0.05474724
37185,0.014111878
37186,0.09302883
37187,0.116944216
37188,0.21218596
37189,0.0651526
37190,0.02734529
37191,0.084112965
37192,0.13681097
37193,0.15709047
37194,0.047177278
37195,0.043077815
37196,0.021290455
37197,0.05217325
37198,0.3829523
37199,0.03427267
37200,0.1442202
37201,0.34327132
37202,0.13789977
37203,0.017824251
37204,0.011332059
37205,0.007963219
37206,0.034348615
37207,0.04550173
37208,0.21927737
37209,0.31667387
37210,0.06092936
37211,0.06476249
37212,0.119799845
37213,0.114229225
37214,0.10361796
37215,0.15965863
37216,0.31595135
37217,0.06559321
37218,0.018956501
37219,0.042173285
37220,0.077253416
37221,0.045919854
37222,0.23678559
37223,0.71737707
37224,0.038686983
37225,0.3286705
37226,0.014010203
37227,0.040990677
37228,0.17431006
37229,0.011962161
37230,0.043680575
37231,0.061377477
37232,0.015090287
37233,0.03644777
37234,0.33238992
37235,0.035219524
37236,0.061361905
37237,0.22984579
37238,0.10914152
37239,0.1697494
37240,0.23504005
37241,0.23243023
37242,0.023723453
37243,0.22875033
37244,0.07885761
37245,0.097982414
37246,0.716473
37247,0.3541744
37248,0.2560899
37249,0.022014583
37250,0.11469656
37251,0.051271603
37252,0.023665942
37253,0.019591339
37254,0.047263417
37255,0.0066052685
37256,0.010012591
37257,0.027109606
37258,0.04611728
37259,0.07514677
37260,0.06962177
37261,0.07891981
37262,0.06948862
37263,0.10531333
37264,0.08167747
37265,0.024369158
37266,0.08506105
37267,0.21541902
37268,0.046401743
37269,0.7013342
37270,0.6859728
37271,0.41904002
37272,0.005579589
37273,0.021952985
37274,0.01624755
37275,0.06869475
37276,0.35492408
37277,0.06597553
37278,0.05199092
37279,0.0076128333
37280,0.008304869
37281,0.04842071
37282,0.054154545
37283,0.039357554
37284,0.010856837
37285,0.31576958
37286,0.01640284
37287,0.024714552
37288,0.12235533
37289,0.08128999
37290,0.043026607
37291,0.041026924
37292,0.16196257
37293,0.07020558
37294,0.10248713
37295,0.08354964
37296,0.08130873
37297,0.6998708
37298,0.7010607
37299,0.3829242
37300,0.014074724
37301,0.051046487
37302,0.021980025
37303,0.007647198
37304,0.32391143
37305,0.07540966
37306,0.22164942
37307,0.035407025
37308,0.07579915
37309,0.018570013
37310,0.0744493
37311,0.081378125
37312,0.116682716
37313,0.1392818
37314,0.37859568
37315,0.36215535
37316,0.10314922
37317,0.10352354
37318,0.06570495
37319,0.04906421
37320,0.08671889
37321,0.03549079
37322,0.02812582
37323,0.11540505
37324,0.115687735
37325,0.05343664
37326,0.08631257
37327,0.022378696
37328,0.69165015
37329,0.9905667
37330,0.7304729
37331,0.041399363
37332,0.2944425
37333,0.34027213
37334,0.02301234
37335,0.00858172
37336,0.01584193
37337,0.015090287
37338,0.028030468
37339,0.075142525
37340,0.041368
37341,0.31299752
37342,0.61265737
37343,0.056738846
37344,0.07900934
37345,0.065601185
37346,0.12005909
37347,0.059070278
37348,0.103763334
37349,0.07888252
37350,0.03145366
37351,0.07758129
37352,0.08255028
37353,0.083578356
37354,0.041333046
37355,0.36588624
37356,0.346409
37357,0.11986529
37358,0.024189405
37359,0.08515114
37360,0.059614535
37361,0.1712781
37362,0.02555633
37363,0.03537672
37364,0.036710236
37365,0.015124914
37366,0.017675439
37367,0.034775093
37368,0.036526915
37369,0.21185769
37370,0.43570602
37371,0.17382583
37372,0.15527731
37373,0.08774051
37374,0.13730882
37375,0.11765475
37376,0.3819579
37377,0.04918009
37378,0.0277584
37379,0.113069646
37380,0.13193879
37381,0.19429044
37382,0.3792554
37383,0.23247807
37384,0.12108317
37385,0.97771096
37386,0.15391414
37387,0.09839364
37388,0.13007168
37389,0.020074658
37390,0.04660349
37391,0.38849425
37392,0.04938106
37393,0.029575787
37394,0.029101305
37395,0.038715262
37396,0.103686385
37397,0.31529018
37398,0.2419322
37399,0.26691598
37400,0.23587582
37401,0.116753444
37402,0.115367524
37403,0.22688985
37404,0.013172431
37405,0.02228751
37406,0.121500894
37407,0.06263293
37408,0.043823216
37409,0.34042385
37410,0.20449081
37411,0.04711608
37412,0.3886218
37413,0.229214
37414,0.005149464
37415,0.06538576
37416,0.08559533
37417,0.068277776
37418,0.007555196
37419,0.047189303
37420,0.07137961
37421,0.065846674
37422,0.09635444
37423,0.35017902
37424,0.60806483
37425,0.33359128
37426,0.22755125
37427,0.39238843
37428,0.075662844
37429,0.017908087
37430,0.061472572
37431,0.06172038
37432,0.10480901
37433,0.22224723
37434,0.051384408
37435,0.023928834
37436,0.052177284
37437,0.111947395
37438,0.039247382
37439,0.08088751
37440,0.01990662
37441,0.033616927
37442,0.019554505
37443,0.011118942
37444,0.027284306
37445,0.056906093
37446,0.04692457
37447,0.064038925
37448,0.3117427
37449,0.13882075
37450,0.27498198
37451,0.44331247
37452,0.4328548
37453,0.24313208
37454,0.08588443
37455,0.039683197
37456,0.043857846
37457,0.08646072
37458,0.014440906
37459,0.027797265
37460,0.630737
37461,0.041489318
37462,0.04862943
37463,0.043772038
37464,0.13873251
37465,0.034222566
37466,0.04143702
37467,0.039542276
37468,0.013564673
37469,0.013841262
37470,0.024496015
37471,0.06605049
37472,0.079239845
37473,0.38603565
37474,0.3273613
37475,0.16523018
37476,0.7045446
37477,0.3424387
37478,0.2873502
37479,0.11409861
37480,0.034746423
37481,0.027375905
37482,0.02977836
37483,0.040597115
37484,0.03710804
37485,0.029901352
37486,0.05274041
37487,0.3696245
37488,0.1078742
37489,0.24108782
37490,0.02482504
37491,0.083657674
37492,0.09570378
37493,0.11142946
37494,0.22933452
37495,0.039263107
37496,0.024623191
37497,0.035455413
37498,0.11533416
37499,0.60132957
37500,0.30617985
37501,0.41764233
37502,0.30040693
37503,0.23365201
37504,0.121294126
37505,0.06637704
37506,0.035719447
37507,0.012359654
37508,0.022259973
37509,0.011688334
37510,0.026130589
37511,0.10138397
37512,0.10298482
37513,0.064725034
37514,0.16590665
37515,0.022959458
37516,0.06048735
37517,0.30890805
37518,0.035036303
37519,0.009092365
37520,0.08575578
37521,0.19303657
37522,0.02552232
37523,0.09243894
37524,0.13411339
37525,0.058554426
37526,0.07808334
37527,0.07538617
37528,0.062811725
37529,0.030391976
37530,0.17015117
37531,0.084983155
37532,0.035684247
37533,0.009078866
37534,0.08765023
37535,0.07730262
37536,0.027068628
37537,0.09782986
37538,0.028984534
37539,0.044029433
37540,0.03437901
37541,0.15829095
37542,0.34238717
37543,0.42647383
37544,0.09098673
37545,0.010439238
37546,0.012227842
37547,0.017097183
37548,0.023665942
37549,0.04517996
37550,0.0140151195
37551,0.05386409
37552,0.11452478
37553,0.0130106155
37554,0.025370099
37555,0.013361748
37556,0.010696718
37557,0.02037563
37558,0.062604465
37559,0.0723123
37560,0.32309985
37561,0.013380148
37562,0.015962316
37563,0.027426235
37564,0.05826996
37565,0.076419465
37566,0.33546096
37567,0.09350383
37568,0.011796234
37569,0.009123433
37570,0.15621428
37571,0.014499641
37572,0.061158895
37573,0.1673368
37574,0.04404331
37575,0.010899091
37576,0.009002981
37577,0.23399815
37578,0.015773365
37579,0.022205764
37580,0.10485613
37581,0.051875718
37582,0.034002714
37583,0.02356366
37584,0.048978105
37585,0.19687675
37586,0.026242813
37587,0.018272925
37588,0.023817018
37589,0.035853527
37590,0.04905258
37591,0.21717553
37592,0.050391555
37593,0.21723104
37594,0.07635911
37595,0.025289407
37596,0.014178151
37597,0.040839117
37598,0.042613126
37599,0.024038643
37600,0.31716126
37601,0.23110233
37602,0.016422862
37603,0.06563434
37604,0.043315314
37605,0.010433284
37606,0.34722018
37607,0.48759377
37608,0.09300197
37609,0.075997874
37610,0.070504256
37611,0.041631497
37612,0.038162734
37613,0.072385274
37614,0.06683686
37615,0.07937928
37616,0.98913956
37617,0.06385715
37618,0.014272092
37619,0.06561035
37620,0.06523356
37621,0.031534873
37622,0.12164888
37623,0.38586044
37624,0.060573958
37625,0.21170588
37626,0.02224071
37627,0.016634598
37628,0.062046163
37629,0.02155391
37630,0.06396093
37631,0.02422627
37632,0.02162296
37633,0.046007376
37634,0.04783392
37635,0.022460815
37636,0.048218172
37637,0.14949344
37638,0.029760214
37639,0.035928912
37640,0.028156407
37641,0.06454259
37642,0.0896128
37643,0.02051408
37644,0.02183134
37645,0.046990912
37646,0.63122827
37647,0.05516287
37648,0.08135429
37649,0.042859256
37650,0.03153628
37651,0.038986955
37652,0.041204292
37653,0.0120691005
37654,0.25222045
37655,0.022712687
37656,0.0033470842
37657,0.0072394786
37658,0.041338332
37659,0.28424844
37660,0.008983201
37661,0.09473228
37662,0.022146454
37663,0.005181916
37664,0.04159337
37665,0.23316039
37666,0.021299848
37667,0.018846696
37668,0.018379025
37669,0.037931755
37670,0.027820205
37671,0.124140725
37672,0.050018303
37673,0.014558234
37674,0.054676823
37675,0.15817834
37676,0.07842683
37677,0.062907085
37678,0.0514285
37679,0.022822363
37680,0.045815576
37681,0.05430255
37682,0.22917537
37683,0.10574199
37684,0.005838572
37685,0.027466655
37686,0.013470901
37687,0.011356556
37688,0.018373206
37689,0.014599842
37690,0.021737652
37691,0.04596798
37692,0.043094452
37693,0.08933392
37694,0.1052619
37695,0.008012022
37696,0.31430608
37697,0.009031452
37698,0.018180452
37699,0.022520779
37700,0.011593625
37701,0.015893051
37702,0.017552415
37703,0.0066740336
37704,0.013598115
37705,0.025618065
37706,0.011737297
37707,0.0131191015
37708,0.006673408
37709,0.047523767
37710,0.0241317
37711,0.03777223
37712,0.04114562
37713,0.008074726
37714,0.0076982947
37715,0.081943795
37716,0.022554744
37717,0.040586494
37718,0.027547546
37719,0.01093771
37720,0.014283733
37721,0.066511415
37722,0.23600504
37723,0.049416192
37724,0.051905848
37725,0.05389548
37726,0.067509405
37727,0.02214816
37728,0.06535779
37729,0.014042182
37730,0.07946166
37731,0.1082605
37732,0.0156521
37733,0.011969348
37734,0.02694117
37735,0.023973757
37736,0.02231406
37737,0.0104543995
37738,0.028413976
37739,0.064815216
37740,0.04938582
37741,0.0035771106
37742,0.22483821
37743,0.017780708
37744,0.021703023
37745,0.014033096
37746,0.024550727
37747,0.042510886
37748,0.022792745
37749,0.028968249
37750,0.008933345
37751,0.010245201
37752,0.1338987
37753,0.18704215
37754,0.017768098
37755,0.07523109
37756,0.019376915
37757,0.03177191
37758,0.051610507
37759,0.050805483
37760,0.05081304
37761,0.027096946
37762,0.03410875
37763,0.056192786
37764,0.034205664
37765,0.049439397
37766,0.08642477
37767,0.044517886
37768,0.03527936
37769,0.024404837
37770,0.32310298
37771,0.051944226
37772,0.06428276
37773,0.13426599
37774,0.113942765
37775,0.024219299
37776,0.05160908
37777,0.2622158
37778,0.062602
37779,0.35369626
37780,0.08284252
37781,0.12785806
37782,0.061574604
37783,0.09199486
37784,0.12329118
37785,0.02799737
37786,0.4975717
37787,0.119966626
37788,0.04994868
37789,0.24573632
37790,0.06103796
37791,0.012090438
37792,0.024025632
37793,0.041544944
37794,0.094545655
37795,0.1363166
37796,0.3953806
37797,0.35794586
37798,0.052381076
37799,0.1132128
37800,0.13580813
37801,0.0085198255
37802,0.04939454
37803,0.04074744
37804,0.060425572
37805,0.012944107
37806,0.07729251
37807,0.02922021
37808,0.37891543
37809,0.11334212
37810,0.23179951
37811,0.40350297
37812,0.155046
37813,0.02207765
37814,0.38216284
37815,0.016573025
37816,0.05184781
37817,0.18366206
37818,0.0455046
37819,0.04495049
37820,0.031231316
37821,0.062346615
37822,0.024067078
37823,0.081404455
37824,0.0934868
37825,0.08834181
37826,0.06522427
37827,0.35126525
37828,0.042407278
37829,0.0269636
37830,0.051685706
37831,0.05341873
37832,0.066406846
37833,0.036245327
37834,0.024332374
37835,0.052081928
37836,0.1421692
37837,0.056231845
37838,0.24903613
37839,0.054665823
37840,0.035894286
37841,0.022048092
37842,0.38026735
37843,0.2903175
37844,0.067098424
37845,0.3685187
37846,0.3810943
37847,0.004957963
37848,0.066673286
37849,0.04510001
37850,0.03460214
37851,0.07153188
37852,0.060929153
37853,0.0853339
37854,0.16750652
37855,0.3598436
37856,0.05119296
37857,0.041818555
37858,0.027593808
37859,0.030305546
37860,0.22746676
37861,0.01810316
37862,0.04058811
37863,0.0100887595
37864,0.09405683
37865,0.040273245
37866,0.24098702
37867,0.39518684
37868,0.07476418
37869,0.021015164
37870,0.036906876
37871,0.049939886
37872,0.0239358
37873,0.096341655
37874,0.13084283
37875,0.082799666
37876,0.08733499
37877,0.055047844
37878,0.032080516
37879,0.02766898
37880,0.026109701
37881,0.029933335
37882,0.12659228
37883,0.048226606
37884,0.078204304
37885,0.013825109
37886,0.030411499
37887,0.024353933
37888,0.01756928
37889,0.014359812
37890,0.02183134
37891,0.036954876
37892,0.021774624
37893,0.058208942
37894,0.3328162
37895,0.31465247
37896,0.038942806
37897,0.034965694
37898,0.083604194
37899,0.060333878
37900,0.013880448
37901,0.04920927
37902,0.014442961
37903,0.14377992
37904,0.022946315
37905,0.022023806
37906,0.027426772
37907,0.048972942
37908,0.05242088
37909,0.10943491
37910,0.09273217
37911,0.16988161
37912,0.05226031
37913,0.03534838
37914,0.017462462
37915,0.047274407
37916,0.041678138
37917,0.010551049
37918,0.16435975
37919,0.041207496
37920,0.39354837
37921,0.08707308
37922,0.020602973
37923,0.09424309
37924,0.04577756
37925,0.04362879
37926,0.017397653
37927,0.009787349
37928,0.011633924
37929,0.050221723
37930,0.024271106
37931,0.017766086
37932,0.018330174
37933,0.06807984
37934,0.040315975
37935,0.06337348
37936,0.0491034
37937,0.079073094
37938,0.109318905
37939,0.32366964
37940,0.052331652
37941,0.022021972
37942,0.06461547
37943,0.015128228
37944,0.036285248
37945,0.006675074
37946,0.066339
37947,0.045796864
37948,0.10075603
37949,0.038065296
37950,0.08598261
37951,0.034743436
37952,0.049063087
37953,0.030233134
37954,0.10740247
37955,0.00913118
37956,0.059221666
37957,0.02661514
37958,0.021730106
37959,0.029769937
37960,0.048638467
37961,0.06070722
37962,0.09661451
37963,0.07570965
37964,0.21545354
37965,0.17121756
37966,0.106469214
37967,0.011511055
37968,0.069302626
37969,0.011013362
37970,0.04609674
37971,0.037328944
37972,0.06854725
37973,0.02809559
37974,0.021096295
37975,0.043782912
37976,0.03430171
37977,0.04440306
37978,0.066998
37979,0.027834691
37980,0.04707711
37981,0.0052906834
37982,0.06056611
37983,0.013369415
37984,0.03165756
37985,0.16792469
37986,0.049927123
37987,0.10481249
37988,0.38770628
37989,0.07950052
37990,0.08830622
37991,0.049486212
37992,0.062306102
37993,0.05801963
37994,0.06810106
37995,0.04606317
37996,0.009106345
37997,0.01846726
37998,0.23434763
37999,0.056668196
38000,0.06612031
38001,0.04896023
38002,0.06526103
38003,0.017952446
38004,0.023987181
38005,0.01882065
38006,0.020273175
38007,0.034432758
38008,0.328612
38009,0.054274198
38010,0.038641524
38011,0.081613615
38012,0.5007673
38013,0.06864217
38014,0.013857603
38015,0.08602841
38016,0.048692975
38017,0.21915326
38018,0.3110385
38019,0.05464191
38020,0.018987231
38021,0.04121446
38022,0.042686544
38023,0.0812637
38024,0.12371885
38025,0.036464453
38026,0.13777147
38027,0.069915995
38028,0.061205547
38029,0.014410269
38030,0.01966563
38031,0.0448771
38032,0.054962438
38033,0.014287106
38034,0.093218416
38035,0.1179164
38036,0.20303692
38037,0.06489266
38038,0.027548784
38039,0.081693925
38040,0.13685627
38041,0.22112413
38042,0.046862304
38043,0.043846093
38044,0.021487262
38045,0.053058274
38046,0.39276916
38047,0.032331992
38048,0.13950503
38049,0.32848224
38050,0.1394673
38051,0.01787428
38052,0.01175476
38053,0.007836777
38054,0.033306483
38055,0.04412461
38056,0.21636039
38057,0.301443
38058,0.06036021
38059,0.06561674
38060,0.121822424
38061,0.1153043
38062,0.10389381
38063,0.15972647
38064,0.30898294
38065,0.065571
38066,0.042755242
38067,0.07812976
38068,0.046301134
38069,0.18551712
38070,0.70832485
38071,0.03781801
38072,0.31967932
38073,0.040839117
38074,0.17133501
38075,0.011962161
38076,0.043853648
38077,0.06255985
38078,0.014819873
38079,0.03720352
38080,0.34786552
38081,0.034655854
38082,0.062027074
38083,0.22918183
38084,0.111005455
38085,0.17147215
38086,0.23253006
38087,0.22954687
38088,0.024299208
38089,0.1300416
38090,0.07854303
38091,0.09894366
38092,0.69704884
38093,0.36480644
38094,0.25566074
38095,0.021886323
38096,0.11574594
38097,0.05163455
38098,0.01842033
38099,0.046878144
38100,0.006609505
38101,0.010256619
38102,0.027848793
38103,0.047365222
38104,0.075097196
38105,0.06946243
38106,0.08136917
38107,0.06908169
38108,0.10503751
38109,0.081436776
38110,0.024029464
38111,0.08896995
38112,0.13961397
38113,0.018407349
38114,0.04764746
38115,0.69596684
38116,0.7061228
38117,0.41226408
38118,0.005618453
38119,0.021569781
38120,0.016386358
38121,0.06802767
38122,0.3664602
38123,0.06674928
38124,0.05231932
38125,0.0075177327
38126,0.00802304
38127,0.045999046
38128,0.055889476
38129,0.041198365
38130,0.010951861
38131,0.30964392
38132,0.016461475
38133,0.024675688
38134,0.078563266
38135,0.080691025
38136,0.043187354
38137,0.041207496
38138,0.1550766
38139,0.06520693
38140,0.10354477
38141,0.08395631
38142,0.08043148
38143,0.69393486
38144,0.69829845
38145,0.39074326
38146,0.050756127
38147,0.02225301
38148,0.32811204
38149,0.07651064
38150,0.21820273
38151,0.03562239
38152,0.075304985
38153,0.018582994
38154,0.07576897
38155,0.08088992
38156,0.1179164
38157,0.14398408
38158,0.38102114
38159,0.3563297
38160,0.10321671
38161,0.10343491
38162,0.06554963
38163,0.048933383
38164,0.088188805
38165,0.03642371
38166,0.027794858
38167,0.020840539
38168,0.11175518
38169,0.11583698
38170,0.05462377
38171,0.08532434
38172,0.022618065
38173,0.70523906
38174,0.99839133
38175,0.6768831
38176,0.04127417
38177,0.15756552
38178,0.34544417
38179,0.023556212
38180,0.008385094
38181,0.028330414
38182,0.074493445
38183,0.041511003
38184,0.23544465
38185,0.64348733
38186,0.057471305
38187,0.07802052
38188,0.0661017
38189,0.12031952
38190,0.060138423
38191,0.10434161
38192,0.08146115
38193,0.0319357
38194,0.07791422
38195,0.08174843
38196,0.082934156
38197,0.041869175
38198,0.021168295
38199,0.3618791
38200,0.24489947
38201,0.12038201
38202,0.06073651
38203,0.023214623
38204,0.082564116
38205,0.060242876
38206,0.1712781
38207,0.026115978
38208,0.03562076
38209,0.037818976
38210,0.015051422
38211,0.017768098
38212,0.034920923
38213,0.03735571
38214,0.2169904
38215,0.42722237
38216,0.17346182
38217,0.23002328
38218,0.08584921
38219,0.13993736
38220,0.11802227
38221,0.39159906
38222,0.04881015
38223,0.027779954
38224,0.11362897
38225,0.13258912
38226,0.29607767
38227,0.37221056
38228,0.23004022
38229,0.12187691
38230,0.979968
38231,0.15355483
38232,0.09843212
38233,0.22723998
38234,0.01968745
38235,0.045467775
38236,0.38765204
38237,0.049277764
38238,0.03007314
38239,0.02956348
38240,0.038923383
38241,0.10624342
38242,0.317489
38243,0.23660286
38244,0.378295
38245,0.23709564
38246,0.11803096
38247,0.11673668
38248,0.23165655
38249,0.012761223
38250,0.123446524
38251,0.062465817
38252,0.04371449
38253,0.34381655
38254,0.23147628
38255,0.047180533
38256,0.39821574
38257,0.22941743
38258,0.06679159
38259,0.088413306
38260,0.06392346
38261,0.0428282
38262,0.023977488
38263,0.047067646
38264,0.07043908
38265,0.06695068
38266,0.09708274
38267,0.34812063
38268,0.57728285
38269,0.33190826
38270,0.23076573
38271,0.41667277
38272,0.0761795
38273,0.017422028
38274,0.061687768
38275,0.061032366
38276,0.105051234
38277,0.22298032
38278,0.051760267
38279,0.023959115
38280,0.05192704
38281,0.1101546
38282,0.018154664
38283,0.039698854
38284,0.08115165
38285,0.020215923
38286,0.014464857
38287,0.033543278
38288,0.011090523
38289,0.02822409
38290,0.057032734
38291,0.04729051
38292,0.064528115
38293,0.214281
38294,0.22082254
38295,0.27453017
38296,0.43759608
38297,0.43283752
38298,0.24160838
38299,0.088200554
38300,0.039532345
38301,0.019343406
38302,0.043376062
38303,0.08895324
38304,0.027869817
38305,0.61406887
38306,0.041467737
38307,0.016475825
38308,0.049501926
38309,0.043017097
38310,0.26279992
38311,0.033440966
38312,0.040937528
38313,0.010785717
38314,0.04007033
38315,0.014117356
38316,0.024513884
38317,0.067745745
38318,0.080129996
38319,0.39030194
38320,0.31800884
38321,0.1669748
38322,0.71035856
38323,0.33833846
38324,0.28527188
38325,0.11576701
38326,0.034280445
38327,0.027797265
38328,0.029529579
38329,0.041530706
38330,0.037246488
38331,0.02930404
38332,0.053062446
38333,0.36850408
38334,0.10902663
38335,0.22932987
38336,0.025617007
38337,0.13468252
38338,0.09611431
38339,0.10967061
38340,0.12957619
38341,0.039709393
38342,0.02576218
38343,0.035633326
38344,0.11552996
38345,0.6158775
38346,0.30358216
38347,0.41852093
38348,0.30733916
38349,0.23084737
38350,0.12185345
38351,0.06753863
38352,0.012087244
38353,0.02155391
38354,0.011326983
38355,0.012263212
38356,0.10292336
38357,0.10434186
38358,0.06293344
38359,0.22975695
38360,0.023543825
38361,0.060658753
38362,0.23008607
38363,0.03480366
38364,0.011172469
38365,0.009153604
38366,0.08704547
38367,0.19411336
38368,0.02552232
38369,0.09167417
38370,0.13741912
38371,0.058793545
38372,0.07842771
38373,0.025685428
38374,0.07555945
38375,0.0643566
38376,0.031146303
38377,0.17408954
38378,0.086531855
38379,0.036139827
38380,0.008872319
38381,0.0884715
38382,0.011519677
38383,0.07849293
38384,0.035076674
38385,0.02901982
38386,0.09808627
38387,0.029569395
38388,0.03757096
38389,0.034435663
38390,0.15967698
38391,0.23964274
38392,0.40798694
38393,0.09377864
38394,0.012263212
38395,0.01729399
38396,0.023704806
38397,0.043856192
38398,0.013922934
38399,0.05395373
38400,0.11507672
38401,0.013269736
38402,0.025848182
38403,0.01773375
38404,0.023494082
38405,0.0649788
38406,0.07089625
38407,0.32633117
38408,0.013072226
38409,0.01613004
38410,0.0274419
38411,0.05877015
38412,0.076573186
38413,0.35329148
38414,0.09565393
38415,0.009056528
38416,0.15452774
38417,0.061327416
38418,0.10318493
38419,0.04468847
38420,0.010762465
38421,0.23487861
38422,0.02248319
38423,0.10567305
38424,0.05203226
38425,0.033697635
38426,0.016116673
38427,0.023322353
38428,0.04951447
38429,0.24560624
38430,0.025236066
38431,0.017825332
38432,0.02385347
38433,0.035894286
38434,0.04937407
38435,0.22247998
38436,0.0514216
38437,0.1461664
38438,0.07747391
38439,0.02529224
38440,0.042342763
38441,0.024505004
38442,0.20047447
38443,0.30795926
38444,0.016445572
38445,0.06532263
38446,0.042675763
38447,0.0104455585
38448,0.32832325
38449,0.45011535
38450,0.09300197
38451,0.07496792
38452,0.012741221
38453,0.070504256
38454,0.04158937
38455,0.038345832
38456,0.071937606
38457,0.067091554
38458,0.082119755
38459,0.9902366
38460,0.06138059
38461,0.014559296
38462,0.06539512
38463,0.06491536
38464,0.016250083
38465,0.031534873
38466,0.11827478
38467,0.38561547
38468,0.060640186
38469,0.21131752
38470,0.022411386
38471,0.063243166
38472,0.009060402
38473,0.021798667
38474,0.0659896
38475,0.02392026
38476,0.022178842
38477,0.0460495
38478,0.048594885
38479,0.022740863
38480,0.045901027
38481,0.012243249
38482,0.015820988
38483,0.1491412
38484,0.03187161
38485,0.03585542
38486,0.06448223
38487,0.0886019
38488,0.021989282
38489,0.04542565
38490,0.590637
38491,0.05498912
38492,0.080052815
38493,0.042772934
38494,0.031899575
38495,0.037341908
38496,0.039485812
38497,0.0121840425
38498,0.25416982
38499,0.022556683
38500,0.0073210006
38501,0.014790607
38502,0.04179214
38503,0.28385934
38504,0.018856749
38505,0.092013635
38506,0.036211442
38507,0.040998805
38508,0.30197772
38509,0.02610697
38510,0.018773172
38511,0.019437501
38512,0.037755974
38513,0.026690602
38514,0.12626101
38515,0.049638424
38516,0.013971062
38517,0.05495048
38518,0.15250689
38519,0.07834292
38520,0.06288934
38521,0.05189662
38522,0.022076359
38523,0.045138784
38524,0.015759742
38525,0.05449495
38526,0.15625906
38527,0.16395326
38528,0.0059219077
38529,0.027527606
38530,0.013299978
38531,0.011548554
38532,0.018428437
38533,0.014471418
38534,0.0139278555
38535,0.021731608
38536,0.04495622
38537,0.04300491
38538,0.08800706
38539,0.106123954
38540,0.23388562
38541,0.022560576
38542,0.011667071
38543,0.016094036
38544,0.017639482
38545,0.006719546
38546,0.013096395
38547,0.048166115
38548,0.023973757
38549,0.03726074
38550,0.04045383
38551,0.013546309
38552,0.08187358
38553,0.022554744
38554,0.041235052
38555,0.010217754
38556,0.026690602
38557,0.014231079
38558,0.06423439
38559,0.23847188
38560,0.048904136
38561,0.051905848
38562,0.05461775
38563,0.06661653
38564,0.021951353
38565,0.06535779
38566,0.01412042
38567,0.08250044
38568,0.10715313
38569,0.015642442
38570,0.027494157
38571,0.028054893
38572,0.024137337
38573,0.022751933
38574,0.01052632
38575,0.028353022
38576,0.065258086
38577,0.049027123
38578,0.027824078
38579,0.15240128
38580,0.021774577
38581,0.043057356
38582,0.02251588
38583,0.028832605
38584,0.025488066
38585,0.13508883
38586,0.114576615
38587,0.01777815
38588,0.075640894
38589,0.01445783
38590,0.019624848
38591,0.04656408
38592,0.019636402
38593,0.030306261
38594,0.05247814
38595,0.028551389
38596,0.03215442
38597,0.047997423
38598,0.033913553
38599,0.048266016
38600,0.085058786
38601,0.03377332
38602,0.026714306
38603,0.32157037
38604,0.050982416
38605,0.06503269
38606,0.23290136
38607,0.19030663
38608,0.024005331
38609,0.045410182
38610,0.25826412
38611,0.06554799
38612,0.34894568
38613,0.07396257
38614,0.25165123
38615,0.058274515
38616,0.008869479
38617,0.013477675
38618,0.010769848
38619,0.12031867
38620,0.52616125
38621,0.2354691
38622,0.04912946
38623,0.30645567
38624,0.057624266
38625,0.023559507
38626,0.016272359
38627,0.10056855
38628,0.13740039
38629,0.39720094
38630,0.39550874
38631,0.048864532
38632,0.06319086
38633,0.15750161
38634,0.1363308
38635,0.04892228
38636,0.040039368
38637,0.057050236
38638,0.01261923
38639,0.07892468
38640,0.3669892
38641,0.15418212
38642,0.22825778
38643,0.40310073
38644,0.101841
38645,0.02190204
38646,0.41021848
38647,0.050948657
38648,0.18473653
38649,0.04361838
38650,0.04331061
38651,0.031168351
38652,0.06023649
38653,0.07874486
38654,0.0975165
38655,0.07075517
38656,0.027770607
38657,0.06459231
38658,0.36753446
38659,0.040700193
38660,0.048760872
38661,0.050681524
38662,0.06754444
38663,0.03474659
38664,0.052189387
38665,0.14059946
38666,0.25429115
38667,0.052143488
38668,0.09628565
38669,0.03474659
38670,0.022287894
38671,0.3913451
38672,0.09702863
38673,0.06815015
38674,0.3756716
38675,0.38743553
38676,0.066313095
38677,0.043948438
38678,0.017655114
38679,0.014354084
38680,0.033472102
38681,0.059319872
38682,0.08491249
38683,0.24317004
38684,0.364571
38685,0.051554583
38686,0.040746976
38687,0.007870994
38688,0.030835588
38689,0.22611755
38690,0.017736578
38691,0.039557237
38692,0.057949416
38693,0.04381
38694,0.024203906
38695,0.23250385
38696,0.3942459
38697,0.07644891
38698,0.020697923
38699,0.036205254
38700,0.050162554
38701,0.008750192
38702,0.017436096
38703,0.02804017
38704,0.09590946
38705,0.12906353
38706,0.083413735
38707,0.08882312
38708,0.054617167
38709,0.02716349
38710,0.030742917
38711,0.11420422
38712,0.048354458
38713,0.0771975
38714,0.013326793
38715,0.031624977
38716,0.024183204
38717,0.017234057
38718,0.013749847
38719,0.022093862
38720,0.0361826
38721,0.022131842
38722,0.054368727
38723,0.3595649
38724,0.30768314
38725,0.037850093
38726,0.034541883
38727,0.032297764
38728,0.08359636
38729,0.058239643
38730,0.04863697
38731,0.013990939
38732,0.025907697
38733,0.14377685
38734,0.022661043
38735,0.02193495
38736,0.027270945
38737,0.049203757
38738,0.05243945
38739,0.10910668
38740,0.18971546
38741,0.16970101
38742,0.051184
38743,0.033556443
38744,0.016907724
38745,0.047024846
38746,0.04058578
38747,0.01024842
38748,0.15686576
38749,0.04074232
38750,0.38741454
38751,0.087124065
38752,0.09402891
38753,0.04476431
38754,0.042740814
38755,0.049134035
38756,0.02374193
38757,0.018991066
38758,0.017045064
38759,0.017968062
38760,0.06793898
38761,0.03988187
38762,0.06255067
38763,0.04864963
38764,0.08042413
38765,0.107063994
38766,0.34463078
38767,0.050655156
38768,0.021964027
38769,0.06586297
38770,0.01457879
38771,0.034298994
38772,0.06808118
38773,0.04549776
38774,0.099013455
38775,0.03625636
38776,0.08403525
38777,0.04820006
38778,0.029741708
38779,0.017763237
38780,0.10481346
38781,0.009059712
38782,0.02748752
38783,0.058107678
38784,0.026990954
38785,0.021812
38786,0.028877437
38787,0.048095237
38788,0.059972037
38789,0.09723602
38790,0.07616701
38791,0.14227846
38792,0.17499962
38793,0.15029699
38794,0.011679202
38795,0.07086425
38796,0.04609457
38797,0.036028363
38798,0.06930797
38799,0.042727955
38800,0.03379856
38801,0.044973493
38802,0.06812954
38803,0.027522117
38804,0.04623816
38805,0.058454927
38806,0.013279788
38807,0.030911226
38808,0.16505162
38809,0.049390785
38810,0.10503194
38811,0.31612846
38812,0.078649454
38813,0.08793251
38814,0.049484555
38815,0.060573142
38816,0.0570912
38817,0.06732538
38818,0.04465679
38819,0.0088381395
38820,0.018197862
38821,0.23430954
38822,0.05628329
38823,0.0663754
38824,0.04831337
38825,0.065093115
38826,0.023186948
38827,0.01846203
38828,0.03234667
38829,0.22588417
38830,0.05372338
38831,0.038439725
38832,0.08223647
38833,0.5157385
38834,0.06948452
38835,0.013589603
38836,0.08343628
38837,0.048179034
38838,0.15783244
38839,0.31350675
38840,0.055740792
38841,0.01933406
38842,0.041212484
38843,0.041744407
38844,0.08113189
38845,0.12130728
38846,0.03428437
38847,0.13724129
38848,0.06957618
38849,0.05948422
38850,0.013603496
38851,0.01903638
38852,0.04471256
38853,0.054865867
38854,0.01373378
38855,0.09359256
38856,0.11483997
38857,0.21163167
38858,0.064974405
38859,0.027504547
38860,0.08562918
38861,0.13755473
38862,0.15385044
38863,0.04673654
38864,0.042265426
38865,0.021784259
38866,0.008699953
38867,0.051704705
38868,0.3816065
38869,0.03305648
38870,0.14025572
38871,0.3305983
38872,0.13347594
38873,0.017599925
38874,0.007838775
38875,0.033743583
38876,0.045712102
38877,0.2964163
38878,0.22368453
38879,0.06005118
38880,0.06503692
38881,0.116618745
38882,0.11217395
38883,0.10390025
38884,0.1603078
38885,0.31201205
38886,0.06687938
38887,0.041295342
38888,0.07783768
38889,0.045442782
38890,0.23794135
38891,0.71848613
38892,0.23903263
38893,0.013590124
38894,0.07036659
38895,0.17226383
38896,0.0137335155
38897,0.0123347435
38898,0.042820994
38899,0.06105374
38900,0.01434424
38901,0.035931222
38902,0.34798956
38903,0.03345391
38904,0.06098753
38905,0.22946304
38906,0.10845637
38907,0.17143993
38908,0.3245414
38909,0.16737473
38910,0.024413072
38911,0.12966263
38912,0.079098545
38913,0.0981009
38914,0.7244697
38915,0.2596935
38916,0.25743884
38917,0.021954702
38918,0.11413243
38919,0.050926562
38920,0.019075245
38921,0.010969205
38922,0.047348686
38923,0.0064638425
38924,0.010084256
38925,0.027306559
38926,0.04641516
38927,0.0741797
38928,0.06913323
38929,0.0800598
38930,0.070178315
38931,0.10353926
38932,0.08166875
38933,0.08780862
38934,0.21652153
38935,0.017635204
38936,0.045742005
38937,0.72392017
38938,0.7148695
38939,0.41674885
38940,0.015717754
38941,0.07056881
38942,0.36208805
38943,0.067999505
38944,0.05186026
38945,0.04558173
38946,0.05476977
38947,0.040020734
38948,0.010891525
38949,0.31584245
38950,0.015599469
38951,0.025280602
38952,0.07959592
38953,0.0810934
38954,0.04384808
38955,0.041199308
38956,0.15442841
38957,0.06702131
38958,0.107441984
38959,0.08362754
38960,0.08145269
38961,0.68950105
38962,0.718926
38963,0.3952482
38964,0.049757604
38965,0.02160868
38966,0.32596317
38967,0.07657376
38968,0.22425489
38969,0.035011943
38970,0.076711364
38971,0.017938463
38972,0.07708732
38973,0.084003426
38974,0.11760638
38975,0.13758509
38976,0.37738365
38977,0.33859077
38978,0.10081351
38979,0.10415116
38980,0.06785418
38981,0.04821941
38982,0.08869727
38983,0.034889996
38984,0.026931174
38985,0.10892881
38986,0.1133972
38987,0.05274887
38988,0.08373951
38989,0.022548312
38990,0.7105228
38991,0.99471366
38992,0.730695
38993,0.10607718
38994,0.042897575
38995,0.1537388
38996,0.011062633
38997,0.34039563
38998,0.02399262
38999,0.015000411
39000,0.028327364
39001,0.07543787
39002,0.04064996
39003,0.3127163
39004,0.66138124
39005,0.057247594
39006,0.07984097
39007,0.0674487
39008,0.11984727
39009,0.057830404
39010,0.1617975
39011,0.08253184
39012,0.030424284
39013,0.07853285
39014,0.08445148
39015,0.08258224
39016,0.040638857
39017,0.020904271
39018,0.269098
39019,0.24639352
39020,0.11743596
39021,0.0844589
39022,0.058365453
39023,0.17069171
39024,0.024502268
39025,0.034638137
39026,0.017087137
39027,0.033890564
39028,0.03594688
39029,0.30453074
39030,0.4261472
39031,0.17103408
39032,0.15442814
39033,0.15757948
39034,0.13714233
39035,0.116235234
39036,0.37971142
39037,0.046021625
39038,0.029696457
39039,0.027428214
39040,0.11329977
39041,0.12978032
39042,0.29449072
39043,0.2660647
39044,0.18115525
39045,0.11971153
39046,0.99313
39047,0.10735944
39048,0.17955153
39049,0.12388369
39050,0.019594727
39051,0.045595042
39052,0.27722523
39053,0.049010903
39054,0.028430488
39055,0.02901786
39056,0.038034923
39057,0.104397394
39058,0.31941026
39059,0.24144745
39060,0.27412653
39061,0.23924026
39062,0.115006536
39063,0.11375835
39064,0.23272327
39065,0.022047492
39066,0.11883005
39067,0.060375594
39068,0.043002766
39069,0.33996886
39070,0.23123354
39071,0.04551318
39072,0.39036006
39073,0.22953567
39074,0.06647474
39075,0.08733799
39076,0.06362251
39077,0.043191012
39078,0.02382406
39079,0.046530608
39080,0.0735523
39081,0.06783527
39082,0.099254645
39083,0.3368983
39084,0.5779926
39085,0.34611526
39086,0.304706
39087,0.3374598
39088,0.07637727
39089,0.017123781
39090,0.060208548
39091,0.05892565
39092,0.10473719
39093,0.22627723
39094,0.052059833
39095,0.023665152
39096,0.049603123
39097,0.1074842
39098,0.038206276
39099,0.079570465
39100,0.019297855
39101,0.03287755
39102,0.018363738
39103,0.010684203
39104,0.026205223
39105,0.05564816
39106,0.04659654
39107,0.063072875
39108,0.3165625
39109,0.21818185
39110,0.26532322
39111,0.4259915
39112,0.4111775
39113,0.24172662
39114,0.08695321
39115,0.038372267
39116,0.018978937
39117,0.04302321
39118,0.08846208
39119,0.02748752
39120,0.5949122
39121,0.041298985
39122,0.016313966
39123,0.047701955
39124,0.04281382
39125,0.2813488
39126,0.03272112
39127,0.041066952
39128,0.014794271
39129,0.039467968
39130,0.013645689
39131,0.013437524
39132,0.024161804
39133,0.06814243
39134,0.0800567
39135,0.3813501
39136,0.32934806
39137,0.2848112
39138,0.7070351
39139,0.34352285
39140,0.27926937
39141,0.11189405
39142,0.027148152
39143,0.029308144
39144,0.0398271
39145,0.03605842
39146,0.029266264
39147,0.051892012
39148,0.35625225
39149,0.077525035
39150,0.23471007
39151,0.025018599
39152,0.08331033
39153,0.09762221
39154,0.1075804
39155,0.1291759
39156,0.038403463
39157,0.025157684
39158,0.007399476
39159,0.035083562
39160,0.1146674
39161,0.6235345
39162,0.30400628
39163,0.40378335
39164,0.30765897
39165,0.23763219
39166,0.12422503
39167,0.06822057
39168,0.011922376
39169,0.021651972
39170,0.011449045
39171,0.030193118
39172,0.10164933
39173,0.10096632
39174,0.06700124
39175,0.16884522
39176,0.022695772
39177,0.058820125
39178,0.23103788
39179,0.034092885
39180,0.08593115
39181,0.19246444
39182,0.09180826
39183,0.13641913
39184,0.05762282
39185,0.07883552
39186,0.077620305
39187,0.06406207
39188,0.032437984
39189,0.09904824
39190,0.08429381
39191,0.008657826
39192,0.087824926
39193,0.010818514
39194,0.07822019
39195,0.034925174
39196,0.02714063
39197,0.097159915
39198,0.029647239
39199,0.036917735
39200,0.03362326
39201,0.15571123
39202,0.24382061
39203,0.3947575
39204,0.08664113
39205,0.012071401
39206,0.017423626
39207,0.01696003
39208,0.023959422
39209,0.042977497
39210,0.053221114
39211,0.11417168
39212,0.024939852
39213,0.025502374
39214,0.017179016
39215,0.010737887
39216,0.021409353
39217,0.060729586
39218,0.072742596
39219,0.33057356
39220,0.013266041
39221,0.015194404
39222,0.027082913
39223,0.057516485
39224,0.07521058
39225,0.3515632
39226,0.09371792
39227,0.011611626
39228,0.160755
39229,0.029088352
39230,0.013990939
39231,0.059648417
39232,0.103395805
39233,0.008901851
39234,0.23667184
39235,0.022652807
39236,0.10488808
39237,0.05170655
39238,0.03403283
39239,0.015345189
39240,0.022923019
39241,0.048140336
39242,0.32710025
39243,0.026162112
39244,0.017215362
39245,0.023487216
39246,0.03637419
39247,0.048680097
39248,0.14319173
39249,0.05079412
39250,0.2188656
39251,0.07830593
39252,0.024488635
39253,0.04081319
39254,0.0400056
39255,0.024133813
39256,0.23274378
39257,0.31505358
39258,0.0661817
39259,0.04216245
39260,0.33585462
39261,0.46965995
39262,0.09465057
39263,0.07661827
39264,0.012851237
39265,0.07101314
39266,0.040848296
39267,0.035393566
39268,0.07356094
39269,0.06430186
39270,0.08228622
39271,0.99215204
39272,0.062682375
39273,0.06567923
39274,0.06412012
39275,0.030648166
39276,0.11947711
39277,0.3804751
39278,0.058901828
39279,0.11768162
39280,0.022041386
39281,0.06289268
39282,0.021732591
39283,0.0646843
39284,0.023485
39285,0.00616974
39286,0.021744557
39287,0.045592736
39288,0.04768331
39289,0.022235997
39290,0.04644786
39291,0.012163539
39292,0.0149330795
39293,0.14902121
39294,0.030795293
39295,0.03550389
39296,0.027089417
39297,0.06606003
39298,0.08593193
39299,0.046044745
39300,0.62511784
39301,0.053419907
39302,0.08118313
39303,0.04156535
39304,0.02970798
39305,0.03766664
39306,0.04085373
39307,0.011866039
39308,0.01435943
39309,0.2552388
39310,0.022664618
39311,0.007280107
39312,0.00894396
39313,0.07987533
39314,0.018088836
39315,0.09272425
39316,0.03488061
39317,0.04080019
39318,0.30115542
39319,0.02426007
39320,0.01824678
39321,0.019225566
39322,0.03681474
39323,0.026848694
39324,0.121169224
39325,0.048544
39326,0.011618567
39327,0.005667461
39328,0.054241184
39329,0.15343133
39330,0.076233044
39331,0.05998807
39332,0.050901316
39333,0.022531047
39334,0.04473526
39335,0.051156048
39336,0.22603998
39337,0.10463648
39338,0.012893489
39339,0.014657346
39340,0.010422329
39341,0.007433513
39342,0.013603496
39343,0.013770666
39344,0.013633073
39345,0.02216299
39346,0.046264425
39347,0.042929914
39348,0.08829162
39349,0.1047665
39350,0.23459953
39351,0.01832859
39352,0.02239037
39353,0.011342701
39354,0.015270823
39355,0.017111337
39356,0.013541334
39357,0.025728267
39358,0.011101498
39359,0.012537617
39360,0.0075219236
39361,0.046298306
39362,0.036489297
39363,0.011462601
39364,0.039779343
39365,0.08194413
39366,0.040380552
39367,0.026821775
39368,0.013986006
39369,0.067385286
39370,0.010094354
39371,0.3262584
39372,0.04813494
39373,0.050360534
39374,0.05383992
39375,0.013431496
39376,0.0666396
39377,0.021704467
39378,0.009248411
39379,0.06516466
39380,0.013549321
39381,0.08166961
39382,0.103966914
39383,0.027219038
39384,0.02705372
39385,0.023710076
39386,0.012138324
39387,0.010002692
39388,0.028233659
39389,0.00709142
39390,0.06414646
39391,0.04819627
39392,0.15050824
39393,0.021677768
39394,0.024995089
39395,0.04277472
39396,0.02254541
39397,0.014326325
39398,0.028537214
39399,0.025902133
39400,0.22619297
39401,0.18816002
39402,0.017168185
39403,0.077628486
39404,0.013680183
39405,0.019127889
39406,0.046191342
39407,0.019597538
39408,0.047467012
39409,0.04704092
39410,0.053548533
39411,0.027945427
39412,0.04073823
39413,0.034296695
39414,0.041796457
39415,0.08607227
39416,0.047468465
39417,0.033854254
39418,0.027318437
39419,0.22820613
39420,0.04352314
39421,0.065100536
39422,0.044970248
39423,0.12329542
39424,0.20086001
39425,0.024191072
39426,0.04203574
39427,0.254501
39428,0.063259214
39429,0.2445449
39430,0.25701988
39431,0.055131655
39432,0.026941083
39433,0.0025507887
39434,0.01329556
39435,0.01369349
39436,0.11914907
39437,0.02701082
39438,0.4978302
39439,0.124227345
39440,0.04760995
39441,0.2326374
39442,0.058470566
39443,0.012071401
39444,0.02295238
39445,0.102024555
39446,0.13267359
39447,0.38865826
39448,0.3915963
39449,0.045670968
39450,0.063404314
39451,0.10251878
39452,0.21943304
39453,0.008399241
39454,0.048970256
39455,0.03882882
39456,0.0580605
39457,0.07662882
39458,0.37294036
39459,0.11271123
39460,0.23251309
39461,0.38923955
39462,0.15422565
39463,0.022018641
39464,0.38384417
39465,0.051370904
39466,0.18544756
39467,0.04226774
39468,0.04441038
39469,0.02978419
39470,0.061455272
39471,0.083273955
39472,0.0932454
39473,0.08166874
39474,0.05920389
39475,0.3647289
39476,0.04136238
39477,0.027341502
39478,0.050355002
39479,0.056471337
39480,0.06801333
39481,0.03555883
39482,0.044191413
39483,0.024004681
39484,0.050207745
39485,0.13606963
39486,0.1620888
39487,0.035107486
39488,0.011430105
39489,0.38239723
39490,0.10004475
39491,0.09557345
39492,0.37497365
39493,0.37533352
39494,0.0051085437
39495,0.06668231
39496,0.04360437
39497,0.014309213
39498,0.033747386
39499,0.064947
39500,0.060798805
39501,0.07952737
39502,0.16886011
39503,0.36190477
39504,0.015726816
39505,0.04739344
39506,0.039861728
39507,0.029205112
39508,0.22388181
39509,0.040328026
39510,0.05609872
39511,0.042454027
39512,0.12153027
39513,0.3883295
39514,0.075711824
39515,0.018202221
39516,0.020737873
39517,0.03601884
39518,0.049835704
39519,0.017922796
39520,0.024450997
39521,0.0963035
39522,0.12616302
39523,0.083425604
39524,0.08872614
39525,0.054514997
39526,0.030325634
39527,0.026896948
39528,0.025794901
39529,0.030742917
39530,0.07793389
39531,0.047901362
39532,0.07755647
39533,0.013289303
39534,0.03058387
39535,0.023498632
39536,0.013345522
39537,0.021929398
39538,0.036383897
39539,0.02176722
39540,0.056799505
39541,0.33821344
39542,0.30572125
39543,0.039473396
39544,0.034254514
39545,0.08433365
39546,0.058239643
39547,0.013817921
39548,0.048679095
39549,0.025568807
39550,0.13877441
39551,0.022861548
39552,0.021904549
39553,0.027270945
39554,0.0054938765
39555,0.049203757
39556,0.05224706
39557,0.1519161
39558,0.28677306
39559,0.17016996
39560,0.051210966
39561,0.033076957
39562,0.017088376
39563,0.046443224
39564,0.041455965
39565,0.010160006
39566,0.29729244
39567,0.040700193
39568,0.39382944
39569,0.08846522
39570,0.011496185
39571,0.09571193
39572,0.04432739
39573,0.04303117
39574,0.008830614
39575,0.049976822
39576,0.025297048
39577,0.018913126
39578,0.017304007
39579,0.017897876
39580,0.0655216
39581,0.040328026
39582,0.06165832
39583,0.049275532
39584,0.081279986
39585,0.15366161
39586,0.33220205
39587,0.051577162
39588,0.06490666
39589,0.013956938
39590,0.034444854
39591,0.067433596
39592,0.04521151
39593,0.09836595
39594,0.03698038
39595,0.084085844
39596,0.034416325
39597,0.016978037
39598,0.017994672
39599,0.104667954
39600,0.008955552
39601,0.05755024
39602,0.02719222
39603,0.022171399
39604,0.030091317
39605,0.04815681
39606,0.05905019
39607,0.09685941
39608,0.07663438
39609,0.21503557
39610,0.168445
39611,0.104966655
39612,0.011393234
39613,0.069972694
39614,0.010726597
39615,0.044791173
39616,0.036884576
39617,0.069748886
39618,0.02818045
39619,0.020697432
39620,0.043143507
39621,0.033062577
39622,0.011922376
39623,0.06860847
39624,0.0456759
39625,0.058133326
39626,0.031485785
39627,0.16754569
39628,0.049194276
39629,0.10430236
39630,0.31312203
39631,0.077730455
39632,0.089316845
39633,0.048975464
39634,0.060342804
39635,0.056802724
39636,0.06803663
39637,0.04502934
39638,0.018214254
39639,0.2342996
39640,0.053932864
39641,0.066835225
39642,0.04842088
39643,0.06405851
39644,0.023693874
39645,0.019446082
39646,0.033197183
39647,0.32660243
39648,0.053187653
39649,0.03840953
39650,0.08257355
39651,0.5072191
39652,0.069005586
39653,0.013492067
39654,0.0822449
39655,0.047878586
39656,0.22111349
39657,0.31801876
39658,0.054260172
39659,0.019221622
39660,0.04165837
39661,0.04197128
39662,0.080059566
39663,0.21886767
39664,0.034893043
39665,0.14174572
39666,0.06993599
39667,0.05881809
39668,0.018805731
39669,0.04445612
39670,0.054621942
39671,0.013503464
39672,0.09373317
39673,0.11431952
39674,0.20164788
39675,0.0652629
39676,0.026134579
39677,0.08363074
39678,0.13713774
39679,0.22293667
39680,0.046424374
39681,0.021304067
39682,0.008573991
39683,0.051426265
39684,0.4103139
39685,0.03272112
39686,0.14268064
39687,0.34644026
39688,0.13690613
39689,0.011652578
39690,0.007719902
39691,0.034004923
39692,0.044738088
39693,0.29544508
39694,0.2188964
39695,0.059919946
39696,0.064532906
39697,0.11839279
39698,0.11317442
39699,0.102449805
39700,0.15884379
39701,0.23046657
39702,0.06648899
39703,0.042688668
39704,0.079358056
39705,0.045442782
39706,0.18391702
39707,0.7050123
39708,0.036323294
39709,0.2377668
39710,0.04016463
39711,0.17190611
39712,0.011797965
39713,0.041834664
39714,0.060506403
39715,0.0146934865
39716,0.035665326
39717,0.34885934
39718,0.034261126
39719,0.058366142
39720,0.22497037
39721,0.108439475
39722,0.17086017
39723,0.23664184
39724,0.16844924
39725,0.024129115
39726,0.13144328
39727,0.07849701
39728,0.101221345
39729,0.71568483
39730,0.35760385
39731,0.2558207
39732,0.022984404
39733,0.114737056
39734,0.050884437
39735,0.022821708
39736,0.01878213
39737,0.017832011
39738,0.046674356
39739,0.0064057964
39740,0.009989151
39741,0.026694918
39742,0.04616791
39743,0.07498745
39744,0.06970608
39745,0.07976305
39746,0.069973156
39747,0.10331316
39748,0.08130875
39749,0.08741546
39750,0.13561608
39751,0.017479504
39752,0.046083335
39753,0.72057676
39754,0.71437615
39755,0.41448632
39756,0.021920735
39757,0.015776388
39758,0.0711444
39759,0.3680575
39760,0.067908876
39761,0.0074016005
39762,0.045554277
39763,0.054057803
39764,0.04155824
39765,0.3150076
39766,0.015931679
39767,0.025421774
39768,0.079753
39769,0.08061852
39770,0.04578186
39771,0.040984284
39772,0.2881107
39773,0.06829289
39774,0.101325385
39775,0.08260375
39776,0.08140404
39777,0.69045013
39778,0.71762204
39779,0.38453424
39780,0.050016504
39781,0.02220757
39782,0.007919584
39783,0.3358721
39784,0.0763545
39785,0.16042785
39786,0.03448362
39787,0.0755788
39788,0.017880041
39789,0.074898645
39790,0.08153894
39791,0.11653544
39792,0.1446868
39793,0.382011
39794,0.34714448
39795,0.10099186
39796,0.10403247
39797,0.064982906
39798,0.04817572
39799,0.08912526
39800,0.033437904
39801,0.02713114
39802,0.02179711
39803,0.10918702
39804,0.11328076
39805,0.082949646
39806,0.022544207
39807,0.70819676
39808,1.0002159
39809,0.7138597
39810,0.04221949
39811,0.10604386
39812,0.011433119
39813,0.3459851
39814,0.023497202
39815,0.015148381
39816,0.014672884
39817,0.028020797
39818,0.07516527
39819,0.03922344
39820,0.30775666
39821,0.64313656
39822,0.057080075
39823,0.07991629
39824,0.067115106
39825,0.12027269
39826,0.05792131
39827,0.103520155
39828,0.081410505
39829,0.030048735
39830,0.077433646
39831,0.082334414
39832,0.08300078
39833,0.27496096
39834,0.24687523
39835,0.11895432
39836,0.06113023
39837,0.08414528
39838,0.058261454
39839,0.17002697
39840,0.025312133
39841,0.034888238
39842,0.036838852
39843,0.014319729
39844,0.016971378
39845,0.033488356
39846,0.036080625
39847,0.21504818
39848,0.42560512
39849,0.17323124
39850,0.15367399
39851,0.088026114
39852,0.13728316
39853,0.119722076
39854,0.39139143
39855,0.045828555
39856,0.030400956
39857,0.11425773
39858,0.12952389
39859,0.18562034
39860,0.3654476
39861,0.18693572
39862,0.11532436
39863,0.98701143
39864,0.10974166
39865,0.017119616
39866,0.17596583
39867,0.12546632
39868,0.019246383
39869,0.37499774
39870,0.048774227
39871,0.029043667
39872,0.02868778
39873,0.038034923
39874,0.1046127
39875,0.32227227
39876,0.23819448
39877,0.26990026
39878,0.23788053
39879,0.11630493
39880,0.1138074
39881,0.23264247
39882,0.022162091
39883,0.12095955
39884,0.060793843
39885,0.04271276
39886,0.34648332
39887,0.22828212
39888,0.38034552
39889,0.22972211
39890,0.06807564
39891,0.08613672
39892,0.06573306
39893,0.041884672
39894,0.0135338735
39895,0.023791531
39896,0.04589246
39897,0.072497256
39898,0.06751102
39899,0.17024043
39900,0.34924662
39901,0.60985285
39902,0.34771135
39903,0.23120798
39904,0.37970752
39905,0.07544511
39906,0.059251778
39907,0.059601948
39908,0.10444325
39909,0.22300054
39910,0.05211659
39911,0.023428284
39912,0.04950453
39913,0.107225984
39914,0.038206276
39915,0.0791572
39916,0.019564029
39917,0.010810214
39918,0.027006071
39919,0.05580214
39920,0.046755325
39921,0.06298307
39922,0.21671893
39923,0.21858811
39924,0.27375713
39925,0.43898153
39926,0.41431105
39927,0.24175258
39928,0.08692366
39929,0.037815467
39930,0.019020014
39931,0.042587586
39932,0.088297404
39933,0.027113523
39934,0.62212265
39935,0.040960435
39936,0.016062662
39937,0.04881713
39938,0.042483207
39939,0.2795168
39940,0.03310307
39941,0.041175004
39942,0.014991081
39943,0.038447108
39944,0.013357269
39945,0.013656735
39946,0.023971172
39947,0.066736236
39948,0.07967523
39949,0.38336062
39950,0.326784
39951,0.28092727
39952,0.7139836
39953,0.34325865
39954,0.28335726
39955,0.11339291
39956,0.027886918
39957,0.028320681
39958,0.04081801
39959,0.036774147
39960,0.029522676
39961,0.051849887
39962,0.35457358
39963,0.07621975
39964,0.2322778
39965,0.025532702
39966,0.08275364
39967,0.09765061
39968,0.10690355
39969,0.1273344
39970,0.038403463
39971,0.025245974
39972,0.03495326
39973,0.114558294
39974,0.590255
39975,0.30435833
39976,0.3972295
39977,0.30123568
39978,0.2355158
39979,0.12060796
39980,0.067864336
39981,0.021935035
39982,0.030640319
39983,0.025718065
39984,0.10252401
39985,0.09954499
39986,0.17050669
39987,0.023164077
39988,0.058926273
39989,0.23082563
39990,0.03590849
39991,0.086340114
39992,0.11377052
39993,0.025414871
39994,0.09395628
39995,0.13872461
39996,0.056752235
39997,0.0781541
39998,0.025600297
39999,0.07655172
40000,0.06171213
40001,0.030593075
40002,0.097621135
40003,0.08393785
40004,0.08685407
40005,0.011392182
40006,0.07871856
40007,0.034240637
40008,0.02777805
40009,0.0970595
40010,0.029245654
40011,0.037000835
40012,0.033662125
40013,0.15684588
40014,0.2420407
40015,0.41303968
40016,0.090672016
40017,0.017265683
40018,0.017123781
40019,0.02367256
40020,0.044498768
40021,0.053724796
40022,0.11326973
40023,0.013164159
40024,0.025234284
40025,0.022834456
40026,0.060425572
40027,0.07220307
40028,0.32315686
40029,0.013095118
40030,0.015407579
40031,0.026746728
40032,0.057049006
40033,0.07701046
40034,0.3428384
40035,0.0957672
40036,0.11102235
40037,0.03019635
40038,0.014083595
40039,0.058339722
40040,0.1664844
40041,0.04345612
40042,0.23543
40043,0.026046667
40044,0.022462174
40045,0.10710993
40046,0.05099009
40047,0.03356978
40048,0.023553498
40049,0.048771825
40050,0.2472826
40051,0.026166348
40052,0.017966753
40053,0.023756314
40054,0.03493191
40055,0.04908617
40056,0.21555321
40057,0.050050326
40058,0.14620584
40059,0.076688305
40060,0.025380129
40061,0.014150275
40062,0.040949285
40063,0.041832574
40064,0.02444994
40065,0.23302247
40066,0.2274435
40067,0.015615397
40068,0.06558671
40069,0.04280801
40070,0.009998544
40071,0.3413728
40072,0.44227487
40073,0.09273602
40074,0.075897686
40075,0.012678432
40076,0.07135037
40077,0.040697124
40078,0.03708433
40079,0.07236795
40080,0.06568452
40081,0.08240174
40082,0.98954654
40083,0.05986095
40084,0.0653501
40085,0.06344013
40086,0.01563758
40087,0.02991834
40088,0.11943071
40089,0.37811857
40090,0.057613917
40091,0.117843874
40092,0.022318816
40093,0.06106118
40094,0.02149403
40095,0.06507479
40096,0.023782253
40097,0.004962257
40098,0.022320604
40099,0.045640834
40100,0.047472835
40101,0.022197133
40102,0.01696017
40103,0.045792356
40104,0.0117697995
40105,0.14834036
40106,0.02987621
40107,0.033232916
40108,0.01346399
40109,0.026866363
40110,0.06721632
40111,0.08671732
40112,0.02079734
40113,0.046405558
40114,0.61856323
40115,0.05402183
40116,0.080125704
40117,0.02970798
40118,0.037393197
40119,0.013266863
40120,0.2562486
40121,0.022620117
40122,0.005528478
40123,0.003197609
40124,0.0070146658
40125,0.08220374
40126,0.09293008
40127,0.30699757
40128,0.02426007
40129,0.018805731
40130,0.011499971
40131,0.0363571
40132,0.026940983
40133,0.12556054
40134,0.04800696
40135,0.0039632684
40136,0.0117616765
40137,0.053250078
40138,0.10911111
40139,0.07732174
40140,0.060711183
40141,0.050943777
40142,0.022727855
40143,0.042648807
40144,0.05149371
40145,0.15558513
40146,0.10516456
40147,0.013298535
40148,0.011379449
40149,0.0102858795
40150,0.017973024
40151,0.013605046
40152,0.008696691
40153,0.0138052935
40154,0.013714893
40155,0.021714693
40156,0.04446253
40157,0.04325384
40158,0.086777136
40159,0.011919115
40160,0.105624445
40161,0.23459953
40162,0.008916687
40163,0.022815103
40164,0.011093974
40165,0.0064589144
40166,0.013580202
40167,0.025448553
40168,0.012971874
40169,0.0361461
40170,0.012053128
40171,0.039865527
40172,0.07975165
40173,0.0227622
40174,0.04000748
40175,0.010057981
40176,0.027343709
40177,0.013571538
40178,0.06595548
40179,0.3230729
40180,0.04862213
40181,0.051709518
40182,0.053374678
40183,0.06711119
40184,0.021955816
40185,0.008994656
40186,0.06573314
40187,0.013661985
40188,0.081382945
40189,0.105615154
40190,0.01478064
40191,0.022429502
40192,0.026531242
40193,0.0276705
40194,0.023710076
40195,0.010225371
40196,0.027878592
40197,0.0070567923
40198,0.06544172
40199,0.048291624
40200,0.14922804
40201,0.012739245
40202,0.021675829
40203,0.02551884
40204,0.013306657
40205,0.042129155
40206,0.022620117
40207,0.029326899
40208,0.1342055
40209,0.18349208
40210,0.077270724
40211,0.017750805
40212,0.044133633
40213,0.019657005
40214,0.03017165
40215,0.04676358
40216,0.028712185
40217,0.047078125
40218,0.051655274
40219,0.028304346
40220,0.031257406
40221,0.04258844
40222,0.033880197
40223,0.040519226
40224,0.08090415
40225,0.0449731
40226,0.034258045
40227,0.027317382
40228,0.23359416
40229,0.04606265
40230,0.104757555
40231,0.13055299
40232,0.113668054
40233,0.043472525
40234,0.15593494
40235,0.3458172
40236,0.06642061
40237,0.12542981
40238,0.054954425
40239,0.026248857
40240,0.018059958
40241,0.013349206
40242,0.12095783
40243,0.51144034
40244,0.11762451
40245,0.048205405
40246,0.044560514
40247,0.12450465
40248,0.057767987
40249,0.023195602
40250,0.041042067
40251,0.094933316
40252,0.13267359
40253,0.40088296
40254,0.39304104
40255,0.045496628
40256,0.058959465
40257,0.10204165
40258,0.22723196
40259,0.049023923
40260,0.057537828
40261,0.07228464
40262,0.029807165
40263,0.38021824
40264,0.11077975
40265,0.13754493
40266,0.4018216
40267,0.15971316
40268,0.021936668
40269,0.3817052
40270,0.051480494
40271,0.1928223
40272,0.042571504
40273,0.030410029
40274,0.058790125
40275,0.07995343
40276,0.09437352
40277,0.0821794
40278,0.027101487
40279,0.06367933
40280,0.36910197
40281,0.04155244
40282,0.047977462
40283,0.067433596
40284,0.035873957
40285,0.023532141
40286,0.050532613
40287,0.14791758
40288,0.1620888
40289,0.03535322
40290,0.27627188
40291,0.17937453
40292,0.06769519
40293,0.40308973
40294,0.38533524
40295,0.004923392
40296,0.06550188
40297,0.043218393
40298,0.0217661
40299,0.014147134
40300,0.0058104238
40301,0.034139384
40302,0.06565263
40303,0.057028558
40304,0.08385916
40305,0.17195185
40306,0.37377197
40307,0.018397415
40308,0.040446807
40309,0.02870775
40310,0.29785603
40311,0.040328026
40312,0.05335864
40313,0.039485425
40314,0.023752356
40315,0.124748915
40316,0.40550497
40317,0.07714968
40318,0.018164726
40319,0.020954594
40320,0.036127064
40321,0.050457854
40322,0.017797383
40323,0.0964074
40324,0.13170479
40325,0.08262276
40326,0.08756125
40327,0.052381016
40328,0.026883902
40329,0.026436705
40330,0.029322853
40331,0.079836205
40332,0.048354458
40333,0.07754258
40334,0.013274296
40335,0.031564616
40336,0.023932308
40337,0.01707254
40338,0.013457201
40339,0.021963619
40340,0.036064405
40341,0.05521431
40342,0.33928987
40343,0.3050606
40344,0.03873803
40345,0.03471047
40346,0.032940432
40347,0.082183786
40348,0.05818585
40349,0.0137010375
40350,0.048835915
40351,0.025529943
40352,0.22115102
40353,0.02258042
40354,0.021904549
40355,0.026284631
40356,0.048779514
40357,0.05105184
40358,0.11208205
40359,0.18984051
40360,0.16976003
40361,0.05139559
40362,0.034609005
40363,0.017026832
40364,0.046828337
40365,0.04040143
40366,0.15889731
40367,0.04134875
40368,0.38483816
40369,0.08717932
40370,0.09376427
40371,0.04515008
40372,0.048834354
40373,0.017917011
40374,0.066436015
40375,0.061446346
40376,0.048529197
40377,0.08111059
40378,0.15427579
40379,0.34576082
40380,0.049826954
40381,0.02214143
40382,0.06586062
40383,0.014172427
40384,0.06765374
40385,0.042637486
40386,0.09906871
40387,0.035800476
40388,0.08327904
40389,0.033800017
40390,0.04916351
40391,0.029156992
40392,0.017938463
40393,0.1052008
40394,0.009058946
40395,0.05772735
40396,0.02731194
40397,0.021807764
40398,0.028777255
40399,0.048104312
40400,0.058239944
40401,0.096274994
40402,0.07654374
40403,0.21515618
40404,0.09834622
40405,0.10521036
40406,0.011557708
40407,0.07004292
40408,0.04609457
40409,0.03749019
40410,0.07017525
40411,0.026264189
40412,0.042413693
40413,0.03355175
40414,0.045307655
40415,0.0683784
40416,0.027641939
40417,0.046387453
40418,0.05759971
40419,0.03122091
40420,0.086041994
40421,0.048721034
40422,0.10428278
40423,0.4057398
40424,0.077891305
40425,0.08761505
40426,0.048639704
40427,0.060275823
40428,0.056348164
40429,0.06790051
40430,0.044738088
40431,0.018163202
40432,0.2303248
40433,0.05643673
40434,0.0661463
40435,0.048250135
40436,0.06539718
40437,0.024274558
40438,0.03278729
40439,0.24097253
40440,0.053222567
40441,0.037800174
40442,0.08272047
40443,0.5098134
40444,0.06873715
40445,0.013554544
40446,0.0809592
40447,0.04815795
40448,0.15531735
40449,0.23575966
40450,0.05391604
40451,0.019448604
40452,0.04066503
40453,0.039248433
40454,0.082245976
40455,0.2191566
40456,0.033310793
40457,0.14067076
40458,0.07055462
40459,0.058443267
40460,0.013778724
40461,0.013501914
40462,0.01898115
40463,0.04510046
40464,0.054626063
40465,0.013418336
40466,0.09510299
40467,0.115363106
40468,0.1996439
40469,0.06512094
40470,0.028127482
40471,0.08406644
40472,0.13168295
40473,0.22196026
40474,0.047348686
40475,0.042620275
40476,0.008699953
40477,0.054498024
40478,0.38179663
40479,0.032362174
40480,0.13904853
40481,0.33488852
40482,0.13680986
40483,0.03395206
40484,0.045712102
40485,0.2160608
40486,0.22043121
40487,0.058907874
40488,0.0659545
40489,0.119060956
40490,0.11270416
40491,0.10379325
40492,0.15930834
40493,0.2304781
40494,0.06542567
40495,0.04228825
40496,0.078723975
40497,0.045664087
40498,0.1837996
40499,0.7138154
40500,0.037100762
40501,0.23924316
40502,0.013731181
40503,0.04044714
40504,0.1729807
40505,0.042820994
40506,0.06226478
40507,0.014763671
40508,0.036010552
40509,0.350571
40510,0.03340942
40511,0.059841633
40512,0.15198316
40513,0.108006805
40514,0.17182419
40515,0.23789145
40516,0.1689385
40517,0.024624534
40518,0.12980358
40519,0.07818028
40520,0.10047575
40521,0.7158678
40522,0.35596833
40523,0.25409424
40524,0.02198933
40525,0.11366995
40526,0.007920567
40527,0.05023699
40528,0.01793568
40529,0.046530608
40530,0.006437137
40531,0.009915379
40532,0.028014297
40533,0.04570361
40534,0.07536093
40535,0.069556944
40536,0.07944391
40537,0.0692863
40538,0.102101184
40539,0.080348566
40540,0.023971172
40541,0.08592792
40542,0.21827298
40543,0.046387494
40544,0.7239959
40545,0.7057628
40546,0.4063717
40547,0.021618916
40548,0.07120871
40549,0.37526283
40550,0.06733647
40551,0.051639512
40552,0.0075519076
40553,0.045185298
40554,0.054737315
40555,0.039841734
40556,0.010599889
40557,0.31232375
40558,0.015677407
40559,0.025245974
40560,0.08090626
40561,0.08145791
40562,0.042858634
40563,0.041078255
40564,0.10615521
40565,0.067734055
40566,0.097644724
40567,0.08324958
40568,0.08067314
40569,0.6916399
40570,0.7155121
40571,0.38457778
40572,0.0483613
40573,0.021556184
40574,0.007516957
40575,0.32688698
40576,0.07540873
40577,0.21942325
40578,0.034831684
40579,0.07547106
40580,0.075313285
40581,0.08274314
40582,0.11452729
40583,0.14335471
40584,0.37117544
40585,0.34464493
40586,0.100513875
40587,0.10237079
40588,0.065130875
40589,0.047498677
40590,0.08561166
40591,0.033417244
40592,0.027148152
40593,0.02151972
40594,0.10669884
40595,0.11160567
40596,0.05313072
40597,0.08287853
40598,0.022318816
40599,0.6883153
40600,0.99885285
40601,0.7104336
40602,0.04004517
40603,0.10183489
40604,0.011062633
40605,0.33181196
40606,0.023442477
40607,0.015231959
40608,0.028327364
40609,0.075175226
40610,0.040926255
40611,0.31294024
40612,0.6426325
40613,0.054722425
40614,0.08046854
40615,0.06757869
40616,0.11923695
40617,0.056127932
40618,0.101879664
40619,0.0799236
40620,0.02928231
40621,0.07715212
40622,0.081740424
40623,0.08310458
40624,0.04073393
40625,0.26853734
40626,0.19521186
40627,0.11791077
40628,0.059608154
40629,0.023760445
40630,0.082516156
40631,0.058212742
40632,0.16911897
40633,0.025157684
40634,0.03470272
40635,0.034817107
40636,0.014480314
40637,0.0168353
40638,0.03344949
40639,0.034984786
40640,0.21496141
40641,0.42182052
40642,0.17152844
40643,0.22652209
40644,0.086561546
40645,0.13821416
40646,0.11507566
40647,0.37850994
40648,0.04813259
40649,0.030821757
40650,0.027730282
40651,0.11190332
40652,0.12951665
40653,0.19013536
40654,0.37813404
40655,0.18162712
40656,0.1184408
40657,0.98159
40658,0.104536995
40659,0.01719979
40660,0.096497506
40661,0.21850082
40662,0.019462077
40663,0.045200095
40664,0.38677058
40665,0.047980417
40666,0.029253986
40667,0.030275209
40668,0.03777071
40669,0.102158844
40670,0.32183677
40671,0.32514343
40672,0.27196968
40673,0.2360892
40674,0.11452729
40675,0.11114873
40676,0.23069616
40677,0.1198662
40678,0.05986751
40679,0.04310242
40680,0.34080234
40681,0.22535777
40682,0.04587298
40683,0.3823548
40684,0.22705574
40685,0.065665506
40686,0.084882334
40687,0.06469513
40688,0.042479787
40689,0.013596743
40690,0.024122244
40691,0.045729928
40692,0.07112256
40693,0.06779341
40694,0.09603128
40695,0.34799117
40696,0.5978948
40697,0.24661045
40698,0.2292757
40699,0.37951076
40700,0.07538347
40701,0.017169025
40702,0.0590035
40703,0.057762723
40704,0.10392536
40705,0.22300054
40706,0.052138295
40707,0.02327034
40708,0.050423164
40709,0.1049256
40710,0.037507355
40711,0.08020455
40712,0.019219734
40713,0.032679588
40714,0.01835929
40715,0.019446082
40716,0.010686092
40717,0.026755119
40718,0.05387686
40719,0.04639553
40720,0.062481724
40721,0.21555792
40722,0.1363795
40723,0.27806213
40724,0.4461638
40725,0.4105813
40726,0.23807585
40727,0.0849494
40728,0.03850466
40729,0.01898115
40730,0.041769523
40731,0.0853476
40732,0.6208091
40733,0.04133639
40734,0.01635283
40735,0.048027128
40736,0.041756038
40737,0.13717814
40738,0.032759987
40739,0.040768944
40740,0.016425472
40741,0.038554464
40742,0.023971172
40743,0.0674107
40744,0.07980624
40745,0.3815126
40746,0.3218471
40747,0.28117046
40748,0.7120645
40749,0.24360867
40750,0.2830331
40751,0.110312045
40752,0.026888205
40753,0.040106785
40754,0.03623982
40755,0.029982243
40756,0.051497173
40757,0.36445317
40758,0.07568074
40759,0.23407954
40760,0.024972644
40761,0.08291427
40762,0.095827386
40763,0.103773005
40764,0.13260566
40765,0.038243383
40766,0.024541132
40767,0.034646064
40768,0.112225525
40769,0.6164408
40770,0.30684665
40771,0.41092715
40772,0.29497707
40773,0.18889141
40774,0.11795178
40775,0.0680298
40776,0.030411962
40777,0.011976917
40778,0.021957982
40779,0.011648701
40780,0.030580973
40781,0.09840891
40782,0.09641144
40783,0.06578078
40784,0.16924751
40785,0.023491472
40786,0.058328144
40787,0.23156595
40788,0.034202244
40789,0.08645632
40790,0.11134888
40791,0.025157684
40792,0.0021190003
40793,0.09109827
40794,0.13649333
40795,0.05596602
40796,0.07879673
40797,0.07602967
40798,0.06231817
40799,0.031372856
40800,0.09742222
40801,0.08396029
40802,0.03442263
40803,0.008806735
40804,0.085307
40805,0.0112076
40806,0.07912143
40807,0.028636597
40808,0.09642892
40809,0.029274056
40810,0.03669154
40811,0.033149716
40812,0.15429299
40813,0.24171697
40814,0.40748423
40815,0.08730923
40816,0.023780014
40817,0.04396184
40818,0.013822692
40819,0.053708505
40820,0.11169497
40821,0.012851881
40822,0.02408894
40823,0.016537134
40824,0.010642862
40825,0.022866907
40826,0.06064589
40827,0.07130767
40828,0.3229326
40829,0.013345006
40830,0.015430286
40831,0.027022552
40832,0.05694148
40833,0.07572537
40834,0.24628848
40835,0.19829662
40836,0.011637594
40837,0.15194699
40838,0.03134104
40839,0.013721792
40840,0.05750008
40841,0.16681997
40842,0.043815784
40843,0.18058774
40844,0.022456
40845,0.10284491
40846,0.05092458
40847,0.033164
40848,0.015407184
40849,0.023271998
40850,0.048127323
40851,0.19302563
40852,0.026127484
40853,0.017815426
40854,0.02376195
40855,0.03522807
40856,0.048476093
40857,0.2155208
40858,0.049478192
40859,0.22048126
40860,0.07735447
40861,0.025192313
40862,0.040743906
40863,0.02408169
40864,0.2340283
40865,0.017380195
40866,0.22576529
40867,0.015611981
40868,0.06509715
40869,0.042003877
40870,0.009998544
40871,0.3406068
40872,0.44882134
40873,0.091793545
40874,0.07611671
40875,0.012526728
40876,0.069459096
40877,0.040943958
40878,0.035338275
40879,0.07236795
40880,0.0659545
40881,0.081836626
40882,0.98258126
40883,0.06084134
40884,0.013342856
40885,0.06455653
40886,0.061568495
40887,0.01563758
40888,0.03076384
40889,0.11775015
40890,0.30511367
40891,0.056345556
40892,0.116104275
40893,0.0612498
40894,0.02176528
40895,0.06457961
40896,0.023831092
40897,0.021804145
40898,0.044383764
40899,0.047373682
40900,0.020387765
40901,0.04486694
40902,0.012015109
40903,0.22412194
40904,0.029665241
40905,0.034768518
40906,0.013615637
40907,0.027332349
40908,0.06502695
40909,0.086337104
40910,0.02054309
40911,0.045165468
40912,0.6362278
40913,0.0532382
40914,0.08025493
40915,0.041947275
40916,0.029815407
40917,0.036461275
40918,0.040660907
40919,0.012091993
40920,0.014398295
40921,0.25618187
40922,0.022809677
40923,0.005620319
40924,0.0071141724
40925,0.082172655
40926,0.018088836
40927,0.09073466
40928,0.03454443
40929,0.040489458
40930,0.22820997
40931,0.024298934
40932,0.018277673
40933,0.018936437
40934,0.03700713
40935,0.027661754
40936,0.12374869
40937,0.048344247
40938,0.0117616765
40939,0.013719015
40940,0.053612433
40941,0.106231935
40942,0.0779791
40943,0.059445493
40944,0.049445845
40945,0.022727855
40946,0.044744782
40947,0.015256113
40948,0.052022617
40949,0.15642457
40950,0.10325319
40951,0.00884298
40952,0.021510024
40953,0.044907168
40954,0.042620286
40955,0.08527642
40956,0.012071401
40957,0.10354168
40958,0.23203082
40959,0.01749699
40960,0.022548312
40961,0.016733455
40962,0.025452659
40963,0.043906223
40964,0.023315264
40965,0.03649312
40966,0.012203197
40967,0.03968282
40968,0.081574745
40969,0.022664618
40970,0.040198434
40971,0.0074935975
40972,0.027235689
40973,0.06657044
40974,0.23845609
40975,0.04839523
40976,0.05169668
40977,0.053683724
40978,0.06577289
40979,0.021955816
40980,0.008966975
40981,0.06560534
40982,0.013718263
40983,0.077612
40984,0.0068242205
40985,0.10289047
40986,0.014741775
40987,0.027314385
40988,0.0100246705
40989,0.008914349
40990,0.027580848
40991,0.06458589
40992,0.047191095
40993,0.15019163
40994,0.02151488
40995,0.04244758
40996,0.022648701
40997,0.028933246
40998,0.24375203
40999,0.18684028
41000,0.077120125
41001,0.043747254
41002,0.023401212
41003,0.043123577
41004,0.052126385
41005,0.028146746
41006,0.039857935
41007,0.0440267
41008,0.122360975
41009,0.04542241
41010,0.06541404
41011,0.121620946
41012,0.10818493
41013,0.024277868
41014,0.04244664
41015,0.1578886
41016,0.19201066
41017,0.06598484
41018,0.12825014
41019,0.054303013
41020,0.013540226
41021,0.12275034
41022,0.026417525
41023,0.4907045
41024,0.11786446
41025,0.24561436
41026,0.055998616
41027,0.040690046
41028,0.029923942
41029,0.015963055
41030,0.13114423
41031,0.39177185
41032,0.38768667
41033,0.043150403
41034,0.061745062
41035,0.023503378
41036,0.10085125
41037,0.13635169
41038,0.0488317
41039,0.038718816
41040,0.055989604
41041,0.076909006
41042,0.2695666
41043,0.10791678
41044,0.13488965
41045,0.39853984
41046,0.14856732
41047,0.38442007
41048,0.050988726
41049,0.18249752
41050,0.043724917
41051,0.030031987
41052,0.060867846
41053,0.08240254
41054,0.09046566
41055,0.07746724
41056,0.027953617
41057,0.030791756
41058,0.06400418
41059,0.25037748
41060,0.04125345
41061,0.027600845
41062,0.04749192
41063,0.06748509
41064,0.035328902
41065,0.050263036
41066,0.14089519
41067,0.1650925
41068,0.034565307
41069,0.013688725
41070,0.18650477
41071,0.09749156
41072,0.067414194
41073,0.3742697
41074,0.37679198
41075,0.06473401
41076,0.042100646
41077,0.01401243
41078,0.033747386
41079,0.05859453
41080,0.07749028
41081,0.17166334
41082,0.3709443
41083,0.017527837
41084,0.0410488
41085,0.026821775
41086,0.021550931
41087,0.029984681
41088,0.15286891
41089,0.039289735
41090,0.055538233
41091,0.038276207
41092,0.12433521
41093,0.38881978
41094,0.07765706
41095,0.018482605
41096,0.0204717
41097,0.035493746
41098,0.048955634
41099,0.09494076
41100,0.12927838
41101,0.0819605
41102,0.08627007
41103,0.053982627
41104,0.030394962
41105,0.027115671
41106,0.026253873
41107,0.02987723
41108,0.07780413
41109,0.04794266
41110,0.07711151
41111,0.0136145875
41112,0.030594025
41113,0.024129115
41114,0.016924571
41115,0.013715119
41116,0.02207148
41117,0.035850003
41118,0.02176528
41119,0.054404166
41120,0.36226967
41121,0.30934966
41122,0.03750584
41123,0.033838153
41124,0.082749225
41125,0.056594267
41126,0.014008478
41127,0.048526287
41128,0.014005099
41129,0.025502374
41130,0.22725582
41131,0.022695672
41132,0.021350628
41133,0.026896948
41134,0.049093634
41135,0.052081726
41136,0.10595727
41137,0.18496427
41138,0.16933896
41139,0.050776
41140,0.03382027
41141,0.01798983
41142,0.046023563
41143,0.040321812
41144,0.30895412
41145,0.040757325
41146,0.3860781
41147,0.0854366
41148,0.092617534
41149,0.045065433
41150,0.042611554
41151,0.0523254
41152,0.018968357
41153,0.01783841
41154,0.06454378
41155,0.040089723
41156,0.060993295
41157,0.049081158
41158,0.07921205
41159,0.10482706
41160,0.32614973
41161,0.050355695
41162,0.021801138
41163,0.066217825
41164,0.014518261
41165,0.03382256
41166,0.06744835
41167,0.046258077
41168,0.09805245
41169,0.0365478
41170,0.082379535
41171,0.034065295
41172,0.048168104
41173,0.017799461
41174,0.10536119
41175,0.05623186
41176,0.027098566
41177,0.02149571
41178,0.02909406
41179,0.048391826
41180,0.05862074
41181,0.09574923
41182,0.07604027
41183,0.21515618
41184,0.095643535
41185,0.14900495
41186,0.011542031
41187,0.06937275
41188,0.045135412
41189,0.03650119
41190,0.06879246
41191,0.026886065
41192,0.020916449
41193,0.04287242
41194,0.044701237
41195,0.026746197
41196,0.04595427
41197,0.007432431
41198,0.057514027
41199,0.031857092
41200,0.08100712
41201,0.04909738
41202,0.10202016
41203,0.39548454
41204,0.078157805
41205,0.08681494
41206,0.048665836
41207,0.05980051
41208,0.055570327
41209,0.06764571
41210,0.045396503
41211,0.008982526
41212,0.23079535
41213,0.054029938
41214,0.065240085
41215,0.048111252
41216,0.0629448
41217,0.023186948
41218,0.032943245
41219,0.19062406
41220,0.05273945
41221,0.037487257
41222,0.08050585
41223,0.5114829
41224,0.06826868
41225,0.012973959
41226,0.082349576
41227,0.04804483
41228,0.15964977
41229,0.23581529
41230,0.053748664
41231,0.019488268
41232,0.04126864
41233,0.041239735
41234,0.079698935
41235,0.11983194
41236,0.03515668
41237,0.21431741
41238,0.07170672
41239,0.058167953
41240,0.013293025
41241,0.01903638
41242,0.045009684
41243,0.05417214
41244,0.013306657
41245,0.09233399
41246,0.11463101
41247,0.114049785
41248,0.06427126
41249,0.027711008
41250,0.08286693
41251,0.1331519
41252,0.22406045
41253,0.047039058
41254,0.042310648
41255,0.008723397
41256,0.050871495
41257,0.381275
41258,0.24185808
41259,0.3322427
41260,0.1385125
41261,0.0120099
41262,0.011234847
41263,0.034067545
41264,0.044911407
41265,0.30234396
41266,0.22456963
41267,0.059382867
41268,0.064540386
41269,0.118178
41270,0.110798135
41271,0.10194889
41272,0.1627786
41273,0.23251253
41274,0.065760985
41275,0.04237904
41276,0.07823536
41277,0.045282196
41278,0.18071702
41279,0.702838
41280,0.03784907
41281,0.3267577
41282,0.04013751
41283,0.17108868
41284,0.01182866
41285,0.042805705
41286,0.059924506
41287,0.014359246
41288,0.035391003
41289,0.34703287
41290,0.034040917
41291,0.057198998
41292,0.15672754
41293,0.10865923
41294,0.17077442
41295,0.2367106
41296,0.1696392
41297,0.023932308
41298,0.22280717
41299,0.07861591
41300,0.09766635
41301,0.6738546
41302,0.35347155
41303,0.25609717
41304,0.021993566
41305,0.17918588
41306,0.049134687
41307,0.023317568
41308,0.044818275
41309,0.02650426
41310,0.04606341
41311,0.07395788
41312,0.069715045
41313,0.08073322
41314,0.068119414
41315,0.10044954
41316,0.08089299
41317,0.024173616
41318,0.086074285
41319,0.30115247
41320,0.017516995
41321,0.044562817
41322,0.70340234
41323,0.70003223
41324,0.4183977
41325,0.070233256
41326,0.36483306
41327,0.067377016
41328,0.051180843
41329,0.045661457
41330,0.053500164
41331,0.041203722
41332,0.010700968
41333,0.31056702
41334,0.016050788
41335,0.025157684
41336,0.07951211
41337,0.08155545
41338,0.042305555
41339,0.04120348
41340,0.106112875
41341,0.06777651
41342,0.02208025
41343,0.099836
41344,0.081871614
41345,0.07889126
41346,0.7068347
41347,0.68212545
41348,0.3986928
41349,0.048536204
41350,0.022010762
41351,0.0078060525
41352,0.32571217
41353,0.07693076
41354,0.22427498
41355,0.03480191
41356,0.07512713
41357,0.017642165
41358,0.07497969
41359,0.08085761
41360,0.11399967
41361,0.14399534
41362,0.37701374
41363,0.33603173
41364,0.101490565
41365,0.10265638
41366,0.06448753
41367,0.048486598
41368,0.085686915
41369,0.03407248
41370,0.027650526
41371,0.021361778
41372,0.10569848
41373,0.11056273
41374,0.052660804
41375,0.082620054
41376,0.02208025
41377,0.71338654
41378,1.0013433
41379,0.6814914
41380,0.041528244
41381,0.10351151
41382,0.3362771
41383,0.01555418
41384,0.014672884
41385,0.028473599
41386,0.0757253
41387,0.03999032
41388,0.3089561
41389,0.6359146
41390,0.055582356
41391,0.07818239
41392,0.06708411
41393,0.11962055
41394,0.056774396
41395,0.10222881
41396,0.07866347
41397,0.031451724
41398,0.076919265
41399,0.08167258
41400,0.08174531
41401,0.040653262
41402,0.26653245
41403,0.24748383
41404,0.11800976
41405,0.058763634
41406,0.083723575
41407,0.05773381
41408,0.23004624
41409,0.021420643
41410,0.03431784
41411,0.03640061
41412,0.014209902
41413,0.017316071
41414,0.03407101
41415,0.03534829
41416,0.21650796
41417,0.41852307
41418,0.16938679
41419,0.15374772
41420,0.08674822
41421,0.136428
41422,0.11420751
41423,0.37938765
41424,0.047690827
41425,0.027140442
41426,0.11175535
41427,0.12620641
41428,0.19278054
41429,0.37813404
41430,0.23369609
41431,0.1193576
41432,0.9915005
41433,0.10405032
41434,0.017406335
41435,0.09641392
41436,0.13110635
41437,0.019211754
41438,0.045520768
41439,0.3926514
41440,0.047980417
41441,0.030677296
41442,0.030301433
41443,0.038549352
41444,0.1029549
41445,0.31599486
41446,0.23845857
41447,0.27280208
41448,0.23811668
41449,0.113314025
41450,0.11282813
41451,0.23024689
41452,0.02189911
41453,0.119448006
41454,0.06083768
41455,0.04241063
41456,0.3512508
41457,0.22593854
41458,0.04520355
41459,0.31012702
41460,0.30866575
41461,0.06513857
41462,0.0844149
41463,0.06545783
41464,0.013670979
41465,0.024381652
41466,0.046133596
41467,0.07101069
41468,0.06725408
41469,0.095864095
41470,0.33668855
41471,0.5962385
41472,0.3274577
41473,0.17167535
41474,0.37848806
41475,0.07491237
41476,0.017181909
41477,0.058676507
41478,0.057720598
41479,0.102565944
41480,0.22429289
41481,0.051879253
41482,0.023215968
41483,0.050274123
41484,0.10513689
41485,0.03845156
41486,0.07921566
41487,0.019527188
41488,0.013776154
41489,0.03286125
41490,0.018185422
41491,0.019837674
41492,0.010939822
41493,0.02686064
41494,0.05479486
41495,0.046348438
41496,0.06194397
41497,0.22152911
41498,0.13755283
41499,0.2810828
41500,0.42006254
41501,0.4152951
41502,0.18987496
41503,0.08623806
41504,0.042100806
41505,0.08647237
41506,0.013660018
41507,0.027152387
41508,0.6313119
41509,0.041350428
41510,0.048094198
41511,0.041576173
41512,0.1337969
41513,0.040518876
41514,0.014833136
41515,0.037540466
41516,0.013555655
41517,0.024035184
41518,0.067192666
41519,0.08060387
41520,0.3833278
41521,0.32512915
41522,0.16501856
41523,0.68763286
41524,0.24200949
41525,0.2841685
41526,0.11112556
41527,0.03398836
41528,0.02807498
41529,0.027912186
41530,0.040547512
41531,0.036633804
41532,0.051731426
41533,0.37308154
41534,0.07706544
41535,0.30875722
41536,0.025060592
41537,0.081717364
41538,0.102827296
41539,0.104232915
41540,0.12853095
41541,0.038356677
41542,0.034776665
41543,0.112225525
41544,0.60595423
41545,0.30892023
41546,0.41571012
41547,0.29885602
41548,0.18625891
41549,0.120793
41550,0.067036964
41551,0.034688327
41552,0.021623343
41553,0.011727116
41554,0.030671788
41555,0.102016754
41556,0.097603686
41557,0.06555117
41558,0.17005432
41559,0.058157675
41560,0.22965664
41561,0.033775255
41562,0.0089125
41563,0.086563356
41564,0.11088982
41565,0.026548825
41566,0.0025128997
41567,0.18208754
41568,0.13698877
41569,0.05612144
41570,0.078227
41571,0.07646775
41572,0.06301673
41573,0.031433217
41574,0.09625542
41575,0.08389007
41576,0.034426868
41577,0.008846428
41578,0.08531526
41579,0.0110334065
41580,0.078417696
41581,0.02761604
41582,0.09636108
41583,0.029071948
41584,0.0363737
41585,0.0073832534
41586,0.03409553
41587,0.15656891
41588,0.24636482
41589,0.41745532
41590,0.08741899
41591,0.0168468
41592,0.023313463
41593,0.04494229
41594,0.013730036
41595,0.05270014
41596,0.11199774
41597,0.013260344
41598,0.023163762
41599,0.016901342
41600,0.010757261
41601,0.02287332
41602,0.0591597
41603,0.072270915
41604,0.3264547
41605,0.012847363
41606,0.01515554
41607,0.026576322
41608,0.0570522
41609,0.07575835
41610,0.33750808
41611,0.1980323
41612,0.011465862
41613,0.15292656
41614,0.03104738
41615,0.013659062
41616,0.05895289
41617,0.10193648
41618,0.043781158
41619,0.17879951
41620,0.0135055985
41621,0.014987096
41622,0.022462174
41623,0.10341407
41624,0.050523676
41625,0.03351503
41626,0.015348759
41627,0.023607587
41628,0.04853352
41629,0.24593979
41630,0.026127484
41631,0.010943646
41632,0.016350752
41633,0.0238774
41634,0.048239417
41635,0.22110845
41636,0.049496572
41637,0.22543247
41638,0.077755034
41639,0.013641284
41640,0.03988963
41641,0.04148082
41642,0.023617014
41643,0.31869933
41644,0.22617882
41645,0.01559972
41646,0.06558671
41647,0.04222302
41648,0.010175681
41649,0.2484073
41650,0.45300296
41651,0.093677886
41652,0.0759099
41653,0.012829026
41654,0.06894043
41655,0.040984903
41656,0.035839964
41657,0.07252773
41658,0.06564175
41659,0.081485085
41660,0.9762457
41661,0.059558637
41662,0.065163985
41663,0.06281524
41664,0.11888189
41665,0.31231502
41666,0.05656816
41667,0.11778351
41668,0.061575305
41669,0.021874674
41670,0.06457961
41671,0.024163743
41672,0.022200089
41673,0.04524398
41674,0.047758795
41675,0.022536023
41676,0.046294384
41677,0.011956485
41678,0.22985941
41679,0.029270787
41680,0.034807384
41681,0.013744538
41682,0.028317407
41683,0.065668605
41684,0.087347575
41685,0.044742834
41686,0.6099801
41687,0.0522007
41688,0.08150359
41689,0.041042533
41690,0.031584434
41691,0.03740548
41692,0.040178053
41693,0.012126621
41694,0.013864242
41695,0.2584219
41696,0.022462174
41697,0.009001061
41698,0.07988758
41699,0.09034052
41700,0.034505565
41701,0.04007091
41702,0.23031688
41703,0.036923867
41704,0.026152726
41705,0.23206288
41706,0.048928022
41707,0.01379993
41708,0.01386262
41709,0.053751383
41710,0.10555906
41711,0.0786491
41712,0.062480815
41713,0.05063686
41714,0.04404601
41715,0.1529805
41716,0.15919355
41717,0.013010508
41718,0.011180928
41719,0.010390514
41720,0.01767966
41721,0.013183633
41722,0.008806735
41723,0.01357853
41724,0.021520192
41725,0.044907168
41726,0.042995274
41727,0.086526945
41728,0.103440635
41729,0.23421001
41730,0.01799708
41731,0.011089638
41732,0.01540912
41733,0.017097685
41734,0.013541334
41735,0.026497876
41736,0.003475611
41737,0.012537617
41738,0.007749243
41739,0.04665439
41740,0.023625383
41741,0.040365484
41742,0.013382142
41743,0.08045823
41744,0.041696515
41745,0.026488844
41746,0.06735066
41747,0.009989218
41748,0.23825072
41749,0.0488481
41750,0.051760998
41751,0.055171542
41752,0.06787492
41753,0.022065898
41754,0.0655866
41755,0.013379721
41756,0.07989144
41757,0.10335686
41758,0.015042129
41759,0.011184147
41760,0.026810413
41761,0.027274469
41762,0.0113577545
41763,0.023899635
41764,0.0226205
41765,0.06325529
41766,0.047732092
41767,0.02683939
41768,0.1485114
41769,0.021682004
41770,0.024338443
41771,0.04265835
41772,0.027585834
41773,0.23630294
41774,0.109767
41775,0.017026605
41776,0.0765291
41777,0.0190692
